x,pdf_k1,cdf_k1,pdf_k2,cdf_k2,pdf_k3,cdf_k3,pdf_k5,cdf_k5,pdf_k10,cdf_k10
0.01,3.9695254747701174,0.07965567455405799,0.49750623959634116,0.004987520807317688,0.03969525474770119,0.0002651650586556101,0.00013231751582567066,5.300270042686517e-07,1.2955891656154776e-11,2.593339189839545e-14
0.019999999999999997,2.792879016972343,0.11246291601828487,0.49502491687458405,0.009950166250831942,0.05585758033944683,0.0007477553393911971,0.00037238386892964563,2.9876015319065897e-06,2.0626038203107642e-10,8.264185641806456e-13
0.03,2.2690027447147854,0.1375097698640784,0.4925559698015313,0.01488806039693734,0.06807008234144357,0.0013696051811913172,0.0006807008234144354,8.203534362447038e-06,1.0389852488001057e-09,6.249529730208988e-12
0.039999999999999994,1.9552134698772798,0.15851941887820603,0.4900993366533776,0.019801326693244692,0.07820853879509117,0.0021023412880236936,0.0010427805172678816,1.6780253487930203e-05,3.267328911022521e-09,2.6226009622220462e-11
0.049999999999999996,1.7400739347725864,0.17693672624187864,0.4876549560141663,0.02469008797166733,0.0870036967386293,0.002929332764619924,0.0014500616123104867,2.9209539998950114e-05,7.937092383043059e-09,7.970282082925825e-11
0.05999999999999999,1.5805404178559017,0.19350405949265992,0.4852227667742541,0.029554466451491814,0.09483242507135407,0.003839209349951741,0.001896648501427079,4.5912347097578534e-05,1.6376268378631083e-08,1.9750202353092854e-10
0.06999999999999999,1.4559978676709573,0.2086632198993396,0.48280270812878323,0.03439458374243352,0.101919850736967,0.004823518425405577,0.0023781298505292283,6.725872434711964e-05,3.018774224523982e-08,4.2510610451773986e-10
0.07999999999999999,1.3551684838810791,0.22270258921047842,0.4803947195761616,0.039210560847676774,0.1084134787104863,0.005875631789505825,0.0028910260989462987,9.357959161322665e-05,5.124210342145733e-08,8.253708692536276e-10
0.08999999999999998,1.2712927182017473,0.2358228443779052,0.4779987409165499,0.04400251816690008,0.1144163446381572,0.006990155101590817,0.0034324903391447156,0.00012517442330138974,8.167056612378871e-08,1.4811669957324479e-09
0.09999999999999998,1.2000389484301361,0.2481703659541507,0.47561471225035706,0.04877057549928597,0.12000389484301362,0.00816257626812351,0.004000129828100452,0.0001623166119226149,1.2385799798186358e-07,2.4979513360065075e-09
0.10999999999999997,1.1384855603463924,0.2598558641954251,0.47324257397674196,0.053514852046516126,0.1252334116381031,0.009389040919218954,0.004591891760063777,0.00020525739909139687,1.8043605535399664e-07,4.006269038520262e-09
0.11999999999999998,1.0845804551098632,0.2709655104611961,0.4708822667921244,0.05823546641575128,0.1301496546131836,0.010666201234828808,0.005205986184527345,0.0002542288657741236,2.5427642406774704e-07,6.164187551765596e-09
0.12999999999999998,1.0368340433091174,0.2815679610896611,0.46853373168870177,0.06293253662259657,0.13478842563018528,0.011991109829290518,0.005840831777308029,0.00030944627467446444,3.4848416434273475e-07,9.15966355728422e-09
0.13999999999999999,0.9941351606919725,0.29171898770939725,0.46619690995297414,0.06760618009405177,0.1391789224968761,0.013361142715645084,0.0064950163831875496,0.00037110994926998673,4.6639115866545397e-07,1.3212843867678459e-08
0.15,0.9556356663033966,0.3014646416966614,0.4638717431642765,0.07225651367144709,0.1433453499455095,0.014773941805642343,0.007167267497275473,0.0004394068110914006,6.115496613982153e-07,1.8578301313050383e-08
0.15999999999999998,0.9206753507583084,0.3108434832206483,0.46155817319331793,0.0768836536133642,0.14730805612132936,0.016227370977989684,0.00785642965980423,0.0005145116583812261,7.877259489165954e-07,2.5547206627172506e-08
0.16999999999999998,0.8887315014175833,0.3198881923207119,0.4592561422007287,0.08148771559854265,0.15108435524098915,0.017719481838733623,0.008561446796989385,0.0005965882447548562,9.98894069081954e-07,3.444943733269816e-08
0.18,0.859384091349136,0.32862675945912734,0.4569655926356141,0.08606881472877174,0.1546891364428445,0.019248486573438504,0.009281348186570667,0.000685790200297177,1.2492296888676092e-06,4.5655624612844287e-08
0.18999999999999997,0.8322911747006729,0.33708338248389325,0.4546864672341157,0.09062706553176852,0.1581353231931278,0.020812736097637674,0.010015237135564757,0.0007822618265081512,1.5431040389691954e-06,5.957913914522692e-08
0.19999999999999998,0.8071711293576811,0.345279153981423,0.4524187090179798,0.0951625819640404,0.16143422587153622,0.022410702238350604,0.010762281724769078,0.0008861387888124423,1.8850779542415819e-06,7.6678016861893e-08
0.20999999999999996,0.7837896022912444,0.3532325959945318,0.4501622612931328,0.09967547741373436,0.16459581648116128,0.024040963032209286,0.011521707153681282,0.0009975487248466937,2.279896008816399e-06,9.745682558807356e-08
0.21999999999999997,0.7619497526379121,0.36096008162852505,0.4479170676482641,0.1041658647034717,0.1676289455803406,0.025702190467843906,0.012292789342558305,0.0011166117827272832,2.732480744765925e-06,1.2246847350078584e-07
0.22999999999999998,0.7414848507380214,0.36847617150937567,0.44568307195341567,0.10863385609316865,0.1705415156697449,0.02739314016988591,0.013074849534680445,0.0012434411005250155,3.2479269931905145e-06,1.5231596033712143e-07
0.23999999999999996,0.7222525887300633,0.3757938852335942,0.4434602183585788,0.11307956328284248,0.17334062129521516,0.029112642643163742,0.013867249703617211,0.0013781432359293085,3.831496286618118e-06,1.87654072270892e-07
0.24999999999999997,0.7041306535285992,0.38292492254802607,0.4412484512922977,0.11750309741540454,0.17603266338214973,0.03085959578372673,0.014669388615179144,0.0015208185533684385,4.488611361615981e-06,2.291910213652409e-07
0.25999999999999995,0.6870132437965479,0.3898798452024923,0.43904771546028065,0.12190456907943865,0.17862344338710243,0.032632958428287534,0.01548069842688221,0.001671561574523103,5.224850750525446e-06,2.776900304978949e-07
0.26999999999999996,0.6708083017516222,0.3966682277081336,0.4368579558440172,0.12628408831196555,0.18111824147293798,0.03443174476225758,0.016300641732564413,0.0018304612971287311,6.045943461242188e-06,3.339708646448761e-07
0.27999999999999997,0.6554352925487376,0.4032987832706437,0.43467911769940293,0.13064176460119417,0.1835218819136465,0.03625501944335072,0.017128708978606997,0.0019976014861367132,6.957763743975101e-06,3.989113093978042e-07
0.29,0.6408234075853723,0.4097794697254469,0.43251114655537065,0.13497770688925867,0.18583878819975794,0.03810189332593097,0.017964416192643266,0.002173060940644429,7.966325943927833e-06,4.7344859757927e-07
0.3,0.6269100992275208,0.416117579229635,0.4303539882125289,0.1392920235749422,0.1880730297682562,0.039971519693122404,0.018807302976825622,0.0023569137394711423,9.077779438858015e-06,5.585807848102754e-07
0.30999999999999994,0.6136398769973253,0.42231981465912666,0.4282075887418068,0.14358482251638643,0.1902283618691708,0.041863090920785016,0.019656930726480976,0.0025492294678230434,1.0298403660479732e-05,6.553680748733527e-07
0.31999999999999995,0.6009633117745675,0.4283923550466686,0.4260718944831057,0.14785621103378868,0.19230825976786153,0.04377583551094533,0.020512881041905216,0.002750073427134872,1.1634603198685315e-05,7.6493409570464e-07
0.32999999999999996,0.5888362067923555,0.4343409119259614,0.42394685204395793,0.15210629591208416,0.1943159482414773,0.04570901544300687,0.021374754306562493,0.0029595068298818574,1.3092902987573493e-05,8.884671268380535e-07
0.33999999999999997,0.5772189033577122,0.44017077808292304,0.42183240829819185,0.1563351834036163,0.1962544271416221,0.04766192379967878,0.022242168409383846,0.0031775869809110993,1.4679943572280517e-05,1.027221279114585e-06
0.35,0.5660756961414721,0.44588686993055454,0.41972851038460374,0.1605429792307926,0.1981264936495152,0.04963388263152404,0.023114757592443434,0.0034043674466371103,1.6402476455622263e-05,1.1825176274597917e-06
0.35999999999999993,0.5553743381529996,0.4514937644998529,0.41763510570563606,0.16472978858872797,0.1999347617350798,0.051624241029693284,0.023992171408209566,0.003639898213274131,1.8267359523564484e-05,1.3557452975226637e-06
0.36999999999999994,0.545085619568172,0.45699573186150116,0.4155521419260629,0.1688957161478743,0.2016816792402236,0.053632373381053845,0.0248740737729609,0.003884225835132025,2.0281552548549248e-05,1.5483625069592633e-06
0.37999999999999995,0.5351830077202216,0.46239676365111404,0.4134795669716812,0.17304086605663763,0.20336954293368423,0.05565767778374551,0.02576014210493333,0.004137393573878843,2.245211276971515e-05,1.7618975621349259e-06
0.38999999999999996,0.5256423380157818,0.4677005982566769,0.4114173290280092,0.17716534194398156,0.20500051182615486,0.057699574604367275,0.026650066537400117,0.004399441529567047,2.4786190549059526e-05,1.9979498110091386e-06
0.39999999999999997,0.5164415474672783,0.47291074313446196,0.40936537653899097,0.1812692469220181,0.20657661898691135,0.05975750516063925,0.027543549198254844,0.00467040676412957,2.7291025102599358e-05,2.2581905529578234e-06
0.4099999999999999,0.5075604440596888,0.4780304946445406,0.4073236582057073,0.1853526835885855,0.20809978206447236,0.06183093051559588,0.028440303548811222,0.0049503234179734314,2.9973940305599374e-05,2.544363906278323e-06
0.41999999999999993,0.49898050638604785,0.48306295573551006,0.4052921229850936,0.18941575402981287,0.20957181268214004,0.06391933037122999,0.029340053775499603,0.005239222820230776,3.284234057094331e-05,2.858287634113208e-06
0.42999999999999994,0.49068470896087935,0.48801105175743525,0.40327072008866344,0.19345855982267313,0.21099442485317807,0.06602220205107912,0.03024253422895552,0.005537133593168059,3.5903706799735484e-05,3.2018539295195987e-06
0.43999999999999995,0.4826573694063545,0.49287754464017475,0.40125939898123925,0.19748120203752145,0.21236924253879594,0.068139059562583,0.031147488905690066,0.005844081751202837,3.9165592403228776e-05,3.5770301604020018e-06
0.44999999999999996,0.4748840143425756,0.4976650456394979,0.39925810937968853,0.20148378124062305,0.21369780645415898,0.07026943273118003,0.03205467096812383,0.006160090794932318,4.26356193951845e-05,3.985859575017252e-06
0.45999999999999996,0.4673512613318554,0.5023760268243925,0.397266801251667,0.20546639749666598,0.21498158021265348,0.07241286639908552,0.03296384229927354,0.006485181800538445,4.632147455377822e-05,4.430461968751497e-06
0.4699999999999999,0.46004671465119623,0.5070128314546563,0.3952854248143678,0.20942915037126447,0.2162219558860622,0.07456891968253208,0.0338747730888164,0.006819373504899302,5.023090565217705e-05,4.9130343128604425e-06
0.4799999999999999,0.4529588730160746,0.5115776833774064,0.39331393053327673,0.21337213893344656,0.2174202590477158,0.07673716528197491,0.03478724144763452,0.007162682386705819,5.437171775692011e-05,5.435851345854986e-06
0.48999999999999994,0.4460770476668019,0.5160726955538539,0.39135226912093407,0.21729546175813177,0.2185777533567329,0.07891718884038822,0.03570103304826636,0.007515122743855462,5.8751769593245475e-05,6.001266128206078e-06
0.49999999999999994,0.43939128946772243,0.5204998778130466,0.38940039153570244,0.22119921692859507,0.2196956447338612,0.08110858834532414,0.03661594078897687,0.007876706767370404,6.337896997651404e-05,6.611710561034244e-06
0.5099999999999999,0.43289232386855236,0.5248611439167962,0.3874582489805405,0.22508350203891905,0.2207750851729617,0.08331097357087272,0.03753176447940348,0.00824744461206577,6.826127430889059e-05,7.26969586944002e-06
0.5199999999999999,0.42657149274354833,0.5291583180093685,0.3855257929017832,0.22894841419643358,0.22181717622664512,0.08552396555607832,0.03844831054595181,0.008627344464174626,7.340668114045211e-05,7.977813051124328e-06
0.5299999999999999,0.420420702263828,0.5333931405163824,0.38360297498792784,0.23279405002414438,0.22282297219982877,0.08774719611672492,0.03936539175530308,0.009016412606118747,7.882322879389881e-05,8.738733290938382e-06
0.5399999999999999,0.4144323760757415,0.5375672735495237,0.38168974716842663,0.23662050566314674,0.2237934830809004,0.08998030738772299,0.040282826954562055,0.0094146534785988,8.45189920520565e-05,9.555208341995515e-06
0.5499999999999999,0.4085994131575597,0.5416823058669205,0.37978606161248424,0.2404278767750315,0.22472967723665782,0.09222295139360485,0.0412004408267206,0.009822069740163664,9.050207890736287e-05,1.043007087396855e-05
0.5599999999999999,0.40291514981097665,0.545739757433181,0.3778918707278628,0.24421625854427442,0.2256324838941469,0.09447478964488742,0.04211806366024075,0.010238662324405902,9.67806273725437e-05,1.1366234789188552e-05
0.57,0.39737332531557507,0.5497410836180282,0.3760071271596913,0.2479857456806173,0.22650279542987778,0.09673549275827271,0.043035531131676776,0.010664430494919143,0.00010336280235168809,1.2366695507153185e-05
0.58,0.3919680508355191,0.5536876790680574,0.37413178378928263,0.2517364324214347,0.2273414694846011,0.09900474009885517,0.04395268410035619,0.01109937189814276,0.00011025679257094481,1.3434530218044407e-05
0.59,0.38669378122003256,0.5575808812823103,0.37226579373295465,0.2554684125340907,0.22814933091981915,0.10128221944267206,0.0448693684142311,0.011543482614209847,0.0001174708075680663,1.4572898105848036e-05
0.5999999999999999,0.3815452893840931,0.5614219739190003,0.37040911034085894,0.25918177931828207,0.2289271736304558,0.10356762665808854,0.045785434726091145,0.011996757205906265,0.00012501307474003967,1.578504054165997e-05
0.6099999999999999,0.3765176429943745,0.5652121898577818,0.3685616871958139,0.2628766256083722,0.22967576222656835,0.10586066540464494,0.04670073831940221,0.012459188765840451,0.00013289183644804605,1.7074281247755705e-05
0.6199999999999999,0.3716061832187709,0.56895271403939,0.3667234781121447,0.2665530437757107,0.23039583359563792,0.10816104684811394,0.04761513894309849,0.012930768961916958,0.0001411153471790022,1.84440264329933e-05
0.6299999999999999,0.36680650532663805,0.5726446861021922,0.3648944371345284,0.27021112573094314,0.23108809835578195,0.11046848939062848,0.04852850065471418,0.013411488081200082,0.00014969187076294707,1.9897764900111382e-05
0.6399999999999999,0.36211444095185347,0.5762892028332064,0.36307451853684547,0.2738509629263089,0.2317532422091862,0.11278271841483423,0.04944069167129306,0.01390133507224813,0.00015862967764553802,2.1439068125477037e-05
0.6499999999999999,0.35752604185249726,0.5798873204493599,0.36126367682103616,0.2774726463579278,0.2323919272041232,0.1151034660411136,0.05035158422756,0.014400297585993583,0.00016793704221493497,2.3071590311831836e-05
0.6599999999999999,0.3530375650198522,0.5834400567232089,0.3594618667159631,0.28107626656807383,0.2330047929131024,0.11743047089700415,0.05126105444088251,0.014908362015239152,0.00017762224018235873,2.4799068414574696e-05
0.6699999999999999,0.3486454590059228,0.5869483929659447,0.35766904317627995,0.28466191364744,0.23359245753396826,0.11976347789800822,0.05216898218258621,0.015425513532835774,0.00018769354601561036,2.662532214211664e-05
0.6799999999999999,0.34434635135310354,0.5904132758792744,0.3558851613813049,0.2882296772373903,0.23415551892011038,0.12210223803905372,0.053075250955224994,0.015951736128603622,0.00019815923042485294,2.8554253930832055e-05
0.69,0.3401370370222811,0.5938356192866739,0.35411017673390005,0.29177964653219995,0.2346945555453739,0.12444650819592623,0.05397974777543599,0.016487012645054228,0.00020902755789996576,3.058984889512638e-05
0.7,0.3360144677267704,0.5972163057535244,0.3523440448593567,0.2953119102812865,0.23521012740873926,0.12679605093604587,0.05488236306203915,0.01703132481196757,0.00022030678429878006,3.273617475313252e-05
0.7099999999999999,0.3319757420892662,0.6005561881047655,0.3505867216042862,0.2988265567914275,0.23570277688337898,0.12915063433800772,0.05578299052906633,0.01758465327987504,0.0002320051544855189,3.4997381728540735e-05
0.7199999999999999,0.32801809654761976,0.6038560908479258,0.3488381630355155,0.3023236739289689,0.23617302951428618,0.13151003181935353,0.05668152708342866,0.01814697765249618,0.00024413090001877488,3.737770242906172e-05
0.7299999999999999,0.3241388969428708,0.607116811508669,0.34709832543898944,0.30580334912202106,0.23662139476829566,0.1338740219720779,0.05757787272695194,0.018718276518174086,0.0002566922368883553,3.988145170201391e-05
0.7399999999999999,0.32033563072971166,0.610339121885385,0.34536716531867734,0.3092656693626454,0.2370483667399866,0.13624238840541206,0.05847193046253,0.019298527480351994,0.0002696973633003404,4.2513026467520935e-05
0.7499999999999999,0.31660589975553943,0.6135237692287674,0.3436446393954861,0.3127107212090278,0.23745442481665455,0.13861491959545827,0.05936360620416362,0.019887707187131048,0.000283154457509708,4.5276905529798394e-05
0.7599999999999999,0.31294741355956474,0.6166714773518218,0.3419307046061779,0.31613859078764406,0.2378400343052692,0.14099140874128324,0.060252808690668166,0.020485791359946888,0.0002970716756998778,4.8177649367001255e-05
0.7699999999999999,0.3093579831481694,0.6197829476752815,0.34022531810229384,0.3195493637954124,0.23820564702409047,0.1433716536271006,0.061139449402849884,0.02109275482140089,0.0003114571499085409,5.1219899900099756e-05
0.7799999999999999,0.30583551520691477,0.6228588602129913,0.3385284372490823,0.3229431255018353,0.2385517018613935,0.14575545649020424,0.06202344248396229,0.021708571522279695,0.0003263189859991474,5.440838024124117e-05
0.7899999999999999,0.30237800671335974,0.6258998745014417,0.33684001962443383,0.3263199607511323,0.23887862530355417,0.1481426238943335,0.06290470466326924,0.022333214567794992,0.00034166526167742886,5.774789442205304e-05
0.7999999999999999,0.298983539918205,0.6289066304773024,0.33516002301781966,0.32967995396436056,0.239186831934564,0.15053296660817445,0.06378315518255039,0.022966656243073723,0.00035750402455234087,6.124332710233369e-05
0.8099999999999998,0.29565027766528323,0.6318797493064807,0.33348840542923724,0.33302318914152557,0.23947672490887933,0.1529262994887223,0.06465871572539739,0.023608868037927496,0.00037384329024081343,6.489964325957263e-05
0.8199999999999998,0.2923764590236104,0.6348198341679665,0.33182512506815975,0.3363497498636805,0.2397486963993605,0.15532244136924536,0.06553131034915852,0.02425982067092827,0.00039069104051571955,6.872188785973352e-05
0.8299999999999998,0.2891603952071309,0.6377274709954482,0.3301701403524915,0.33965971929501715,0.2400031280219186,0.15772121495161104,0.06640086541939746,0.02491948411281617,0.0004080552214964471,7.271518550973149e-05
0.8399999999999999,0.2860004657599595,0.6406032291794805,0.3285234099075284,0.34295318018494314,0.2402403912383659,0.16012244670274875,0.06726730954674244,0.025587827609263904,0.00042594374188150645,7.688474009202701e-05
0.8499999999999999,0.28289511498688397,0.6434476622327395,0.32688489256492365,0.3462302148701526,0.24046084773885132,0.16252596675503697,0.06813057352600786,0.026264819703021285,0.00044436447122257386,8.123583438175248e-05
0.8599999999999999,0.2798428486106487,0.6462613084207341,0.3252545473616583,0.34949090527668336,0.24066484980515782,0.16493160881041868,0.06899059027747857,0.026950428255461577,0.00046332523823940965,8.577382964678463e-05
0.8699999999999999,0.2768422306391353,0.6490446913601542,0.3236323335390173,0.3527353329219653,0.24085274065604767,0.16733921004805907,0.06984729479025381,0.02764462046755143,0.000482833829175067,9.05041652311685e-05
0.8799999999999999,0.27389188042699014,0.6517983205868738,0.32201821054157065,0.3559635789168586,0.24102485477575133,0.16974861103537128,0.0707006240675537,0.02834736290026384,0.0005028979861908413,9.543235812229219e-05
0.8899999999999999,0.2709904699175484,0.6545226920954831,0.3204121380161594,0.35917572396768116,0.2411815182266181,0.1721596556422471,0.07155051707389667,0.029058621494453762,0.0005235254058003936,0.0001005640025022067
0.8999999999999999,0.268136721052083,0.6572182888520887,0.3188140758108867,0.3623718483782268,0.2413230489468747,0.1745721909583392,0.07239691468406238,0.029778361590214426,0.0005447237373425064,0.00010590476928348288
0.9099999999999999,0.26532940333447236,0.6598855812819895,0.3172239839741141,0.3655520320517717,0.24144975703436986,0.1769860672132497,0.07323975963375884,0.030506547945731998,0.0005665005814919133,0.0001114604056299835
0.9199999999999998,0.2625673315403502,0.6625250277337339,0.31564182275346303,0.36871635449307405,0.2415619450171222,0.1794011376994897,0.07407899647191744,0.031243144755654827,0.0005888634888076787,0.00011723673446293504
0.9299999999999998,0.2598493635606805,0.6651370749209476,0.31406755259482044,0.37186489481035906,0.24165990811143284,0.18181725869808216,0.07491457151454416,0.03198811566899387,0.0006118199583185834,0.00012323965395266668
0.9399999999999998,0.2571743983705016,0.6677221583432283,0.31250113414135045,0.3749977317172991,0.24174393446827153,0.18423428940668554,0.07574643280005838,0.03274142380656877,0.0006353774361449989,0.00012947513699638672
0.9499999999999998,0.254541374114313,0.670280702687321,0.31094252823251006,0.3781149435349799,0.24181430540859736,0.1866520918701263,0.0765745300460558,0.033503031778014745,0.000659543314156721,0.00013594923068235775
0.9599999999999999,0.25194926630024095,0.6728131222096942,0.3093916959030705,0.3812166081938591,0.2418712956482313,0.18907053091323178,0.07739881460743399,0.034272901698363764,0.0006843249286662466,0.00014266805574082874
0.9699999999999999,0.249397086095729,0.6753198211015754,0.30784859838214257,0.3843028032357149,0.24191517351285713,0.19148947407586125,0.0782192394358238,0.035050995204213765,0.0007097295591570002,0.00014963780598207236
0.9799999999999999,0.24688387871804957,0.6778011938374183,0.30631319709220806,0.3873736058155838,0.2419462011436885,0.1939087915500414,0.07903575904027157,0.03583727346949832,0.0007357644270459821,0.00015686474772188202
0.9899999999999999,0.24440872191344176,0.6802576255077268,0.3047854536481546,0.3904290927036908,0.24196463469430732,0.19632835611911195,0.07984832944912137,0.03663169722086918,0.0007624366944803577,0.00016435521919485932
0.9999999999999999,0.24197072451914337,0.6826894921370859,0.30326532985631677,0.3934693402873665,0.24197072451914337,0.19874804309879912,0.08065690817304777,0.03743422675270361,0.0007897534631674914,0.00017211562995584072
1.0099999999999998,0.2395690251030086,0.6850971609882107,0.30175278771352027,0.39649442457295936,0.24196471535403863,0.20116773028013332,0.08146145416919295,0.038244821941747366,0.0008177217732379366,0.0001801524602697852
1.0199999999999998,0.23720279067579292,0.6874809908527516,0.300247789406133,0.39950442118773394,0.24194684648930873,0.20358729787413432,0.08226192780636493,0.03906344226140448,0.0008463486021408988,0.00018847226049045865
1.0299999999999998,0.23487121547154466,0.689841332329574,0.2987502973091188,0.40249940538176243,0.24191735193569103,0.20600662845819198,0.0830582908312539,0.03989004679568427,0.0008756408635716988,0.00019708165042822923
1.0399999999999998,0.23257351979186822,0.6921785280911571,0.2972602739850972,0.40547945202980556,0.2418764605835429,0.2084256069240716,0.08385050633562817,0.04072459425281526,0.000905605406430758,0.00020598731870729876
1.0499999999999998,0.23030894891012704,0.694492913138746,0.29577768218340755,0.4084446356331848,0.24182439635563344,0.21084412042747924,0.08463853872447169,0.04156704297853596,0.0009362490138136595,0.0002151960221126781
1.0599999999999998,0.22807677203193316,0.6967848150468229,0.29430248483917765,0.41139503032164476,0.24176137835384914,0.21326205833912468,0.08542235368502668,0.0424173509690713,0.0009675784020317992,0.00022471458492721576
1.0699999999999998,0.2258762813085209,0.6990545541974559,0.292834645072397,0.4143307098552062,0.24168762100011731,0.21567931219722133,0.08620191815670847,0.043275475883804364,0.0009996002196631876,0.00023454989825898685
1.0799999999999998,0.22370679089984305,0.7013024440050296,0.2913741261869949,0.4172517476260103,0.2416033341718305,0.21809577566136895,0.08697720030185896,0.04414137505765099,0.0010323210466329513,0.0002447089193593347
1.0899999999999999,0.22156763608444147,0.7035287911318451,0.2899208916699232,0.42015821666015357,0.24150872333204113,0.2205113444677627,0.08774816947730829,0.04501500551314625,0.001065747393323087,0.0002551986709318702
1.0999999999999999,0.21945817241334376,0.7057338956950371,0.2884749051902434,0.4230501896195132,0.24140398965467813,0.22292591638568093,0.08851479620671528,0.045896323972250345,0.0010998856997110281,0.00026602624043270504
1.1099999999999999,0.2173777749054262,0.7079180514652448,0.2870361305982181,0.4259277388035638,0.24128933014502302,0.22533939117519897,0.08927705215365851,0.04678528686788191,0.0011347423345365888,0.0002771987793622211
1.1199999999999999,0.2153258372818497,0.7100815460574301,0.2856045319244075,0.4287909361511851,0.24116493775567163,0.22775167054608692,0.09003491009545071,0.04768185035518547,0.0011703235944968567,0.00028872350254864404
1.13,0.21330177123733698,0.712224661114226,0.2841800733787702,0.43163985324245957,0.24103100149819076,0.2301626581178445,0.09078834389765185,0.04858597032254082,0.0012066357034686151,0.00030060768742370486
1.14,0.21130500574620342,0.7143476724821756,0.28276271934976854,0.43447456130046275,0.2408877065506719,0.23257225938083148,0.09153732848925532,0.04949760240232104,0.0012436848117578646,0.00031285867329066314
1.15,0.20933498640119091,0.7164508503811945,0.2813524344034779,0.4372951311930443,0.2407352343613696,0.23498038165845525,0.09228183983852499,0.05041670198140528,0.001281476995376035,0.00032548386058495806
1.16,0.20739117478327887,0.7185344595675802,0.279949183282701,0.440101633434598,0.24057376274860345,0.2373869340703734,0.09302185492945995,0.05134322421145343,0.0013200182553424794,0.00033849071012775233
1.17,0.20547304786076293,0.7205987594908653,0.27855293090608696,0.4428941381878262,0.24040346599709264,0.2397918274966805,0.0937573517388661,0.052277124018948226,0.0013593145170128385,0.00035188674237263313
1.18,0.20358009741600197,0.722644004444803,0.27716364236725355,0.44567271526549296,0.24022451495088232,0.2421949745430385,0.09448830921401367,0.05321835611501117,0.0013993716294328769,0.0003656795366457228
1.1899999999999997,0.20171182949833083,0.7246704437127489,0.2757812829339149,0.4484374341321701,0.24003707710301364,0.24459628950672188,0.09521470725086202,0.05416687500499777,0.0014401953647174023,0.0003798767303794532
1.1999999999999997,0.19986776390173333,0.7266783217077016,0.2744058180470133,0.4511883639059735,0.23984131668207995,0.24699568834354194,0.09593652667283194,0.05512263499787805,0.0014817914174538706,0.000394486018340255
1.2099999999999997,0.19804743366595506,0.7286678781072344,0.27303721331985475,0.45392557336029055,0.23963739473580564,0.24939308863562337,0.0966537492101082,0.056085590215406954,0.0015241654041302675,0.0004095151518504024
1.2199999999999998,0.19625038459981584,0.7306393479835518,0.2716754345372499,0.45664913092550014,0.23942546921177527,0.2517884095600013,0.09736635747945527,0.057055694601090834,0.0015673228625869453,0.00042497193800425826
1.2299999999999998,0.19447617482555796,0.7325929619288843,0.2703204476546583,0.4593591046906833,0.23920569503543623,0.25418157185801193,0.09807433496452884,0.05803290192895429,0.0016112692514919545,0.0004408642388791559
1.2399999999999998,0.19272437434313658,0.7345289461764293,0.2689722187973373,0.46205556240532525,0.2389782241854893,0.2565724978054506,0.09877766599666889,0.05901716581211284,0.0016560099498395709,0.00045719997074114587
1.2499999999999998,0.19099456461342268,0.7364475227170273,0.26763071425949514,0.4647385714810098,0.2387432057667783,0.25896111118347065,0.09947633573615759,0.06000843971115542,0.0017015502564716024,0.0004739871032458519
1.2599999999999998,0.18928633815935095,0.7383489094117635,0.2662959005034486,0.4674081989931026,0.23850078608078215,0.2613473372501991,0.10017033015392848,0.06100667694234217,0.001747895389621126,0.0004912336586346413
1.2699999999999998,0.18759929818410168,0.7402333201006647,0.26496774415878427,0.4700645116824316,0.23825110869380917,0.2637311027130462,0.10085963601371248,0.062011830685621216,0.001795050486478301,0.000508947710926351
1.2799999999999998,0.1859330582054591,0.7421009647076605,0.26364621202152433,0.4727075759569513,0.23799431450298758,0.2661123357016853,0.10154424085460803,0.06302385399246922,0.001843020602777879,0.0005271373851047768
1.2899999999999998,0.1842872417055367,0.7439520493419663,0.26233127105329646,0.4753374578934069,0.2377305418001423,0.26849096574168185,0.10222413297406115,0.06404269979355952,0.0018918107124080918,0.0005458108563021459
1.2999999999999998,0.18266148179510916,0.7457867763960359,0.261022888380508,0.47795422323898384,0.23745992633364185,0.2708669237287519,0.10289930141124477,0.06506832090626227,0.0019414257070405417,0.0005649763489787864
1.3099999999999998,0.18105542089183135,0.747605344640226,0.2597210312935241,0.4805579374129517,0.23718260136829905,0.273240141903628,0.10356973593082387,0.06610067004198024,0.001991870395780763,0.000584642136099194
1.3199999999999998,0.17946871041166668,0.7494079493143159,0.2584256672458497,0.4831486655083009,0.23689869774340003,0.27561055382751587,0.10423542700709597,0.06713969981332395,0.0020431495048391004,0.0006048165383047077
1.3299999999999998,0.17790101047288506,0.7511947822159954,0.257136763853316,0.4857264722933679,0.23660834392893712,0.2779780943581213,0.10489636580849543,0.06818536274113046,0.002095267677221596,0.0006255079230830001
1.3399999999999999,0.17635198961202625,0.7529660317864618,0.2558542888932712,0.48829142221345756,0.23631166608011514,0.2803426996262313,0.10555254418245139,0.06923761126132859,0.002148229472440525,0.0006467247039345679
1.3499999999999999,0.1748213245112574,0.7547218831932271,0.2545782103037746,0.49084357939245066,0.23600878809019746,0.2827043070128323,0.10620395464058885,0.07029639773165457,0.0022020393662442747,0.0006684753395364284
1.3599999999999999,0.1733086997365854,0.7564625184102596,0.25330849618279483,0.49338300763441034,0.23569983164175612,0.28506285512674706,0.10685059034426275,0.07136167443822154,0.0022567017503662083,0.0006907683329032086
1.3699999999999999,0.1718138074864138,0.7581881162955528,0.25204511478741276,0.49590977042517453,0.23538491625638688,0.28741828378277906,0.10749244509041664,0.0724333936019457,0.0023122209322922467,0.0007136122305458179
1.38,0.1703363473499616,0.7598988526662381,0.2507880345330278,0.4984239309339444,0.23506415934294697,0.289770533980344,0.10812951329775557,0.07351150738483289,0.0023686011350468,0.0007370156216278887
1.39,0.16887602607508687,0.7615949003713202,0.249537223992568,0.5009255520148639,0.23473767624437075,0.2921195478825786,0.10876178999322507,0.07459596789612846,0.0024258464969967642,0.0007609871371201652
1.3999999999999997,0.16743255734508355,0.7632764293621428,0.2482926518957048,0.5034146962085904,0.23440558028311692,0.2944652687959087,0.10938927079878784,0.07568672719833305,0.002483961071673277,0.0007855354489530229
1.4099999999999997,0.16600566156404048,0.7649436067606615,0.24705428712807093,0.5058914257438583,0.23406798280529703,0.29680764115006725,0.11001195191848956,0.07678373731308805,0.0025429488276109014,0.0008106692691672938
1.4199999999999997,0.16459506565037607,0.7665965969256133,0.2458220987304826,0.5083558025390348,0.233724993223534,0.29914661047854507,0.11062983012580604,0.07788695022693297,0.0026028136482039686,0.0008363973490635666
1.4299999999999997,0.16320050283817963,0.7682355615166603,0.24459605589816577,0.5108078882036682,0.23337671905859678,0.3014821233994663,0.11124290275126447,0.07899631789693748,0.002663559331579749,0.0008627284783501367
1.4399999999999997,0.16182171248601082,0.7698606595565836,0.24337612797998587,0.5132477440400285,0.23302326597985556,0.3038141275968724,0.11185116767033064,0.08011179225621105,0.0027251895904882115,0.0008896714842897672
1.4499999999999997,0.16045843989282682,0.7714720474916033,0.2421622844776813,0.5156754310446374,0.23266473784459885,0.3061425718024056,0.11245462329155606,0.08123332521929333,0.002787708052207988,0.0009172352308454435
1.4599999999999997,0.15911043612072218,0.773069879249889,0.24095449504510125,0.5180910099097976,0.2323012367362543,0.3084674057773803,0.11305326854497708,0.08236086868742618,0.0028511182584683684,0.0009454286178252416
1.4699999999999998,0.15777745782418423,0.7746543062983333,0.23975272948744705,0.5204945410251057,0.23193286300155075,0.31078858029523165,0.11364710287075983,0.08349437455371195,0.0029154236653869538,0.000974260580026523
1.4799999999999998,0.15645926708558042,0.776225477697647,0.23855695776051722,0.5228860844789656,0.23155971528665897,0.31310604712432905,0.11423612620808504,0.08463379470815895,0.002980627643422722,0.0010037400863795603
1.4899999999999998,0.15515563125660867,0.777783540155842,0.23736714996995625,0.5252657000600875,0.23118189057234692,0.315419759011148,0.11482033898426561,0.0857790810426168,0.003046733477344243,0.0010338761390907866
1.4999999999999998,0.1538663228054553,0.7793286380801531,0.23618327637050737,0.5276334472589851,0.23079948420818294,0.3177296696637873,0.11539974210409146,0.08693018545560455,0.00311374436621274,0.0010646777727857917
1.5099999999999998,0.15259111916941726,0.7808609136274653,0.23500530736526898,0.5299893852694618,0.23041258994582006,0.32003573373582506,0.11597433693939609,0.08808705985703277,0.0031816634233797518,0.001096154053652225
1.5199999999999998,0.15132980261275805,0.7823805067532853,0.23383321350495465,0.5323335729900907,0.23002129997139223,0.3223379068105006,0.1165441253188387,0.08924965617282328,0.003250493676499112,0.001128314078582748
1.5299999999999998,0.15008216008957695,0.7838875552593254,0.23266696548715673,0.5346660690256866,0.22962570493705267,0.32463614538522,0.11710910951789685,0.09041792634942639,0.003320238067552991,0.0011611669743181716
1.5399999999999998,0.1488479831114825,0.7853821948397348,0.23150653415561406,0.5369869316887719,0.2292258939916831,0.3269304068563686,0.11766929224906393,0.09159182235824072,0.0033908994528917503,0.0011947218965909327
1.5499999999999998,0.14762706761987177,0.7868645591260315,0.2303518904994829,0.5392962190010342,0.22882195481080125,0.32922064950442936,0.11822467665224727,0.09277129619993464,0.0034624806032873207,0.0012289880292690306
1.5599999999999998,0.14641921386262405,0.7883347797307817,0.22920300565261179,0.5415939886947764,0.2284139736256935,0.33150683247939455,0.11877526628536059,0.09395629990867335,0.0035349842039998887,0.001263974583500561
1.5699999999999998,0.14522422627503057,0.7897929862900641,0.22805985089281966,0.5438802982143609,0.22800203525179794,0.33378891578646813,0.11932106511510754,0.09514678555625287,0.003608412854857634,0.001299690796858994
1.5799999999999998,0.14404191336478586,0.7912393065047664,0.22692239764117794,0.5461552047176441,0.22758622311636165,0.3360668602720433,0.11986207750795047,0.09634270525614237,0.003682769070349201,0.0013361459324892982
1.5899999999999999,0.14287208760087863,0.7926738661807524,0.2257906174612961,0.5484187650774078,0.22716661928539703,0.33834062760995837,0.12039830822126037,0.09754401116743763,0.003758055279728819,0.001373349278255063
1.5999999999999999,0.14171456530622395,0.7940967892679317,0.2246644820586108,0.5506710358827782,0.22674330448995828,0.34061018028801504,0.12092976239464442,0.09875065549872633,0.003834273827133623,0.0014113101458867337
1.6099999999999997,0.14056916655388868,0.7955081978982792,0.22354396327967826,0.5529120734406434,0.22631635815176074,0.3428754815947577,0.12145644554144491,0.09996259051186795,0.003911426971713131,0.0014500378701310765
1.6199999999999997,0.13943571506676747,0.7969082124228323,0.22242903311147064,0.5551419337770588,0.22588585840816328,0.3451364956065055,0.1219783635404081,0.10117976852568937,0.003989516887770513,0.0014895418079019995
1.6299999999999997,0.13831403812057316,0.7982969514477003,0.2213196636806756,0.5573606726386486,0.22545188213653422,0.3473931871746316,0.12249552262751685,0.1024021419195978,0.004068545664915448,0.0015298313374328388
1.6399999999999997,0.1372039664500122,0.7996745318691214,0.22021582725299965,0.5595683454940007,0.22501450497802,0.34964552191308146,0.12300792938798422,0.10362966313711301,0.0041485153082284195,0.0015709158574302412
1.6499999999999997,0.13610533415802104,0.801041068907598,0.21911749623247465,0.5617650075350507,0.22457380136073468,0.35189346618612843,0.12351559074840403,0.10486228468932031,0.004229427738436074,0.0016128047862297421
1.6599999999999997,0.13501797862794507,0.8023966761411334,0.21802464316076786,0.5639507136784643,0.22412984452238877,0.3541369870963556,0.12401851396905506,0.10609995915824563,0.0043112847920975675,0.0016555075609531386
1.6699999999999997,0.13394174043854748,0.8037414655376128,0.21693724071649548,0.566125518567009,0.22368270653237415,0.35637605247286475,0.1245167066363549,0.10734263920015481,0.004394088221801597,0.0016990336366678092
1.6799999999999997,0.1328764632817394,0.8050755474863428,0.21585526171453986,0.5682894765709202,0.22323245831332214,0.3586106308596982,0.12501017665546038,0.10859027754877745,0.004477839696373909,0.0017433924855480155
1.6899999999999997,0.1318219938829288,0.8063990308287794,0.2147786791053696,0.5704426417892606,0.22277916966214958,0.3608406915044802,0.1254989322430109,0.10984282701845831,0.004562540801095068,0.0017885935960383743
1.6999999999999997,0.13077818192388818,0.8077120228884802,0.21370746597436338,0.5725850680512732,0.22232290927060983,0.36306620434726056,0.1259829819200122,0.11110024050723617,0.004648193037928332,0.0018346464720195217
1.7099999999999997,0.12974487996804798,0.8090146295002889,0.2126415955411371,0.5747168089177259,0.22186374474536197,0.365287140009565,0.12646233450485628,0.11236247099985244,0.004734797825757312,0.0018815606319761307
1.7199999999999998,0.12872194338812437,0.81030695503879,0.2115810411588744,0.5768379176822512,0.22140174262757378,0.3675034697836423,0.1269369991064756,0.113629471570691,0.004822356500633336,0.0019293456081673343
1.7299999999999998,0.12770923029599493,0.8115891024460475,0.21052577631366062,0.5789484473726786,0.22093696841207122,0.3697151656219051,0.12740698511762769,0.11490119538664963,0.004910870316032203,0.0019780109457996856
1.7399999999999998,0.12670660147474017,0.8128611732586566,0.20947577462381956,0.581048450752361,0.22046948656604792,0.3719222001265606,0.12787230220830778,0.1161775957099452,0.0050003404431201975,0.0020275662022027226
1.7499999999999998,0.1257139203127706,0.8141232676341241,0.20843100983925422,0.5831379803214914,0.21999936054734842,0.37412454653942717,0.12833296031928654,0.11745862590085399,0.005090767971029146,0.0020780209460072438
1.7599999999999998,0.12473105273996368,0.8153754843766005,0.2073914558407907,0.5852170883184187,0.21952665282233608,0.37632217873192836,0.12878896965577047,0.11874423942038723,0.005182153907140291,0.0021293847563263646
1.7699999999999998,0.12375786716573904,0.8166179209619834,0.20635708663952484,0.5872858267209501,0.21905142488335808,0.3785150711952671,0.1292403406811812,0.12003438983290456,0.0052744991773768565,0.0021816672219394833
1.7799999999999998,0.12279423441899995,0.817850673562411,0.20532787637617278,0.5893442472476544,0.21857373726581988,0.38070319903077127,0.1296870841110531,0.12132903080866508,0.005367804626505014,0.00223487794047919
1.7899999999999998,0.12184002768987649,0.8190738370701662,0.20430379932042425,0.5913924013591516,0.21809364956487892,0.38288653794040806,0.13012921090704438,0.12262811612631933,0.005462071018443174,0.0022890265176212328
1.7999999999999998,0.12089512247320493,0.8202875051210002,0.20328482987029955,0.5934303402594009,0.2176112204517688,0.3850650642174625,0.13056673227106128,0.12393159967533998,0.005557299036579312,0.0023441225662776256
1.8099999999999998,0.11995939651368237,0.8214917701169099,0.20227094255150943,0.5954581148969812,0.21712650768976507,0.38723875473737973,0.13099965963949153,0.12523943545839647,0.005653489284096243,0.002400175705792963
1.8199999999999998,0.11903272975263783,0.8226867232483637,0.20126211201681804,0.5974757759663639,0.21663956814980082,0.38940758694876215,0.1314280046775458,0.12655157759367044,0.0057506422843045515,0.0024571955611440263
1.8299999999999996,0.11811500427636284,0.8238724545160123,0.20025831304540948,0.5994833739091812,0.21615045782574396,0.3915715388645243,0.13185177927370376,0.12786798031711682,0.005848758480983121,0.0025151917621427508
1.8399999999999996,0.11720610426594745,0.8250490527518831,0.19925952054225712,0.6014809589154859,0.21565923184934332,0.39373058905319663,0.13227099553426386,0.12918859798466892,0.00594783823872701,0.0025741739426426644
1.8499999999999996,0.11630591594857002,0.8262166056400864,0.19826570953749645,0.603468580925007,0.21516594450485457,0.3958847166303768,0.13268566577799362,0.13051338507438964,0.0060478818433024675,0.0026341517397487834
1.8599999999999997,0.11541432755018989,0.8273751997370344,0.1972768551858006,0.6054462896283989,0.21467064924335313,0.39803390125032806,0.13309580253087888,0.13184229618857016,0.006148889502009039,0.0026951347930311616
1.8699999999999997,0.11453122924959558,0.8285249204912036,0.19629293276575924,0.6074141344684814,0.21417339869674365,0.40017812309771644,0.13350141852097017,0.13317528605577603,0.006250861344048478,0.0027571327437420417
1.8799999999999997,0.11365651313376231,0.8296658522624349,0.1953139176792606,0.6093721646414789,0.21367424469147311,0.40231736287948866,0.13390252667332309,0.1345123095328424,0.006353797420900338,0.002820155234036766
1.8899999999999997,0.11279007315447445,0.8307980783407983,0.19433978545087652,0.611320429098247,0.21317323826195667,0.40445160181688494,0.1342991401050327,0.13585332160681957,0.006457697706704112,0.00288421190619844
1.8999999999999997,0.11193180508617,0.8319216809650296,0.19337051172725064,0.6132589765454988,0.2126704296637229,0.4065808216375839,0.1346912721203578,0.13719827739686824,0.006562562098647656,0.0029493124018664866
1.9099999999999997,0.11108160648496669,0.833036741340552,0.19240607227648931,0.6151878554470216,0.21216586838628637,0.40870500456797915,0.1350789362059356,0.13854713215610776,0.006668390417361906,0.003015466361269091
1.9199999999999997,0.11023937664883034,0.8341433396570902,0.19144644298755603,0.617107114024888,0.2116596031657542,0.4108241333255817,0.13546214602608267,0.13989984127341623,0.006775182407321527,0.003082683422459626
1.9299999999999997,0.1094050165788469,0.8352415551058971,0.19049159986966863,0.6190168002606624,0.21115168199717446,0.4129381911115484,0.13584091541818216,0.14125636027518396,0.0068829377372515155,0.003150973220557126
1.9399999999999997,0.10857842894156278,0.836331465896595,0.18954151905169944,0.620916961896601,0.2106421521466317,0.41504716160333155,0.13621525838815515,0.14261664482702124,0.006991656000539476,0.0032203453869908403
1.9499999999999997,0.10775951803235788,0.8374131492736449,0.1885961767815785,0.6228076464368429,0.21013106016309785,0.4171510289474494,0.13658518910601355,0.14398065073542224,0.007101336715653505,0.0032908095487489486
1.9599999999999997,0.1069481897398178,0.8384866815324581,0.18765554942569979,0.6246889011486005,0.20961845189004283,0.4192497777523723,0.1369507219014946,0.14534833394938307,0.007211979326565487,0.0033623753276314687
1.9699999999999998,0.10614435151107256,0.8395521380351515,0.18671961346833046,0.6265607730633391,0.2091043724768129,0.42134339308152574,0.13731187125977376,0.14671965056197797,0.007323583203179642,0.0034350523395074452
1.9799999999999998,0.10534791231807131,0.8406095932259661,0.18578834551102288,0.6284233089779542,0.20858886638978108,0.42343186044640385,0.13766865181725546,0.1480945568118929,0.007436147641766244,0.0035088501935764357
1.9899999999999998,0.10455878262476209,0.8416591206463496,0.18486172227202954,0.6302765554559411,0.20807197742327654,0.4255151657997964,0.13802107835744007,0.1494730090849162,0.007549671865400292,0.003583778491634346
1.9999999999999998,0.10377687435514872,0.8427007929497151,0.1839397205857212,0.6321205588285577,0.2075537487102974,0.4275932955291202,0.1383691658068649,0.15085496391539033,0.007664155024405043,0.0036598468273437096
2.01,0.10300210086219574,0.84373468191589,0.18302231740200767,0.6339553651959844,0.2070342227330134,0.4296662364498592,0.13871292923111894,0.1522403779876213,0.007779596196800233,0.0037370647855083984
2.0199999999999996,0.102234376897556,0.8447608584652385,0.1821094897857617,0.6357810204284766,0.2065134413330631,0.43173397579910816,0.1390523838309291,0.15362920813724995,0.007895994388754898,0.003815441941352842
2.0299999999999994,0.10147361858209387,0.8457793926725226,0.18120121491624522,0.6375975701675096,0.20599144572165048,0.4337965012292178,0.13938754493831676,0.15502141135258424,0.008013348535044559,0.0038949878598058263
2.0399999999999996,0.10071974337717955,0.8467903537804364,0.1802974700865392,0.6394050598269216,0.20546827648944624,0.43585380080153996,0.13971842801282341,0.1564169447758929,0.008131657499512824,0.003975712094788827
2.0499999999999994,0.0999726700567311,0.8477938102128717,0.17939823270297586,0.6412035345940481,0.20494397361629868,0.43790586298027034,0.14004504863780404,0.15781576570466221,0.008250920075536995,0.0040576241885090444
2.0599999999999996,0.09923231867997959,0.8487898295879102,0.1785034802845737,0.6429930394308525,0.2044185764807579,0.4399526766263901,0.14036742251678708,0.15921783159281605,0.00837113498649787,0.004140733670757082
2.0699999999999994,0.09849861056493686,0.84977847873054,0.17761319046247578,0.6447736190750486,0.2038921238694192,0.44199423099169755,0.1406855654698992,0.1606231000518992,0.008492300886253313,0.004225050058209322
2.0799999999999996,0.09777146826254257,0.8507598236851168,0.17672734097939014,0.6465453180412197,0.20336465398608852,0.44403051571293567,0.14099949343035464,0.16203152885222635,0.008614416359615757,0.004310582853735124
2.0899999999999994,0.09705081553147153,0.8517339297275639,0.17584590968903352,0.648308180621933,0.2028362044607755,0.4460615208060088,0.14130922244100688,0.16344307592399512,0.008737479922833169,0.004397341545708722
2.0999999999999996,0.09633657731357959,0.8527008613773281,0.1749688745555777,0.6500622508888446,0.20230681235851702,0.44808723666028977,0.1416147686509619,0.16485769935836606,0.00886149002407377,0.004485335607326039
2.1099999999999994,0.09562867970997004,0.8536606824090902,0.1740962136530988,0.6518075726938023,0.20177651418803672,0.4501076540330127,0.14191614831225244,0.16627535740850774,0.008986445043913969,0.0045745744959263136
2.1199999999999997,0.09492704995766145,0.8546134558642414,0.17322790516502878,0.6535441896699424,0.20124534591024226,0.4521227640437529,0.14221337777657117,0.16769600849061045,0.009112343295829738,0.0046650676523186385
2.1299999999999994,0.09423161640683873,0.8555592440621272,0.17236392738361014,0.6552721452327797,0.20071334294656643,0.45413255816899034,0.14250647349206208,0.16911961118486604,0.009239183026691048,0.0047568245001134105
2.1399999999999997,0.09354230849867001,0.8564981086110681,0.17150425870935335,0.6569914825812934,0.2001805401871538,0.45613702823675656,0.1427954520001697,0.17054612423641716,0.009366962417259497,0.004849854445058774
2.1499999999999995,0.09285905674367352,0.8574301104191614,0.17064887765049688,0.6587022446990063,0.19964697199889805,0.4581361664213613,0.14308032993254358,0.17197550655627405,0.009495679582688734,0.004944166874382033
2.1599999999999993,0.09218179270061656,0.8583553097048673,0.1697977628224696,0.6604044743550609,0.19911267223333176,0.46012996523819977,0.14336112400799877,0.1734077172222021,0.009625332573027839,0.005039771156136087
2.1699999999999995,0.09151044895593247,0.8592737660073897,0.16895089294735657,0.6620982141052869,0.19857767423437345,0.46211841753863875,0.14363785102953006,0.17484271547957855,0.009755919373727363,0.005136676638550914
2.1799999999999993,0.09084495910363986,0.8601855381968508,0.16810824685336676,0.6637835062932664,0.19804201084593487,0.4641015165049773,0.14391052788137929,0.17628046074221843,0.009887437906148017,0.005234892649390106
2.1899999999999995,0.09018525772574913,0.8610906844842695,0.16726980347430384,0.6654603930513923,0.19750571441939055,0.4660792556454843,0.1441791715261551,0.17772091259317413,0.010019886028071854,0.005334428495312559
2.1999999999999993,0.08953128037314295,0.8619892624313445,0.16643554184903983,0.6671289163019204,0.19696881682091444,0.4680516287895114,0.14444379900200388,0.1791640307855037,0.010153261534215781,0.005435293461239224
2.2099999999999995,0.08888296354691637,0.8628813289600468,0.16560544112099057,0.668789117758019,0.19643134943868512,0.4700186300826758,0.14470442741983133,0.18060977524301303,0.01028756215674759,0.005537496809725061
2.2199999999999993,0.08824024468016375,0.8637669403620415,0.1647794805375946,0.6704410389248109,0.19589334318996351,0.471980253982115,0.14496107396057292,0.18205810606096923,0.010422785565803871,0.0056410477803360915
2.2299999999999995,0.08760306212019967,0.8646461523079061,0.1639576394497943,0.6720847211004115,0.1953548285280452,0.4739364952518151,0.14521375587251356,0.18350898350678793,0.010558929370010281,0.005745955589031747
2.2399999999999993,0.08697135511120141,0.8655190198561848,0.1631398973115198,0.6737202053769604,0.19481583544909112,0.47588734895800267,0.14546249046865464,0.18496236802069327,0.010695991117003673,0.005852229427552307
2.2499999999999996,0.08634506377726117,0.8663855974622833,0.16232623367917492,0.6753475326416503,0.19427639349883766,0.4778328104646086,0.1457072951241282,0.18641822021635224,0.010833968293956149,0.005959878462811678
2.2599999999999993,0.08572412910583654,0.8672459389871777,0.16151662821112653,0.6769667435777469,0.19373653177919054,0.4797728754287967,0.14594818727365677,0.18787650088148294,0.010972858328100953,0.006068911836295337
2.2699999999999996,0.08510849293158768,0.868100097705965,0.1607110606671957,0.6785778786656087,0.19319627895470398,0.4817075397965576,0.1461851844090593,0.18933717097843888,0.01111265858726001,0.0061793386634636195
2.2799999999999994,0.08449809792059124,0.8689481263162637,0.15990951090815197,0.680180978183696,0.19265566325894798,0.4836367997983672,0.1464183040768004,0.1908001916447662,0.01125336638037307,0.006291168033160202
2.2899999999999996,0.0838928875549195,0.8697900769464401,0.1591119588952096,0.6817760822095809,0.1921147125007656,0.4855606519449083,0.14664756387558436,0.19226552419373943,0.011394978958028497,0.006404409007025982
2.2999999999999994,0.08329280611757557,0.8706260011637023,0.15831838468952666,0.6833632306209467,0.19157345407042373,0.48747909302285436,0.14687298145399147,0.19373313011487137,0.011537493512995258,0.006519070618918173
2.3099999999999996,0.08269779867777417,0.8714559499820305,0.15752876845170669,0.6849424630965867,0.19103191494565824,0.4893921200907139,0.14709457450815683,0.1952029710744002,0.011680907180756515,0.006635161874334841
2.3199999999999994,0.08210781107655907,0.8722799738699675,0.1567430904413027,0.6865138191173945,0.19049012169761698,0.49129973047473435,0.1473123607794904,0.19667500891575365,0.011825217040044259,0.00675269174984464
2.3299999999999996,0.08152278991274746,0.8730981227582695,0.15596133101632342,0.6880773379673533,0.18994810049670155,0.4932019217648671,0.14752635805243813,0.19814920565999075,0.011970420113375204,0.006871669192522056
2.3399999999999994,0.08094268252919294,0.8739104460474096,0.15518347063274257,0.689633058734515,0.18940587711831142,0.49509869181078675,0.14773658415228283,0.19962552350622104,0.012116513367587773,0.0069921031193878784
2.3499999999999996,0.08036743699935789,0.8747169926149532,0.15440948984400993,0.6911810203119801,0.1888634769484911,0.49699003871797126,0.14794305694298462,0.20110392483200185,0.012263493714380005,0.0071140024168551445
2.3599999999999994,0.07979700211418772,0.8755178108228002,0.15363936930056565,0.6927212613988687,0.18832092498948302,0.49887596084383484,0.1481457943250599,0.20258437219371478,0.012411358010848465,0.007237375940180408
2.369999999999999,0.07923132736927775,0.8763129485242945,0.15287308974935593,0.694253820501288,0.18777824586518824,0.5007564567939179,0.1483448142334986,0.20406682832692064,0.012560103060027908,0.00736223251292043
2.3799999999999994,0.07867036295232618,0.8771024530712038,0.1521106320333521,0.6957787359332959,0.18723546382653625,0.5026315254181317,0.1485401346357187,0.20555125614669406,0.012709725611431773,0.007488580926394263
2.3899999999999992,0.0781140597308647,0.8778863713205852,0.1513519770910715,0.697296045817857,0.18669260275676658,0.504501165807052,0.14873177352955727,0.20703761874793739,0.01286022236159327,0.007616429939150747
2.3999999999999995,0.07756236924025957,0.8786647496415178,0.15059710595610107,0.6988057880877979,0.18614968617662297,0.506365377288272,0.1489197489412983,0.20852587940567519,0.013011589954607121,0.007745788276441401
2.4099999999999993,0.07701524367197643,0.8794376339217259,0.14984599975662322,0.7003080004867536,0.1856067372494631,0.5082241594228002,0.14910407892373528,0.21001600157532968,0.013163824982671808,0.007876664629698767
2.4199999999999995,0.07647263586210098,0.8802050695740811,0.14909863971494375,0.7018027205701125,0.18506377878628433,0.5100775120015133,0.1492847815542693,0.2115079488929744,0.01331692398663228,0.008009067656020137
2.4299999999999993,0.07593449928011038,0.8809671015429915,0.1483550071470227,0.7032899857059546,0.1845208332506682,0.5119254350416557,0.14946187493304117,0.21300168517557333,0.01347088345652296,0.00814300597765676
2.4399999999999995,0.07540078801788715,0.8817237743106812,0.14761508346200714,0.7047698330759857,0.18397792276364464,0.5137679287833927,0.1496353771810976,0.21449717442119742,0.013625699832111192,0.008278488181508446
2.4499999999999993,0.07487145677897054,0.8824751319033595,0.14687885016176644,0.706242299676467,0.1834350691084778,0.5156049936864052,0.14980530643859016,0.2159943808092249,0.013781369503440753,0.008415522818623589
2.4599999999999995,0.07434646086803864,0.8832212178972879,0.14614628884042977,0.7077074223191405,0.182892293735375,0.5174366304265389,0.14997168086300747,0.2174932687005239,0.01393788881137571,0.008554118403704687
2.4699999999999993,0.07382575618061553,0.8839620754247355,0.14541738118392586,0.7091652376321482,0.1823496177661203,0.5192628398924948,0.15013451862743896,0.2189938026376168,0.014095254048144143,0.008694283414619223
2.4799999999999995,0.07330929919299756,0.8846977471798374,0.14469210896952533,0.7106157820609493,0.18180706199863392,0.5210836231825694,0.15029383791887066,0.22049594734482797,0.01425346145788212,0.008836026291916085
2.4899999999999993,0.0727970469523935,0.8854282754243568,0.14397045406538517,0.7120590918692296,0.18126464691145974,0.522898981601437,0.15044965693651155,0.22199966772841373,0.01441250723717747,0.008979355438347287
2.4999999999999996,0.07228895706727255,0.8861537019933423,0.1432523984300951,0.7134952031398099,0.18072239266818133,0.5247089166569795,0.15060199389015103,0.22350492887667722,0.014572387535613497,0.009124279218395264
2.5099999999999993,0.07178498769791569,0.8868740683006938,0.14253792411222685,0.7149241517755464,0.18018031912176832,0.5265134300571576,0.15075086699854612,0.22501169606006508,0.014733098456312599,0.009270805957805528
2.5199999999999996,0.07128509754716465,0.8875894153446368,0.1418270132498852,0.7163459735002295,0.17963844581885488,0.5283125237069267,0.15089629448783806,0.22651993473125046,0.014894636056479489,0.009418943943124786
2.5299999999999994,0.07078924585136391,0.8882997837130956,0.1411196480702617,0.7177607038594767,0.17909679200395062,0.5301061997051945,0.15103829458999832,0.22802961052519763,0.015056996347944274,0.00956870142124443
2.5399999999999996,0.07029739237149069,0.8890052135889928,0.14041581088918992,0.71916837822162,0.17855537662358634,0.5318944603418203,0.15117688554130304,0.22954068925921386,0.015220175297705073,0.009720086598949577
2.5499999999999994,0.0698094973844686,0.8897057447554452,0.13971548411070372,0.7205690317785924,0.17801421833039482,0.5336773080946554,0.1513120855808356,0.23105313693298438,0.015384168828470306,0.009873107642473403
2.5599999999999996,0.06932552167465973,0.8904014166008836,0.13901865022659707,0.7219626995468058,0.17747333548712893,0.5354547456266262,0.15144391294901663,0.2325669197285929,0.01554897281920045,0.010027772677057002
2.5699999999999994,0.06884542652553195,0.8910922681240863,0.1383252918159867,0.7233494163680265,0.1769327461706171,0.5372267757828518,0.1515723858861619,0.2340820040105281,0.01571458310564919,0.010184089786514552
2.579999999999999,0.06836917371149552,0.8917783379391236,0.13763539154487622,0.7247292169102475,0.1763924681756584,0.5389934015878078,0.15169752263106617,0.23559835632567544,0.015880995480904207,0.01034206701280401
2.5899999999999994,0.06789672548990644,0.8924596642802383,0.13694893216572285,0.7261021356685543,0.17585251901885762,0.5407546262425228,0.1518193414196137,0.2371159434032953,0.01604820569592708,0.010501712355603151
2.599999999999999,0.06742804459323161,0.8931362850066208,0.13626589651700638,0.7274682069659872,0.17531291594240214,0.5425104531218162,0.15193786048341515,0.2386347321549859,0.01621620946009255,0.010663033771890927
2.6099999999999994,0.06696309422137185,0.8938082376071348,0.13558626752279995,0.7288274649544002,0.1747736759177805,0.5442608857715735,0.15205309804846898,0.2401546896746352,0.016385002441727203,0.0108260391755344
2.619999999999999,0.06650183803413952,0.8944755592049465,0.13491002819234346,0.7301799436153131,0.1742348156494455,0.5460059279060552,0.15216507233384902,0.24167578323835737,0.016554580268647034,0.010990736436880859
2.6299999999999994,0.06604424014388637,0.8951382865620903,0.13423716161961835,0.7315256767607633,0.17369635157842106,0.5477455834052486,0.15227380155041573,0.24319798030441722,0.01672493852869448,0.011157133382355484
2.6399999999999992,0.0655902651082785,0.8957964560839567,0.13356765098292525,0.7328646980341496,0.17315829988585524,0.549479856312247,0.15237930389955254,0.24472124851314217,0.016896072770274287,0.011325237794064188
2.6499999999999995,0.06513987792321492,0.8964501038237098,0.13290147954446332,0.7341970409110733,0.17262067649651947,0.5512087508306714,0.1524815975719255,0.24624555568682038,0.01706797850288861,0.011495057409402012
2.6599999999999993,0.06469304401588567,0.8970992654866347,0.132238630649912,0.7355227387001759,0.17208349708225582,0.5529322713221222,0.15258070074626678,0.24777086982958862,0.017240651197670882,0.011666599920666713
2.6699999999999995,0.06424972923796714,0.8977439764344124,0.1315790877280144,0.7368418245439712,0.17154677706537225,0.5546504223036686,0.1526766315881813,0.24929715912730582,0.01741408628791897,0.011839872974677795
2.6799999999999993,0.06380989985895068,0.8983842716893434,0.13092283429016305,0.7381543314196739,0.1710105316219878,0.5563632084453684,0.1527694082489757,0.2508243919474168,0.017588279169626814,0.012014884172400712
2.6899999999999995,0.06337352255960138,0.8990201859384788,0.13026985392998783,0.7394602921400244,0.17047477568532768,0.558070634567824,0.15285904886451043,0.2523525368388031,0.017763225202015277,0.01219164106857663
2.6999999999999993,0.06294056442554453,0.8996517535377093,0.12962013032294578,0.7407597393541085,0.16993952394897022,0.5597727056397687,0.15294557155407312,0.25388156253162253,0.01793891970806161,0.012370151171357183
2.7099999999999995,0.06251099294097616,0.9002790085157779,0.12897364722591287,0.7420527055481743,0.1694047908700454,0.5614694267756876,0.1530289944192743,0.2554114379371387,0.018115357975027672,0.01255042194194483
2.7199999999999993,0.062084775982495115,0.9009019845782393,0.128330388476778,0.743339223046444,0.16887059067238666,0.5631608032334662,0.15310933554296383,0.2569421321475384,0.018292535254987034,0.012732460794238228
2.7299999999999995,0.0616618818130536,0.9015207151113491,0.12769033799403887,0.7446193240119223,0.1683369373496363,0.5648468404120767,0.153186612988169,0.25847361443573874,0.018470446765350524,0.012916275094483055
2.7399999999999993,0.06124227907602406,0.9021352331859005,0.1270534797764002,0.7458930404471997,0.1678038446683059,0.5665275438492884,0.15326084479705265,0.2600058542551833,0.01864908768939064,0.013101872160927905
2.7499999999999996,0.060825936789378796,0.9027455715609967,0.1264197979023733,0.7471604041952535,0.16727132617079163,0.5682029192194135,0.1533320489898923,0.26153882123962885,0.018828453176764383,0.013289259263485653
2.7599999999999993,0.0604128243399806,0.9033517626877717,0.1257892765298783,0.7484214469402434,0.16673939517834643,0.5698729723310789,0.15340024356407864,0.2630724852029216,0.019008538344034723,0.013478443623399805
2.7699999999999996,0.06000291147798135,0.9039538387130478,0.12516189989584806,0.7496762002083039,0.1662080647940083,0.5715377091250311,0.1534654464931343,0.2646068161387628,0.019189338275190614,0.013669432412916191
2.7799999999999994,0.059596168311326365,0.9045518314829438,0.12453765231583412,0.7509246953683318,0.1656773479054873,0.5731971356719688,0.15352767572575152,0.26614178422046564,0.019370848022165377,0.013862232754959843
2.789999999999999,0.05919256530036207,0.9051457725464214,0.12391651818361442,0.7521669636327711,0.16514725718801018,0.5748512581704012,0.15358694918484941,0.26767735980070234,0.019553062605353624,0.014056851722816986
2.7999999999999994,0.05879207325254451,0.9057356931587898,0.12329848197080329,0.7534030360583933,0.16461780510712462,0.5765000829445405,0.15364328476664957,0.2692135134112414,0.01973597701412657,0.014253296339822261
2.809999999999999,0.058394663317246694,0.9063216242851431,0.12268352822646324,0.7546329435470736,0.16408900392146314,0.5781436164422171,0.1536967003397704,0.27075021576267616,0.0199195862073456,0.014451573579051007
2.8199999999999994,0.05800030698066238,0.9069035966037602,0.12207164157671857,0.7558567168465629,0.16356086568546788,0.5797818652328245,0.15374721374433975,0.27228743774414493,0.020103885113874405,0.014651690363016803
2.829999999999999,0.05760897606080429,0.9074816405094421,0.12146280672437126,0.7570743865512575,0.16303340225207608,0.5814148360052905,0.15379484279112504,0.27382515042304034,0.020288868633089117,0.014853653563374005
2.8399999999999994,0.05722064270259435,0.9080557861168127,0.12085700844851828,0.7582859831029635,0.16250662527536797,0.5830425355660765,0.15383960526068163,0.27536332504471345,0.02047453163538698,0.015057470000625368
2.849999999999999,0.05683527937304454,0.908626063263555,0.12025423160417113,0.7594915367916578,0.16198054621317687,0.5846649708372013,0.153881518902518,0.27690193303216515,0.020660868962693042,0.015263146443834877
2.8599999999999994,0.05645285885652537,0.9091925015136156,0.11965446112187729,0.7606910777562454,0.16145517632966258,0.5862821488542905,0.15392060143427827,0.27844094598573377,0.020847875428965174,0.0154706896103455
2.869999999999999,0.05607335425012147,0.909755130160351,0.11905768200734355,0.7618846359853126,0.1609305266978486,0.5878940767646544,0.15395687054094173,0.2799803356827709,0.021035545820697214,0.015680106165502035
2.8799999999999994,0.055696738959070693,0.9103139782296352,0.11846387934106092,0.7630722413178781,0.16040660820212352,0.5895007618253885,0.15399034387403854,0.28152007407731133,0.021223874897420284,0.015891402722379024
2.8899999999999992,0.05532298669228645,0.9108690744829134,0.11787303827793183,0.7642539234441363,0.15988343154070783,0.5911022114014983,0.1540210390508818,0.2830601332997346,0.02141285739220208,0.016104585841513527
2.8999999999999995,0.05495207145796058,0.9114204474202232,0.11728514404689885,0.7654297119062023,0.15936100722808563,0.592698432964052,0.1540489736538161,0.2846004856564197,0.021602488012144434,0.016319662030643094
2.9099999999999993,0.05458396755924512,0.9119681252831586,0.1167001819505757,0.7665996360988486,0.15883934559740326,0.5942894340883531,0.15407416522948106,0.2861411036293907,0.02179276143887875,0.016536637744448496
2.9199999999999995,0.054218649590011624,0.9125121360578077,0.11611813736487946,0.7677637252702412,0.15831845680283393,0.5958752224521401,0.15409663128809165,0.2876819598759567,0.021983672329059647,0.016755519384301552
2.9299999999999993,0.05385609243068606,0.9130525074776281,0.11553899573866516,0.7689220085226698,0.1577983508219101,0.5974558058338081,0.1541163893027321,0.2892230272283435,0.022175215314856337,0.016976313298017732
2.9399999999999995,0.05349627124415759,0.9135892670262996,0.11496274259336194,0.7700745148132762,0.15727903745782326,0.5990311921106531,0.15413345670866674,0.2907642786933199,0.02236738500444223,0.017199025779613915
2.9499999999999993,0.053139161471760135,0.914122441940528,0.11438936352261125,0.7712212729547775,0.1567605263416924,0.6006013892571432,0.15414785090266409,0.2923056874518148,0.022560175982482267,0.017423663069070654
2.9599999999999995,0.0527847388293246,0.9146520592128048,0.11381884419190641,0.7723623116161872,0.1562428269348008,0.6021664053432034,0.15415958924233672,0.29384722685853,0.022753582810618376,0.017650231352099723
2.9699999999999993,0.05243297930330063,0.9151781455941391,0.11325117033823444,0.7734976593235311,0.1557259485308028,0.6037262485325338,0.15416868904549472,0.2953888704415443,0.022947600027952597,0.017878736759916143
2.9799999999999995,0.05208385914694622,0.9157007275967408,0.11268632776971937,0.7746273444605613,0.15520990025789974,0.6052809270809414,0.15417516758951372,0.2969305919019139,0.023142222151528242,0.0181091853690153
2.9899999999999993,0.051737354876584145,0.9162198314966694,0.1121243023652677,0.7757513952694646,0.15469469108098657,0.6068304493346964,0.15417904211071654,0.2984723651132632,0.023337443676808782,0.018341583200954734
2.999999999999999,0.05139344326792313,0.9167354833364496,0.11156508007421495,0.7768698398515701,0.15418032980376933,0.6083748237289108,0.15418032980376928,0.30001416412137233,0.02353325907815468,0.018575936222140647
3.0099999999999993,0.051052101352443036,0.9172477089276435,0.11100864691597476,0.7779827061680505,0.1536668250708535,0.6099140587859355,0.1541790478210896,0.30155596314375754,0.023729662809297884,0.01881225034361937
3.019999999999999,0.05071330641384257,0.917756533853394,0.11045498897968915,0.7790900220406216,0.1531541853698045,0.6114481631137854,0.15417521327226977,0.30309773656924516,0.02392664930381415,0.019050531420873373
3.0299999999999994,0.05037703598454782,0.9182619834709242,0.10990409242388087,0.7801918151522382,0.1526424190331799,0.6129771454045652,0.15416884322351165,0.3046394589575413,0.02412421297559318,0.01929078525362203
3.039999999999999,0.050043267842281185,0.9187640829140147,0.10935594347610741,0.7812881130477852,0.15213153424053474,0.6145010144329475,0.15415995469707516,0.3061811050387948,0.02432234821930629,0.019533017585627106
3.0499999999999994,0.049711980006688354,0.9192628570954334,0.10881052843261649,0.782378943134767,0.15162153902039943,0.6160197790546336,0.15414856467073937,0.30772264971315477,0.024521049410872166,0.01977723410450303
3.059999999999999,0.04938315073602332,0.9197583307093387,0.10826783365800359,0.7834643326839928,0.15111244125223133,0.6175334482048747,0.1541346900772759,0.3092640680503242,0.024720310907919853,0.02002344044153146
3.0699999999999994,0.04905675852388929,0.9202505282336556,0.10772784558487106,0.7845443088302578,0.15060424866834016,0.6190420308969775,0.1541183478039347,0.3108053352891059,0.024920127050249825,0.02027164217148096
3.079999999999999,0.048732782096034974,0.9207394739324049,0.10719055071348901,0.7856188985730219,0.15009696885578772,0.6205455362208301,0.15409955469194198,0.3123464268369458,0.025120492160292367,0.020521844812430717
3.0899999999999994,0.048411200407204605,0.9212251918580147,0.10665593561145766,0.7866881287770847,0.1495906092582622,0.6220439733414904,0.15407832753600997,0.3138873182694702,0.025321400543563907,0.020774053825599385
3.099999999999999,0.04809199263804122,0.9217077058535903,0.10612398691337159,0.7877520261732569,0.14908517717792777,0.6235373514977359,0.15405468308385867,0.3154279853300173,0.02552284648912076,0.02102827461517807
3.1099999999999994,0.04777513819204157,0.9221870395551615,0.1055946913204856,0.7888106173590288,0.14858067977724929,0.6250256800006628,0.1540286380357484,0.31696840392916625,0.025724824270010486,0.02128451252816798
3.119999999999999,0.04746061669256195,0.9226632163938956,0.1050680356003824,0.7898639287992352,0.14807712408079324,0.6265089682323083,0.1540002090440249,0.3185085501442589,0.025927328143720955,0.021542772854222677
3.1299999999999994,0.04714840797987365,0.9231362595982787,0.10454400658664151,0.7909119868267169,0.1475745169770045,0.6279872256442707,0.15396941271267464,0.3200484002189199,0.026130352352626923,0.02180306082549469
3.1399999999999992,0.04683849210826755,0.9236061921962727,0.10402259117851029,0.7919548176429794,0.14707286521996005,0.6294604617563527,0.15393626559689147,0.32158793056256973,0.02633389112443408,0.022065381616486468
3.1499999999999995,0.04653084934320615,0.924073037017442,0.10350377634057634,0.7929924473188473,0.1465721754310993,0.630928686155245,0.15390078420265427,0.3231271177499353,0.026537938672620772,0.02232974034390616
3.1599999999999993,0.046225460158522795,0.9245368166950488,0.10298754910244176,0.7940249017951165,0.146072454100932,0.6323919084931846,0.15386298498631498,0.3246659385205548,0.026742489196877196,0.022596142066527266
3.1699999999999995,0.04592230523366667,0.924997553668123,0.1024738965583987,0.7950522068832027,0.1455737075907233,0.6338501384866757,0.1538228843541976,0.32620436977828104,0.026947536883542095,0.022864591785053172
3.1799999999999993,0.04562136545099294,0.9254552701835068,0.10196280586710676,0.7960743882657865,0.14507594213415756,0.6353033859151922,0.153780498662207,0.327742388590778,0.02715307590603691,0.023135094441985603
3.1899999999999995,0.045322621893097,0.9259099882978701,0.10145426425127205,0.797091471497456,0.14457916383897942,0.6367516606199122,0.1537358442154481,0.3292799721890149,0.027359100425297572,0.023407654921497798
3.1999999999999993,0.04502605584019211,0.9263617298796974,0.10094825899732773,0.7981034820053445,0.1440833786886147,0.6381949725024691,0.15368893726785562,0.33081709796675673,0.0275656045902036,0.02368227804931166
3.209999999999999,0.0447316487675293,0.9268105166112537,0.10044477745511607,0.7991104450897678,0.143588592543769,0.6396333315237157,0.1536397940218328,0.33235374348004976,0.02777258253800474,0.02395896859257942
3.2199999999999993,0.04443938234285922,0.9272563699905197,0.0999438070375723,0.8001123859248553,0.14309481114400663,0.6410667477025067,0.1535884306279004,0.333889886446706,0.027980028394745077,0.02423773125976943
3.229999999999999,0.044149238423934485,0.927699311333109,0.09944533522040987,0.8011093295591802,0.14260204010930838,0.6424952311144909,0.15353486318435527,0.33542550474578153,0.02818793627568449,0.024518570700556137
3.2399999999999993,0.043861199056052326,0.9281393617741482,0.09894934954180737,0.8021013009163852,0.14211028494160954,0.6439187918909288,0.15347910773693824,0.3369605764170528,0.028396300285717716,0.024801491505714535
3.249999999999999,0.043575246469636314,0.9285765422701479,0.09845583760209706,0.8030883247958058,0.141619551026318,0.6453374402175127,0.15342118027851115,0.33849507966048953,0.02860511451979057,0.02508649820701835
3.2599999999999993,0.043291363077856686,0.9290108736008361,0.09796478706345473,0.8040704258730909,0.1411298436338128,0.6467511863332106,0.1533610967487432,0.3400289928357246,0.028814373063313862,0.025373595277142846
3.269999999999999,0.0430095314742885,0.9294423763709797,0.0974761856495913,0.8050476287008174,0.14064116792092332,0.648160040529133,0.15329887303380635,0.34156229446151976,0.029024069992574494,0.02566278712957139
3.2799999999999994,0.04272973443060663,0.9298710710121689,0.09699002114544597,0.8060199577091081,0.14015352893238975,0.6495640131473909,0.1532345249660794,0.3430949632152306,0.029234199375144137,0.025954078118506297
3.289999999999999,0.04245195489431755,0.9302969777845969,0.09650628139688089,0.8069874372062382,0.13966693160230467,0.6509631145799861,0.1531680683238608,0.3446269779322657,0.02944475527028499,0.026247472538783716
3.2999999999999994,0.04217617598652617,0.9307201167787982,0.0960249543103771,0.8079500913792459,0.13918138075553632,0.6523573552677271,0.1530995188310899,0.3461583176055453,0.029655731729353284,0.026542974625792574
3.309999999999999,0.041902380999738274,0.9311405079173783,0.09554602785273238,0.8089079442945353,0.13869688110913367,0.6537467456991104,0.15302889215707743,0.34768896138495625,0.029867122796199935,0.02684058855539751
3.3199999999999994,0.04163055339569685,0.9315581709567166,0.09506949005076028,0.8098610198984795,0.13821343727371355,0.6551312964092895,0.15295620391624293,0.3492188885768038,0.030078922507568568,0.02714031844386574
3.329999999999999,0.041360676803252366,0.9319731254886461,0.09459532899099105,0.8108093420180179,0.13773105375483033,0.6565110179789853,0.1528814696678616,0.3507480786432621,0.030291124893490923,0.027442168347798085
3.3399999999999994,0.041092735016265924,0.9323853909421155,0.09412353281937343,0.8117529343612532,0.13724973495432813,0.6578859210334597,0.15280470491581857,0.35227651120182163,0.030503723977679708,0.02774614226406378
3.349999999999999,0.04082671199154504,0.9327949865848273,0.09365408974097857,0.8126918205180429,0.13676948517167586,0.6592560162414749,0.15272592510837132,0.3538041660247333,0.030716713777918542,0.028052244129739123
3.3599999999999994,0.04056259184681112,0.9332019315248616,0.093186988019705,0.81362602396059,0.13629030860528535,0.6606213143142914,0.15264514563791956,0.3553310230384519,0.030930088306449482,0.02836047782205035
3.369999999999999,0.04030035885869826,0.9336062447122684,0.09272221597798547,0.8145555680440291,0.1358122093538131,0.6619818260046432,0.15256238184078336,0.35685706232307574,0.03114384157035771,0.028670847158319922
3.3799999999999994,0.04003999746078264,0.9340079449406525,0.09225976199649467,0.8154804760070107,0.13533519141744535,0.6633375621057613,0.1524776489969884,0.35838226411178503,0.031357967571953735,0.02898335589591694
3.3899999999999992,0.03978149224164222,0.9344070508487299,0.09179961451385898,0.816400770972282,0.1348592586991671,0.6646885334503962,0.15239096233005875,0.3599066087902781,0.031572460309152624,0.029298007732211452
3.3999999999999995,0.03952482794294567,0.9348035809218698,0.09134176202636735,0.8173164759472653,0.13438441500601528,0.6660347509098393,0.15230233700681722,0.3614300768962048,0.03178731377585091,0.029614806304532094
3.4099999999999993,0.039269989457570695,0.9351975534936164,0.09088619308768378,0.8182276138246325,0.13391066405031604,0.6673762253929842,0.1522117881371925,0.3629526491185995,0.032002521962300426,0.029933755190127986
3.4199999999999995,0.03901696182775048,0.9355889867471903,0.09043289630856108,0.8191342073828779,0.1334380094509066,0.6687129678453766,0.15211933077403347,0.3644743062973098,0.032218078855479726,0.030254857906134185
3.4299999999999993,0.03876573024324844,0.9359778987169726,0.08998186035655613,0.8200362792868878,0.1329664547343421,0.6700449892482887,0.15202497991293107,0.36599502942242657,0.03243397843946271,0.030578117909540542
3.439999999999999,0.03851628003956015,0.9363643072899747,0.08953307395574667,0.8209338520885067,0.13249600333608688,0.6713723006178015,0.15192875049204624,0.3675147996337088,0.03265021469578456,0.030903538597164788
3.4499999999999993,0.03826859669614242,0.9367482302072828,0.08908652588644923,0.8218269482271015,0.13202665860169135,0.6726949130039,0.15183065739194498,0.36903359822001,0.032866781603804934,0.031231123305628772
3.459999999999999,0.038022665834668845,0.9371296850654887,0.08864220498493894,0.8227155900301222,0.1315584237879542,0.6740128374895791,0.15173071543544042,0.37055140661869956,0.033083673141068526,0.03156087531133853
3.4699999999999993,0.03777847321731117,0.9375086893181076,0.08820010014317005,0.8235997997136599,0.13109130206406977,0.6753260851899688,0.15162893938744068,0.37206820641508676,0.033300883283662853,0.03189279783046803
3.479999999999999,0.0375360047450465,0.9378852602769706,0.08776020030849849,0.824479599383003,0.13062529651276175,0.6766346672514465,0.1515253439548036,0.37358397934183946,0.033518406006573326,0.032226894018946274
3.4899999999999993,0.03729524645598925,0.9382594151136044,0.08732249448340546,0.8253550110331891,0.13016041013140248,0.6779385948507994,0.1514199437861982,0.37509870727840283,0.03373623528403578,0.03256316697244805
3.499999999999999,0.03705618452374814,0.9386311708605981,0.0868869717252226,0.8262260565495548,0.1296966458331185,0.6792378791943612,0.1513127534719715,0.37661237225041766,0.03395436508988595,0.032901619726388276
3.5099999999999993,0.036818805255806934,0.9390005444129453,0.08645362114585824,0.8270927577082836,0.1292340064478823,0.6805325315171806,0.15120378754402225,0.3781249564291363,0.034172789397906606,0.03324225525591965
3.519999999999999,0.036583095091929314,0.9393675525293795,0.08602243191152531,0.8279551361769494,0.12877249472359115,0.6818225630821974,0.15109306047568022,0.3796364421308368,0.03439150218217171,0.03358507647593383
3.5299999999999994,0.03634904060258696,0.9397322118336848,0.08559339324247048,0.828813213515059,0.12831211332713194,0.6831079851794204,0.1509805866815918,0.3811468118162372,0.034610497417388045,0.03393008624106615
3.539999999999999,0.03611662848741052,0.940094538815998,0.08516649441270474,0.8296670111745905,0.1278528648454332,0.6843888091251313,0.15086638051761117,0.38265604808990883,0.03482976907923386,0.03427728734570353
3.5499999999999994,0.03588584557366333,0.9404545498340905,0.08474172474973508,0.8305165505005299,0.12739475178650475,0.6856650462610814,0.15075045628069725,0.3841641336996862,0.03504931114469516,0.03462668252399602
3.559999999999999,0.03565667881473695,0.9408122611146401,0.0843190736342978,0.8313618527314044,0.12693777658046354,0.6869367079537125,0.15063282820881668,0.3856710515360794,0.03526911759239902,0.03497827444987135
3.5699999999999994,0.035429115288668815,0.941167688754481,0.08389853050009295,0.832202938999814,0.12648194158054768,0.6882038055933858,0.15051351048085168,0.3871767846316823,0.03548918240294426,0.03533206573705321
3.579999999999999,0.03520314219668105,0.9415208487218469,0.08348008483352037,0.8330398303329591,0.12602724906411814,0.6894663505936097,0.15039251721651428,0.3886813161605818,0.0357094995592294,0.035688058939082404
3.5899999999999994,0.0349787468617403,0.9418717568575914,0.08306372617341656,0.833872547653167,0.12557370123364764,0.6907243543902957,0.15026986247626498,0.3901846294377662,0.03593006304677794,0.03604625654934171
3.599999999999999,0.03475591672713836,0.9422204288764028,0.08264944411079331,0.8347011117784133,0.12512130021769813,0.691977828441007,0.15014556026123765,0.39168670791853116,0.03615086685406093,0.036406661001083404
3.6099999999999994,0.034534639355092954,0.9425668803679966,0.08223722828857746,0.835525543422845,0.12467004807188557,0.6932267842242255,0.1500196245131689,0.39318753519788735,0.03637190497281674,0.03676927466746076
3.619999999999999,0.03431490242536852,0.9429111267982996,0.08182706840135205,0.8363458631972959,0.12421994677983404,0.6944712332386328,0.149892069114333,0.39468709500996535,0.03659317139836814,0.03713409986156195
3.6299999999999994,0.03409669373391659,0.9432531835106189,0.08141895419509851,0.837162091609803,0.12377099825411718,0.695711187002384,0.14976290788748176,0.3961853712274206,0.0368146601299369,0.037501138836447706
3.6399999999999992,0.03388000119153545,0.9435930657267954,0.08101287546694043,0.8379742490661192,0.12332320433718902,0.696946657052417,0.14963215459578932,0.39768234786083867,0.03703636517095529,0.0378703937851917
3.649999999999999,0.03366481282254875,0.9439307885483479,0.08060882206488842,0.8387823558702232,0.12287656680230291,0.6981776549437431,0.1494998229428018,0.3991780090581386,0.03725828052937527,0.03824186684092429
3.6599999999999993,0.03345111676350268,0.9442663669576004,0.0802067838875864,0.8395864322248272,0.12243108735441981,0.69940419224876,0.1493659265723921,0.4006723391039766,0.03748040021797479,0.03861556007687921
3.669999999999999,0.03323890126188157,0.9445998158187973,0.07980675088405904,0.8403864982318818,0.12198676763110537,0.7006262805565879,0.14923047906871884,0.402165322419149,0.037702718254661254,0.038991475506443454
3.6799999999999993,0.03302815467484134,0.9449311498792079,0.07940871305346038,0.8411825738930793,0.12154360920341617,0.7018439314723759,0.14909349395619045,0.40365694355999493,0.03792522866277272,0.03936961508320989
3.689999999999999,0.03281886546796078,0.9452603837702162,0.07901266044482394,0.8419746791103522,0.12110161357677526,0.7030571566166655,0.1489549846994335,0.40514718721779863,0.03814792547137583,0.039749980701033215
3.6999999999999993,0.03261102221401008,0.9455875320083986,0.07861858315681383,0.8427628336863723,0.12066078219183729,0.7042659676247243,0.14881496470326594,0.4066360382181921,0.0383708027155618,0.040132574194088666
3.709999999999999,0.032404613591736665,0.9459126089965904,0.0782264713374774,0.8435470573250452,0.12022111642534301,0.7054703761459036,0.1486734473126742,0.4081234815205558,0.03859385443673876,0.04051739733693367
3.7199999999999993,0.0321996283846677,0.9462356290249394,0.0778363151839987,0.8443273696320026,0.1197826175909638,0.7066703938430117,0.14853044581279506,0.40960950221742126,0.03881707468292247,0.040904451844572684
3.729999999999999,0.03199605547992913,0.9465566062719467,0.07744810494245356,0.8451037901150928,0.11934528694013559,0.7078660323916754,0.14838597342890186,0.41109408553387167,0.03904045750902355,0.0412937393725244
3.7399999999999993,0.031793883867081096,0.9468755548054995,0.07706183090756573,0.8458763381848685,0.11890912566288328,0.7090573034797327,0.14824004332639446,0.41257721682694404,0.03926399697713252,0.04168526151689235
3.749999999999999,0.03159310263696932,0.9471924885838864,0.07667748342246426,0.8466450331550714,0.11847413488863495,0.710244218806616,0.14809266861079362,0.41405888158502935,0.039487687156801864,0.042079019814438054
3.7599999999999993,0.03139370098059211,0.9475074214568071,0.07629505287844197,0.8474098942431161,0.11804031568702635,0.7114267900827533,0.14794386232773965,0.41553906542727487,0.03971152212532568,0.04247501574265701
3.769999999999999,0.03119566818798304,0.9478203671663664,0.07591452971471535,0.8481709405705693,0.11760766906869607,0.7126050290289742,0.14779363746299465,0.4170177541029849,0.03993549596801653,0.04287325071985752
3.7799999999999994,0.03099899364710865,0.9481313393480614,0.07553590441818545,0.848928191163629,0.11717619598607068,0.7137789473759213,0.14764200694244903,0.4184949334910222,0.040159602778479825,0.043273726105242306
3.789999999999999,0.03080366684278129,0.9484403515317533,0.07515916752320019,0.8496816649535996,0.11674589733414104,0.7149485568634708,0.14748898363213148,0.4199705895992083,0.04038383665888511,0.0436764431989926
3.7999999999999994,0.030609677355586555,0.9487474171426303,0.07478430961131756,0.8504313807773649,0.11631677395122891,0.7161138692401721,0.14733458033822328,0.4214447085637262,0.04060819172023546,0.04408140324235545
3.809999999999999,0.03041701486082538,0.9490525495021628,0.07441132131107023,0.8511773573778596,0.11588882661974473,0.7172748962626737,0.14717880980707573,0.4229172766485216,0.040832662082633434,0.044488607417733125
3.8199999999999994,0.030225669127470187,0.9493557618290414,0.07404019329773125,0.8519196134045375,0.11546205606693608,0.7184316496951687,0.14702168472523194,0.4243882802447055,0.041057241875545096,0.04489805684877545
3.829999999999999,0.030035630017135218,0.949657067240112,0.07367091629308099,0.852658167413838,0.11503646296562785,0.7195841413088555,0.14686321771945143,0.4258577058699534,0.041281925238060894,0.04530975260047494
3.8399999999999994,0.029846887483060566,0.9499564787512949,0.0733034810651751,0.8533930378696498,0.11461204793495258,0.7207323828813903,0.14670342135673925,0.4273255401679112,0.04150670631915435,0.045723695679264154
3.849999999999999,0.029659431569109943,0.9502540092784968,0.07293787842811372,0.8541242431437726,0.11418881154107323,0.7218763861963513,0.14654230814437727,0.42879176990759593,0.04173157927793772,0.04613988703311582
3.859999999999999,0.029473252408781528,0.9505496716385125,0.0725740992418119,0.8548518015163762,0.11376675429789672,0.7230161630427194,0.14637989052996037,0.43025638198279836,0.04195653828391544,0.04655832755164567
3.869999999999999,0.02928834022423229,0.9508434785499156,0.07221213441177102,0.855575731176458,0.11334587666777893,0.7241517252143578,0.14621618090143476,0.4317193634114879,0.04218157751723475,0.046979018066217404
3.879999999999999,0.029104685325314975,0.9511354426339397,0.07185197488885149,0.856296050222297,0.11292617906222208,0.7252830845094953,0.1460511915871405,0.43318070133521464,0.0424066911689338,0.047401959350050406
3.8899999999999992,0.028922278108628,0.9514255764153531,0.07149361166904648,0.8570127766619071,0.11250766184256289,0.7264102527302272,0.1458849348558565,0.43464038301851426,0.0426318734411872,0.047827152118330024
3.899999999999999,0.02874110905657782,0.9517138923233182,0.07113703579325684,0.8577259284134864,0.11209032532065341,0.7275332416820111,0.14571742291684942,0.4360983958483124,0.04285711854754887,0.04825459702831988
3.9099999999999993,0.028561168736453552,0.9520004026922483,0.07078223834706704,0.8584355233058659,0.11167416975953334,0.7286520631731814,0.14554866791992513,0.43755472733333134,0.04308242071319267,0.04868429467947725
3.919999999999999,0.028382447799513932,0.9522851197626488,0.07042921046052253,0.8591415790789549,0.11125919537409458,0.7297667290144598,0.14537868195548345,0.43900936510349264,0.04330777417514989,0.0491162456135701
3.9299999999999993,0.02820493698008595,0.9525680556819545,0.07007794330790772,0.8598441133841845,0.11084540233173777,0.7308772510184784,0.14520747705457643,0.44046229690932603,0.04353317318254487,0.04955045031479703
3.939999999999999,0.02802862709467553,0.9528492225053549,0.06972842810752551,0.860543143784949,0.1104327907530216,0.7319836409993122,0.14503506518896833,0.4419135106213751,0.043758611996827526,0.04998690920990921
3.9499999999999993,0.027853509041089547,0.9531286321966118,0.06938065612147765,0.8612386877570447,0.11002136071230367,0.7330859107720042,0.14486145827119984,0.44336299422960473,0.04398408489200357,0.05042562266833513
3.959999999999999,0.027679573797569367,0.953406296628868,0.06903461865544643,0.8619307626891071,0.10961111223837465,0.7341840721521192,0.14468666815465453,0.4448107358428097,0.044209586154862236,0.05086659100230677
3.9699999999999993,0.02750681242193558,0.9536822275854474,0.06869030705847716,0.8626193858830457,0.10920204531508418,0.735278136955279,0.14451070663362808,0.44625672368802294,0.04443511008520154,0.05130981446698916
3.979999999999999,0.027335216050743773,0.9539564367606461,0.06834771272276197,0.8633045745544761,0.10879415988196021,0.7363681169967253,0.1443335854434005,0.44770094610992495,0.04466065099605069,0.05175529326061103
3.9899999999999993,0.027164775898451187,0.9542289357605167,0.06800682708342459,0.8639863458331508,0.10838745583482022,0.737454024090876,0.14415531626031086,0.4491433915702544,0.0448862032138905,0.05220302752459864
3.999999999999999,0.02699548325659405,0.9544997361036416,0.06766764161830637,0.8646647167633873,0.10798193302637617,0.7385358700508893,0.14397591070183477,0.45058404864721957,0.04511176107887086,0.0526530173437111
4.01,0.02682732949297542,0.954768849221901,0.06733014784775293,0.8653397043044941,0.10757759126683142,0.7396136666882387,0.14379538032666467,0.4520229060349089,0.04533731894502604,0.05310526274617844
4.02,0.026660306050863603,0.9550362864612312,0.06699433733440249,0.866011325331195,0.10717443032447165,0.7406874258122885,0.14361373663479202,0.453459952542704,0.04556287118048719,0.05355976370384109
4.029999999999999,0.02649440444820046,0.9553020590823749,0.0666602016829747,0.8666795966340506,0.10677244992624786,0.7417571592298795,0.14343099106759288,0.4548951770946933,0.04578841216769285,0.05401652013229234
4.039999999999999,0.026329616276820095,0.9555661782616246,0.06632773254006089,0.8673445349198782,0.10637164975835317,0.7428228787449174,0.14324715500791552,0.45632856872908717,0.046013936303596514,0.05447553189102229
4.049999999999999,0.026165933201677243,0.9558286550915573,0.06599692159391514,0.8680061568121697,0.10597202946679284,0.7438845961579719,0.14306223978017027,0.45776011659763133,0.04623943799987204,0.05493679878356387
4.06,0.026003346960085535,0.956089500581762,0.06566776057424654,0.868664478851507,0.10557358865794726,0.7449423232658675,0.14287625665042186,0.4591898099650237,0.04646491168311645,0.05540032055764128
4.069999999999999,0.02584184936096532,0.9563487256595593,0.06534024125201254,0.8693195174959749,0.10517632689912886,0.7459960718613011,0.14268921682648475,0.460617638208332,0.0466903517950505,0.05586609690532015
4.079999999999999,0.025681432284100993,0.9566063411707143,0.06501435543921298,0.8699712891215741,0.10478024371913203,0.7470458537324494,0.14250113145801946,0.46204359081641144,0.04691575279271666,0.056334127463159654
4.089999999999999,0.025522087679407543,0.956862357880141,0.06469009498868557,0.8706198100226288,0.10438533860877684,0.748091680662587,0.14231201163663235,0.46346765738932244,0.0471411091486747,0.05680441181236702
4.099999999999999,0.025363807566206487,0.9571167864726,0.06436745179390214,0.8712650964121956,0.10399161102144658,0.7491335644297076,0.1421218683959769,0.4648898276377528,0.04736641535119492,0.05727694947895325
4.109999999999999,0.025206584032510613,0.9573696375533892,0.06404641778876602,0.871907164422468,0.10359906037361863,0.7501715168061517,0.14193071271185745,0.4663100913824372,0.04759166590444903,0.057751739933891585
4.119999999999999,0.025050409234317866,0.9576209216490275,0.06372698494741039,0.8725460301051792,0.10320768604538959,0.7512055495582479,0.141738555502335,0.4677284385535785,0.04781685532869849,0.05822878259327709
4.129999999999999,0.02489527539491377,0.9578706492079309,0.06340914528399756,0.8731817094320049,0.10281748738099386,0.7522356744459431,0.1415454076278348,0.4691448591902737,0.048041978160480635,0.058708076818488816
4.139999999999999,0.024741174804182732,0.9581188306010809,0.0630928908525194,0.8738142182949612,0.10242846368931645,0.7532619032224479,0.14135127989125665,0.4705593434399346,0.048267028952792376,0.05918962191635328
4.1499999999999995,0.02458809981792767,0.9583654761226886,0.06277821374659862,0.8744435725068027,0.10204061424439982,0.7542842476338893,0.14115618303808636,0.4719718815577162,0.04849200227527161,0.059673417139310035
4.159999999999999,0.02443604285719825,0.9586105959908509,0.06246510609929123,0.8750697878014175,0.10165393828594468,0.7553027194189614,0.14096012775650996,0.4733824639059415,0.048716892714375994,0.06015946168557893
4.169999999999999,0.024284996407627116,0.9588542003481961,0.06215356008288971,0.8756928798342205,0.10126843501980504,0.7563173303085865,0.140763124677529,0.4747910809535278,0.048941694873559885,0.06064775469932922
4.179999999999999,0.024134953018774514,0.9590962992625318,0.061843567908727436,0.8763128641825452,0.10088410361847742,0.7573280920255774,0.14056518437507853,0.47619772327541987,0.04916640337344849,0.061138295270850504
4.1899999999999995,0.023985905303480808,0.9593369027274766,0.061535121826983875,0.8769297563460322,0.1005009432215846,0.7583350162843074,0.14036631736614644,0.4776023815520144,0.04939101285201004,0.06163108243672518
4.199999999999999,0.02383784593722701,0.9595760206630913,0.061228214126490974,0.877543571747018,0.10011895293635344,0.7593381147903855,0.14016653411089477,0.47900504656859466,0.04961551796472535,0.06212611518000259
4.209999999999999,0.02369076765750297,0.9598136629165027,0.0609228371345402,0.8781543257309197,0.09973813183808747,0.7603373992403277,0.1399658450127827,0.48040570921476256,0.04983991338475541,0.06262339243037537
4.219999999999999,0.023544663263183302,0.9600498392625192,0.06061898321669086,0.8787620335666183,0.09935847897063352,0.7613328813212522,0.1397642604186911,0.48180436048387004,0.05006419380310649,0.06312291306435676
4.2299999999999995,0.023399525613911003,0.9602845594042431,0.06031664477657916,0.8793667104468417,0.09897999334684354,0.7623245727105559,0.13956179061904933,0.4832009914724574,0.05028835392879288,0.06362467590545999
4.239999999999999,0.023255347629488367,0.9605178329736739,0.060015814255728384,0.8799683714885432,0.09860267394903063,0.7633124850756126,0.13935844584796328,0.48459559337968594,0.0505123884889977,0.064128679724379
4.249999999999999,0.02311212228927527,0.9607496695323072,0.05971648413335983,0.8805670317332803,0.09822651972941988,0.7642966300734667,0.13915423628334475,0.48598815750677743,0.05073629222923116,0.0646349232391713
4.259999999999999,0.022969842631594822,0.960980078571728,0.05941864692620485,0.8811627061475903,0.09785152961059394,0.7652770193505405,0.13894917204704332,0.48737867525645334,0.050960059913486705,0.06514340511544163
4.27,0.022828501753146026,0.9612090695141966,0.05912229518831772,0.8817554096233645,0.0974777024859335,0.7662536645423295,0.13874326320497865,0.4887671381323722,0.051183686324394795,0.06565412396652778
4.279999999999999,0.022688092808423564,0.9614366517132302,0.05882742151088961,0.8823451569782208,0.09710503722005284,0.7672265772731249,0.13853651976727535,0.4901535377385738,0.051407166263374805,0.06616707835368767
4.289999999999999,0.022548609009144495,0.9616628344541771,0.058534018522063205,0.8829319629558735,0.09673353264922983,0.7681957691557173,0.13832895168839865,0.4915378657789201,0.05163049455078428,0.06668226678628793
4.299999999999999,0.022410043623681715,0.9618876269547864,0.058242078886748504,0.883515842226503,0.09636318758183135,0.7691612517911238,0.13812056886729154,0.49292011405654046,0.05185366602606627,0.06719968772199411
4.309999999999999,0.022272389976504353,0.9621110383657722,0.05795159530643942,0.8840968093871212,0.09599400079873373,0.7701230367683044,0.13791138114751406,0.4943002744732766,0.05207667554789441,0.0677193395669622
4.319999999999999,0.02213564144762458,0.9623330777713712,0.05766256051903128,0.8846748789619374,0.09562597105373818,0.7710811356638955,0.13770139831738298,0.4956783390291292,0.05229951799431594,0.06824122067603186
4.329999999999999,0.021999791472051167,0.9625537541898963,0.0573749672986394,0.8852500654027212,0.09525909707398153,0.7720355600419339,0.1374906301101134,0.49705429982170635,0.05252218826289203,0.06876532935292023
4.339999999999999,0.021864833539249364,0.9627730765742822,0.05708880845541827,0.8858223830891635,0.09489337756034222,0.7729863214535982,0.1372790862039617,0.49842814904567423,0.052744681270836945,0.06929166385041866
4.349999999999999,0.021730761192607202,0.9629910538126292,0.0568040768353819,0.8863918463292363,0.0945288111878413,0.7739334314369462,0.13706677622236982,0.4997998789922069,0.05296699195515399,0.06982022237058927
4.359999999999999,0.021597568028908096,0.9632076947287385,0.056520765320224944,0.8869584693595501,0.09416539660603929,0.7748769015166594,0.13685370973411043,0.501169482048439,0.05318911527277018,0.07035100306496386
4.369999999999999,0.02146524769780963,0.9634230080826435,0.05623886682714481,0.8875222663457104,0.09380313243942806,0.7758167432037864,0.1366398962534335,0.5025369506969206,0.05341104620066802,0.07088400403474342
4.379999999999999,0.021333793901328366,0.9636370025711375,0.05595837430866446,0.8880832513826711,0.09344201728781823,0.7767529679955019,0.13642534524021457,0.503902277515072,0.05363277973601603,0.07141922333099979
4.389999999999999,0.021203200393330818,0.9638496868282926,0.05567928075245633,0.8886414384950873,0.09308204972672227,0.7776855873748485,0.13621006610010353,0.5052654551746409,0.053854310896296394,0.0719566589548779
4.3999999999999995,0.021073460979030186,0.9640610694259775,0.05540157918116695,0.8891968416376661,0.09272322830773283,0.7786146128105121,0.13599406818467474,0.5066264764411625,0.05407563471943099,0.07249630885779963
4.409999999999999,0.020944569514489152,0.9642711588743669,0.05512526265224263,0.8897494746955147,0.09236555155889713,0.7795400557565726,0.1357773607915788,0.5079853341734151,0.054296746263905134,0.07303817094166873
4.419999999999999,0.02081651990612821,0.9644799636224488,0.05485032425775572,0.8902993514844886,0.09200901798508666,0.7804619276522762,0.13555995316469424,0.5093420213228869,0.054517640608889396,0.0735822430590771
4.429999999999999,0.020689306110239863,0.9646874920585256,0.05457675712423205,0.8908464857515359,0.09165362606836255,0.7813802399218007,0.13534185449428202,0.5106965309332362,0.0547383128543593,0.07412852301351242
4.4399999999999995,0.02056292213250838,0.9648937525107087,0.054304554412479,0.891390891175042,0.0912993742683372,0.7822950039740344,0.13512307391713907,0.5120488561397563,0.054958758121212856,0.07467700855956658
4.449999999999999,0.02043736202753511,0.965098753247413,0.05403370931741465,0.8919325813651706,0.09094626102253124,0.7832062312023503,0.13490362051675467,0.5133989901688408,0.055178971551386305,0.07522769740314542
4.459999999999999,0.020312619898369157,0.9653025024778402,0.0537642150678975,0.892471569864205,0.09059428474672643,0.7841139329843878,0.1346835033234666,0.5147469263374543,0.055398948307967655,0.07578058720167997
4.469999999999999,0.020188689896043544,0.9655050083524643,0.05349606492655726,0.8930078701468854,0.09024344383531464,0.7850181206818354,0.1344627313146187,0.5160926580525974,0.05561868357530842,0.07633567556433822
4.4799999999999995,0.02006556621911668,0.9657062789635071,0.053229252189626416,0.8935414956207471,0.08989373666164271,0.7859188056402214,0.13424131341471965,0.517436178810782,0.055838172559132995,0.07689296005223877
4.489999999999999,0.019943243113219017,0.9659063223454117,0.0529637701867727,0.8940724596264547,0.08954516157835338,0.7868159991887046,0.1340192584956022,0.5187774821975007,0.05605741048664641,0.07745243817866419
4.499999999999999,0.01982171487060491,0.9661051464753106,0.05269961228093219,0.8946007754381357,0.08919771691772206,0.7877097126398673,0.13379657537658307,0.5201165618867003,0.056276392606639955,0.07801410740927747
4.509999999999999,0.019700975829709526,0.966302759273491,0.05243677186814347,0.8951264562637131,0.08885140099198996,0.7885999572895108,0.1335732728246249,0.5214534116402612,0.05649511418959481,0.07857796516233774
4.519999999999999,0.01958102037471087,0.9664991686038529,0.05217524237738254,0.895649515245235,0.08850621209369312,0.789486744416467,0.13334935955449762,0.5227880253074713,0.05671357052778387,0.07914400880891767
4.529999999999999,0.019461842935096663,0.966694382274365,0.05191501727039848,0.896169965459203,0.08816214849598789,0.7903700852823891,0.1331248442289417,0.5241203968245057,0.05693175693537147,0.07971223567312236
4.539999999999999,0.019343437985236224,0.9668884080375156,0.05165609004155012,0.8966878199168997,0.08781920845297246,0.7912499911315706,0.1328997354588316,0.5254505202139075,0.05714966874851128,0.08028264303230787
4.549999999999999,0.019225800043957058,0.9670812535907601,0.05139845421764321,0.8972030915647136,0.0874773902000046,0.7921264731907514,0.1326740418033403,0.5267783895840699,0.05736730132544217,0.0808552281173027
4.559999999999999,0.01910892367412632,0.9672729265769615,0.05114210335776876,0.8977157932844625,0.08713669195401602,0.79299954266893,0.1324477717701043,0.5281039991287211,0.05758465004658238,0.08142998811262825
4.569999999999999,0.018992803482236885,0.9674634345848309,0.05088703105314188,0.8982259378937162,0.08679711191382257,0.7938692107571864,0.13222093381538966,0.5294273431264064,0.05780171031462169,0.08200692015672155
4.579999999999999,0.018877434117998155,0.9676527851493603,0.05063323092694172,0.8987335381461166,0.08645864826043154,0.7947354886284972,0.1319935363442587,0.5307484159399796,0.058018477554611425,0.08258602134215808
4.589999999999999,0.018762810273931313,0.9678409857522533,0.05038069663415188,0.8992386067316962,0.0861212991573447,0.7955983874375641,0.13176558771073738,0.5320672120160893,0.058234947214053305,0.08316728871587611
4.599999999999999,0.018648926684969203,0.9680280438223512,0.050129421861401895,0.8997411562771962,0.08578506275085832,0.7964579183206348,0.13153709621798265,0.5333837258846691,0.05845111476298561,0.08375071927940156
4.609999999999999,0.0185357781280606,0.968213966736055,0.04987940032680933,0.9002411993463814,0.08544993717035933,0.7973140923953367,0.1313080701184522,0.5346979521584316,0.05866697569406809,0.08433630998907382
4.619999999999999,0.018423359421778918,0.9683987618177432,0.04963062577982284,0.9007387484403543,0.08511592052861858,0.7981669207605051,0.1310785176140726,0.536009885532361,0.05888252552266467,0.08492405775627211
4.629999999999999,0.018311665425935188,0.9685824363401875,0.04938309200106578,0.9012338159978683,0.08478301092207985,0.799016414496028,0.13084844685640987,0.537319520783208,0.05909775978692471,0.08551395944764344
4.639999999999999,0.01820069104119537,0.9687649975249611,0.04913679280218079,0.9017264143956384,0.0844512064311465,0.7998625846626681,0.13061786594683994,0.5386268527689884,0.059312674047862106,0.08610601188533026
4.6499999999999995,0.018090431208701924,0.9689464525428477,0.04889172202567504,0.9022165559486499,0.08412050512046391,0.8007054423019202,0.13038678293671896,0.539931876428482,0.059527263889432705,0.08670021184720014
4.659999999999999,0.017980880909699414,0.9691268085142425,0.0486478735447664,0.9027042529104672,0.08379090503919928,0.8015449984358441,0.1301552058275562,0.5412345867807316,0.059741524918610144,0.0872965560670751
4.669999999999999,0.017872035165164397,0.9693060725095523,0.04840524126323012,0.9031895174735398,0.0834624042213177,0.802381264066917,0.12992314257118448,0.5425349789245476,0.05995545276545938,0.08789504123496208
4.679999999999999,0.017763889035439195,0.969484251549591,0.04816381911524653,0.9036723617695069,0.08313500068585543,0.8032142501778801,0.1296906010699344,0.5438330480380112,0.06016904308320926,0.08849566399728465
4.6899999999999995,0.01765643761986984,0.9696613526059706,0.04792360106524934,0.9041527978695013,0.0828086924371895,0.8040439677315913,0.12945758917680625,0.545128789377979,0.060382291548322496,0.08909842095711491
4.699999999999999,0.017549676056447864,0.9698373826014912,0.04768458110777482,0.9046308377844503,0.08248347746530489,0.8048704276708816,0.12922411469564432,0.5464221982795926,0.06059519386056448,0.08970330867440571
4.709999999999999,0.017443599521456,0.9700123484105235,0.04744675326731157,0.9051064934653769,0.08215935374605772,0.8056936409184086,0.12899018538131063,0.5477132701557865,0.06080774574307008,0.09031032366622443
4.719999999999999,0.01733820322911782,0.9701862568593915,0.047210111598151194,0.9055797768036976,0.08183631924143613,0.8065136183765197,0.12875580893985947,0.5490020004968004,0.06101994294240902,0.09091946240698726
4.729999999999999,0.01723348243125108,0.9703591147267498,0.04697465018423963,0.9060506996315207,0.08151437189981756,0.8073303709271145,0.1285209930287123,0.5502883848696902,0.06123178122864897,0.09153072132869296
4.739999999999999,0.017129432416924793,0.9705309287439576,0.046740363139029246,0.9065192737219415,0.08119350965622352,0.8081439094315105,0.12828574525683312,0.5515724189178444,0.061443256395417804,0.09214409682115939
4.749999999999999,0.017026048512120234,0.9707017055954493,0.04650724460533176,0.9069855107893365,0.08087373043257108,0.8089542447303071,0.12805007318490425,0.5528540983604987,0.06165436425996334,0.09275958523225795
4.759999999999999,0.016923326079395267,0.9708714519191028,0.04627528875517166,0.9074494224896567,0.08055503213792144,0.8097613876432603,0.12781398432550192,0.5541334189922563,0.06186510066321182,0.0933771828681516
4.769999999999999,0.016821260517552537,0.9710401743066028,0.04604448978964061,0.9079110204207188,0.08023741266872554,0.8105653489691518,0.1275774861432735,0.5554103766826048,0.06207546146982484,0.09399688599353072
4.779999999999999,0.016719847261311125,0.971207879303802,0.04581484193875244,0.9083703161224951,0.07992086990906715,0.8113661394856677,0.12734058605511356,0.5566849673754404,0.06228544256825438,0.09461869083185152
4.789999999999999,0.016619081780981777,0.9713745734110781,0.04558633946129894,0.908827321077402,0.07960540173090272,0.8121637699492728,0.12710329143034133,0.5579571870885902,0.06249503987079625,0.09524259356557366
4.799999999999999,0.01651895958214554,0.9715402630836895,0.04535897664470627,0.9092820467105874,0.07929100599429856,0.8129582510950921,0.12686560959087773,0.5592270319133366,0.0627042493136419,0.09586859033639916
4.809999999999999,0.016419476205335848,0.971704954732124,0.04513274780489217,0.9097345043902156,0.07897768054766538,0.8137495936367938,0.1266275478114235,0.5604944980139461,0.0629130668569289,0.09649667724551189
4.819999999999999,0.01632062722572403,0.9718686547224497,0.04490764728612383,0.9101847054277523,0.07866542322798978,0.8145378082664698,0.12638911331963693,0.5617595816271962,0.06312148848478948,0.09712685035381702
4.829999999999999,0.016222408252808178,0.972031369376657,0.04468366946087661,0.9106326610782468,0.07835423186106347,0.815322905654531,0.1261503132963121,0.563022279061906,0.06332951020539737,0.0977591056821808
4.839999999999999,0.016124814930105206,0.9721931049730027,0.044460808729693185,0.9110783825406136,0.0780441042617092,0.8161048964495843,0.12591115487555748,0.5642825866984694,0.06353712805101369,0.09839343921167226
4.849999999999999,0.016027842934846333,0.972353867746347,0.04423905952104367,0.9115218809579126,0.07773503823400466,0.8168837912783372,0.12567164514497417,0.5655405009883895,0.06374433807803052,0.09902984688380313
4.859999999999999,0.015931487977675587,0.9725136638884896,0.04401841629118629,0.9119631674176275,0.07742703157150331,0.817659600745483,0.12543179114583536,0.5667960184538121,0.06395113636701356,0.0996683246007701
4.869999999999999,0.015835745802351753,0.972672499548503,0.04379887352402883,0.9124022529519423,0.077120082057453,0.8184323354335971,0.12519159987326536,0.5680491356870662,0.06415751902274262,0.10030886822569643
4.879999999999999,0.015740612185453143,0.9728303808330612,0.04358042573099066,0.9128391485380187,0.07681418746501134,0.8192020059030387,0.1249510782764184,0.5692998493502015,0.06436348217425118,0.10095147358287482
4.889999999999999,0.015646082936085794,0.9729873138067668,0.04336306745086559,0.9132738650982688,0.07650934555745949,0.8199686226918479,0.12471023325865885,0.5705481561745299,0.06456902197486415,0.1015961364580092
4.8999999999999995,0.015552153895594409,0.9731433044924755,0.04314679324968526,0.9137064135006295,0.07620555408841258,0.82073219631565,0.12446907167774045,0.5717940529601693,0.06477413460223404,0.10224285259845856
4.909999999999999,0.015458820937276631,0.9732983588716159,0.04293159772058343,0.9141368045588332,0.07590281080202821,0.8214927372675592,0.12422760034598605,0.5730375365755873,0.06497881625837561,0.10289161771348039
4.919999999999999,0.015366079966100035,0.973452482884508,0.04271747548366063,0.9145650490326788,0.07560111343321212,0.8222502560180841,0.12398582603046775,0.5742786039571481,0.06518306316969948,0.10354242747447398
4.929999999999999,0.01527392691842225,0.9736056824306794,0.042504421185849794,0.9149911576283004,0.07530045970782163,0.8230047630150363,0.12374375545318687,0.5755172521086622,0.06538687158704368,0.10419527751522506
4.939999999999999,0.01518235776171394,0.9737579633691764,0.04229242950078238,0.9154151409984352,0.07500084734286683,0.8237562686834423,0.12350139529125394,0.5767534781009346,0.06559023778570403,0.10485016343214977
4.949999999999999,0.015091368494284607,0.9739093315188745,0.042081495128655194,0.9158370097426896,0.07470227404670873,0.8245047834254575,0.12325875217706937,0.5779872790713183,0.06579315806546318,0.10550708078454007
4.959999999999999,0.015000955145011327,0.9740597926587858,0.041871612796097996,0.9162567744078041,0.07440473751925618,0.8252503176202732,0.1230158326985035,0.5792186522232663,0.06599562875061789,0.10616602509480777
4.969999999999999,0.014911113773070257,0.9742093525283626,0.04166277725604151,0.916674445487917,0.07410823545215915,0.8259928816240443,0.12277264339907694,0.5804475948258905,0.06619764619000519,0.10682699184873053
4.979999999999999,0.014821840467670872,0.9743580168277991,0.041454983287586365,0.9170900334248273,0.07381276552900086,0.8267324857697971,0.12252919077814138,0.5816741042135142,0.06639920675702683,0.10748997649569716
4.989999999999999,0.014733131347792977,0.974505791218331,0.041248225695872505,0.917503548608255,0.0735183254254869,0.8274691403673572,0.12228548129105986,0.5828981777852374,0.06660030684967279,0.10815497444895365
4.999999999999999,0.014644982561926501,0.9746526813225317,0.041042499311949414,0.9179150013761012,0.07322491280963248,0.828202855703267,0.12204152134938738,0.5841198130044919,0.06680094289054264,0.10882198108584869
5.009999999999999,0.014557390287813814,0.9747986927246056,0.040837798992646744,0.9183244020147066,0.07293252534194716,0.8289336420407114,0.12179731732105165,0.5853390073986072,0.06700111132686634,0.10949099174808
5.019999999999999,0.014470350732194772,0.9749438309706797,0.040634119620445865,0.9187317607591082,0.0726411606756177,0.8296615096194444,0.1215528755305336,0.5865557585583778,0.06720080863052323,0.11016200174194098
5.029999999999999,0.01438386013055439,0.9750881015690929,0.040431456103351845,0.9191370877932963,0.07235081645668856,0.8303864686557162,0.12130820225904783,0.5877700641376201,0.0674000312980596,0.11083500633856735
5.039999999999999,0.01429791474687306,0.9752315099906809,0.04022980337476623,0.9195403932504674,0.07206149032424021,0.8311085293422006,0.12106330374472359,0.5889819218527537,0.06759877585070513,0.11151000077418316
5.049999999999999,0.014212510873379283,0.9753740616690612,0.040029156393360285,0.9199416872132794,0.07177317991056535,0.831827701847931,0.12081818618278489,0.5901913294823607,0.0677970388343877,0.11218698025034882
5.059999999999999,0.014127644830304965,0.9755157620009135,0.03982951014294903,0.9203409797141019,0.07148588284134308,0.8325439963182277,0.12057285572573197,0.5913982848667632,0.06799481681974753,0.11286593993420717
5.069999999999999,0.014043312965643186,0.975656616346259,0.03963085963236579,0.9207382807352684,0.07119959673581094,0.8332574228746372,0.12032731848352043,0.5926027859075967,0.068192106402149,0.11354687495873121
5.079999999999999,0.013959511654908463,0.9757966300287364,0.03943319989533749,0.921133600209325,0.07091431920693497,0.8339679916148668,0.12008158052374325,0.59380483056738,0.06838890420169201,0.11422978042297113
5.089999999999999,0.013876237300899324,0.9759358083358766,0.03923652599036038,0.9215269480192793,0.07063004786157752,0.8346757126127216,0.11983564787180984,0.5950044168691027,0.06858520686322167,0.11491465139230213
5.099999999999999,0.013793486333463395,0.9760741565193733,0.0390408330005766,0.9219183339988468,0.07034678030066327,0.8353805959180465,0.11958952651112753,0.596201542895791,0.06878101105633685,0.1156014828986714
5.109999999999999,0.013711255209264812,0.9762116797953536,0.03884611603365119,0.9223077679326976,0.07006451411934315,0.8360826515566674,0.11934322238328118,0.5973962067901069,0.06897631347539726,0.11629026994084594
5.119999999999999,0.01362954041155397,0.976348383344644,0.038652370221649884,0.9226952595567002,0.0697832469071563,0.8367818895303314,0.11909674138821341,0.5985884067539045,0.06917111083952936,0.1169810074846603
5.129999999999999,0.013548338449939617,0.9764842723130355,0.038459590720917265,0.9230808185581655,0.06950297624819018,0.837478319816655,0.11885008938440522,0.599778141047844,0.06936539989263125,0.11767369046326366
5.139999999999999,0.013467645860163127,0.9766193518115461,0.03826777271195577,0.9234644545760884,0.06922369972123847,0.8381719523690694,0.1186032721890552,0.6009654079909578,0.06955917740337599,0.11836831377736885
5.149999999999999,0.013387459203875232,0.9767536269166809,0.03807691139930519,0.9238461772013896,0.06894541489995742,0.8388627971167659,0.11835629557826019,0.6021502059602455,0.06975244016521384,0.11906487229549874
5.159999999999999,0.013307775068414754,0.9768871026706901,0.037887002011422755,0.9242259959771545,0.06866811935302007,0.8395508639646498,0.11810916528719449,0.6033325333902604,0.06994518499637316,0.11976336085423485
5.169999999999999,0.013228590066589717,0.9770197840818251,0.037698039800563896,0.9246039203988722,0.06839181064426876,0.8402361627932875,0.11786188701028981,0.6045123887727066,0.07013740873986045,0.12046377425846459
5.179999999999999,0.013149900836460542,0.9771516761245915,0.037510020042663496,0.924979959914673,0.06811648633286556,0.8409187034588607,0.11761446640141451,0.6056897706560317,0.07032910826345867,0.12116610728162962
5.189999999999999,0.013071704041125473,0.9772827837400009,0.03732293803721781,0.9253541239255644,0.06784214397344115,0.8415984957931189,0.11736690907405309,0.6068646776450128,0.0705202804597249,0.12187035466597326
5.199999999999999,0.01299399636850801,0.9774131118358204,0.03713678910716695,0.9257264217856661,0.06756878111624161,0.842275549603337,0.11711922060148547,0.6080371084003655,0.07071092224598634,0.12257651112278815
5.209999999999999,0.012916774531146629,0.9775426652868192,0.03695156859877799,0.926096862802444,0.06729639530727391,0.8429498746722712,0.1168714065169657,0.6092070616383395,0.07090103056433546,0.12328457133266384
5.219999999999999,0.01284003526598638,0.9776714489350146,0.03676727188152856,0.9264654562369429,0.0670249840884489,0.843621480758117,0.11662347231390105,0.6103745361303152,0.07109060238162414,0.12399452994573505
5.229999999999999,0.012763775334172693,0.9777994675899141,0.036583894347991135,0.9268322113040177,0.06675454499772318,0.8442903775944677,0.11637542344603069,0.6115395307024066,0.07127963468945608,0.12470638158192875
5.239999999999999,0.012687991520847128,0.977926726028757,0.03640143141371781,0.9271971371725644,0.06648507556923891,0.844956574890279,0.11612726532760397,0.6127020442350715,0.07146812450417872,0.1254201208312111
5.249999999999999,0.012612680634945186,0.9780532289967531,0.03621987851712574,0.9275602429657485,0.06621657333346224,0.8456200823298287,0.11587900333355892,0.6138620756627116,0.07165606886687341,0.12613574225383614
5.259999999999999,0.012537839508996108,0.9781789812073197,0.036039231119383064,0.9279215377612339,0.06594903581731948,0.8462809095726804,0.11563064279970016,0.6150196239732821,0.0718434648433454,0.1268532403805918
5.269999999999999,0.012463464998924501,0.9783039873423167,0.03585948470429542,0.9282810305914092,0.0656824605443321,0.846939066253652,0.11538218902287666,0.6161746882078991,0.0720303095241113,0.12757260971304793
5.279999999999999,0.012389553983854152,0.978428252052279,0.03568063477819304,0.9286387304436139,0.06541684503474995,0.8475945619827794,0.11513364726115992,0.6173272674604594,0.07221660002438733,0.128293844723803
5.289999999999999,0.012316103365913567,0.9785517799566483,0.0355026768698185,0.928994646260363,0.06515218680568272,0.8482474063452833,0.11488502273402047,0.6184773608772421,0.0724023334840743,0.12901693985673096
5.299999999999999,0.012243110070043382,0.9786745756440017,0.03532560653021481,0.9293487869395703,0.06488848337122992,0.8488976089015416,0.11463632062250614,0.6196249676565294,0.07258750706774363,0.12974188952722826
5.309999999999999,0.012170571043805863,0.9787966436722789,0.03514941933261425,0.9297011613347714,0.06462573224260913,0.8495451791870605,0.11438754606941813,0.6207700870482254,0.07277211796462082,0.1304686881224605
5.319999999999999,0.012098483257196004,0.9789179885690075,0.03497411087232769,0.9300517782553446,0.06436393092828271,0.850190126712442,0.11413870417948806,0.6219127183534667,0.07295616338856849,0.13119733000160833
5.329999999999999,0.012026843702454621,0.9790386148315265,0.03479967676663452,0.9304006464667309,0.06410307693408314,0.8508324609633602,0.11388980001955436,0.6230528609242513,0.0731396405780682,0.1319278094961143
5.339999999999999,0.011955649393883199,0.979158526927208,0.034626112654673004,0.930747774690654,0.0638431677633363,0.8514721914005353,0.1136408386187386,0.6241905141630577,0.07332254679620162,0.13266012090992904
5.349999999999999,0.01188489736766053,0.9792777292936763,0.034453414197331306,0.9310931716053374,0.06358420091698386,0.8521093274597088,0.11339182496862119,0.625325677522466,0.0735048793306302,0.13339425851975653
5.3599999999999985,0.011814584681661133,0.9793962263390262,0.03428157707713898,0.9314368458457221,0.06332617389370367,0.8527438785516191,0.11314276402341719,0.626458350504784,0.0736866354935737,0.13413021657530058
5.369999999999999,0.011744708415275387,0.9795140224420392,0.034110596998159076,0.9317788060036818,0.06306908419002881,0.8533758540619817,0.11289366070015151,0.6275885326616778,0.0738678126217885,0.13486798929950958
5.379999999999999,0.01167526566923146,0.9796311219523972,0.03394046968588073,0.9321190606282386,0.06281292930046523,0.8540052633514663,0.11264451987883434,0.6287162235937978,0.07404840807654431,0.13560757088882214
5.389999999999999,0.011606253565418886,0.9797475291908956,0.03377119088711227,0.9324576182257754,0.06255770671760777,0.8546321157556803,0.11239534640263521,0.6298414229504099,0.0742284192435998,0.136348955513412
5.399999999999999,0.01153766924671385,0.9798632484496537,0.033602756369874906,0.9327944872602502,0.06230341393225479,0.8552564205851441,0.11214614507805858,0.6309641304290263,0.07440784353317778,0.1370921373174331
5.409999999999999,0.011469509876806176,0.9799782839923237,0.033435161923296916,0.9331296761534061,0.06205004843352141,0.8558781871252807,0.11189692067511692,0.6320843457750474,0.07458667837993903,0.1378371104192635
5.419999999999999,0.011401772640027926,0.980092640054298,0.033268403357508435,0.9334631932849831,0.06179760770895134,0.8564974246363949,0.11164767792750536,0.6332020687813849,0.07476492124295513,0.13858386891175012
5.429999999999999,0.011334454741183643,0.9802063208429149,0.03310247650353663,0.9337950469929267,0.061546089244627136,0.8571141423536609,0.111398421532775,0.6343172992881112,0.07494256960568067,0.13933240686245224
5.439999999999999,0.011267553405382207,0.9803193305376628,0.0329373772132015,0.934125245573597,0.061295490525279155,0.8577283494871043,0.11114915615250617,0.6354300371820919,0.07511962097592456,0.14008271831388602
5.449999999999999,0.011201065877870344,0.9804316732903814,0.03277310135901217,0.9344537972819756,0.061045809034393335,0.8583400552215947,0.11089988641248123,0.6365402823966326,0.07529607288581962,0.14083479728376697
5.459999999999999,0.011134989423867635,0.980543353225463,0.032609644834063777,0.9347807103318725,0.06079704225431727,0.8589492687168285,0.11065061690285746,0.6376480349111135,0.07547192289179236,0.14158863776525327
5.469999999999999,0.011069321328403126,0.9806543744400517,0.032447003551934646,0.9351059928961307,0.06054918766636507,0.8595559991073218,0.11040135217833898,0.6387532947506439,0.07564716857453115,0.14234423372718938
5.479999999999999,0.011004058896153478,0.9807647410042397,0.03228517344658426,0.9354296531068315,0.06030224275092105,0.8601602555023979,0.11015209675834907,0.6398560619857001,0.0758218075389538,0.1431015791143469
5.489999999999999,0.010939199451282662,0.980874456961264,0.032124150472251554,0.9357516990554969,0.060056204987541786,0.8607620469861802,0.10990285512720147,0.6409563367317774,0.0759958374141741,0.14386066784766846
5.499999999999999,0.010874740337283147,0.9809835263276995,0.0319639306033538,0.9360721387932924,0.05981107185505731,0.8613613826175849,0.1096536317342717,0.6420541191490418,0.07616925585346725,0.14462149382450792
5.509999999999999,0.010810678916818582,0.9810919530936526,0.031804509834385916,0.9363909803312281,0.05956684083167038,0.8619582714303118,0.1094044309941679,0.6431494094419754,0.07634206053423517,0.14538405091887324
5.519999999999999,0.010747012571567963,0.9811997412229511,0.03164588417982038,0.9367082316403592,0.05932350939505511,0.8625527224328406,0.10915525728690138,0.6442422078590382,0.07651424915797046,0.14614833298166657
5.529999999999999,0.01068373870207125,0.9813068946533343,0.03148804967400755,0.9370239006519849,0.059081075022454,0.8631447446084264,0.10890611495805691,0.6453325146923128,0.07668581945021917,0.14691433384092495
5.539999999999999,0.010620854727576486,0.9814134172966404,0.03133100237107658,0.9373379952578468,0.05883953519077371,0.8637343469150932,0.10865700831896215,0.6464203302771683,0.07685676916054318,0.14768204730206175
5.549999999999999,0.010558358085888245,0.9815193130389932,0.031174738344836726,0.9376505233103265,0.05859888737667973,0.864321538285634,0.1084079416468575,0.6475056549919187,0.07702709606248208,0.1484514671481052
5.559999999999999,0.010496246233217562,0.9816245857409863,0.03101925368867917,0.9379614926226416,0.05835912905668964,0.8649063276276076,0.10815891918506476,0.6485884892574773,0.0771967979535134,0.149222587139939
5.5699999999999985,0.010434516644033316,0.9817292392378671,0.03086454451547942,0.9382709109690411,0.05812025770726553,0.8654887238233362,0.10790994514315633,0.6496688335370239,0.07736587265501287,0.14999540101654107
5.579999999999999,0.010373166810914809,0.9818332773397185,0.030710606957500074,0.9385787860849999,0.05788227080490465,0.8660687357299091,0.10766102369712265,0.6507466883356641,0.07753431801221296,0.15076990249522224
5.589999999999999,0.010312194244406004,0.9819367038316388,0.03055743716629419,0.9388851256674116,0.05764516582622951,0.8666463721791798,0.10741215898954094,0.651822054200098,0.07770213189416146,0.15154608527186536
5.599999999999999,0.01025159647287076,0.9820395224739212,0.030405031312608997,0.939189937374782,0.05740894024807621,0.8672216419777687,0.10716335512974225,0.6528949317182842,0.07786931219367911,0.1523239430211616
5.6099999999999985,0.010191371042349762,0.982141737002231,0.03025338558629022,0.9394932288274196,0.05717359154758212,0.8677945539070667,0.10691461619397845,0.6539653215191099,0.07803585682731579,0.15310346939685
5.619999999999999,0.010131515516418497,0.9822433511277816,0.03010249619618678,0.9397950076076265,0.05693911720227197,0.868365116723238,0.10666594622558948,0.655033224272059,0.07820176373530728,0.15388465803195317
5.629999999999999,0.01007202747604676,0.9823443685375093,0.0299523593700561,0.9400952812598878,0.05670551469014327,0.8689333391572227,0.10641734923516885,0.6560986406868852,0.07836703088152924,0.15466750253901426
5.639999999999999,0.010012904519459256,0.9824447928942466,0.029802971354469694,0.9403940572910606,0.05647278148975018,0.8694992299147462,0.10616882920073023,0.6571615715132851,0.0785316562534529,0.1554519965103333
5.649999999999999,0.009954144261997606,0.9825446278368938,0.029654328414719384,0.9406913431705612,0.05624091508028647,0.8700627976763206,0.10592039006787281,0.6582220175405757,0.07869563786209804,0.1562381335182031
5.659999999999999,0.009895744335983638,0.9826438769805895,0.02950642683472393,0.9409871463305521,0.056009912941667385,0.8706240510972547,0.10567203574994583,0.6592799795973634,0.0788589737419861,0.15702590711514353
5.669999999999999,0.009837702390583855,0.9827425439168802,0.029359262916936153,0.9412814741661277,0.055779772554610495,0.8711829988076593,0.10542377012821376,0.6603354585512315,0.07902166195109218,0.15781531083413758
5.679999999999999,0.0097800160916752,0.9828406322138876,0.029212832982250424,0.9415743340354992,0.05555049140071515,0.8717396494124572,0.10517559705202068,0.6613884553084164,0.0791837005707974,0.15860633818886474
5.689999999999999,0.009722683121712,0.9829381454164751,0.029067133369910757,0.9418657332601785,0.05532206696254127,0.8722940114913925,0.10492752033895324,0.6624389708134859,0.07934508770583873,0.15939898267393549
5.699999999999999,0.009665701179594194,0.9830350870464128,0.02892216043741924,0.9421556791251615,0.055094496723686874,0.8728460935990394,0.10467954377500506,0.6634870060490294,0.07950582148425984,0.1601932377651236
5.709999999999999,0.009609067980536701,0.983131460602542,0.028777910560445034,0.9424441788791099,0.05486777816886456,0.8733959042648127,0.10443167111473882,0.6645325620353351,0.07966590005736,0.1609890969196002
5.719999999999999,0.009552781255940033,0.9832272695609368,0.02863438013273369,0.9427312397345327,0.054641908783977004,0.8739434519929825,0.10418390608144949,0.6655756398300836,0.07982532159964337,0.1617865535761654
5.729999999999999,0.009496838753262028,0.9833225173750654,0.02849156556601704,0.9430168688679659,0.05441688605619142,0.8744887452626827,0.10393625236732557,0.6666162405280316,0.0799840843087667,0.16258560115548001
5.739999999999999,0.00944123823589078,0.9834172074759512,0.028349463289923462,0.9433010734201531,0.05419270747401306,0.8750317925279252,0.10368871363361165,0.6676543652607019,0.08014218640548726,0.16338623306029693
5.749999999999999,0.00938597748301873,0.9835113432723298,0.028208069751888686,0.9435838604962227,0.05396937052735769,0.8755726022176146,0.10344129351076885,0.6686900151960773,0.08029962613360872,0.16418844267569194
5.759999999999999,0.009331054289517877,0.9836049281508078,0.028067381417066873,0.9438652371658662,0.05374687270762298,0.8761111827355619,0.10319399559863612,0.6697231915382902,0.08045640175992863,0.1649922233692938
5.769999999999999,0.009276466465816131,0.9836979654760178,0.027927394768242332,0.9441452104635153,0.05352521150775909,0.8766475424604999,0.10294682346658998,0.6707538955273203,0.08061251157418245,0.16579756849151434
5.7799999999999985,0.00922221183777477,0.9837904585907745,0.027788106305741554,0.9444237873885168,0.05330438442233817,0.8771816897460983,0.10269978065370482,0.6717821284386893,0.08076795388898983,0.16660447137577677
5.789999999999999,0.009168288246566998,0.9838824108162277,0.0276495125473457,0.9447009749053086,0.053084388947622914,0.8777136329209821,0.10245287066891219,0.6728078915831572,0.08092272703979762,0.16741292533874497
5.799999999999999,0.009114693548557639,0.9839738254520148,0.027511610028203626,0.9449767799435927,0.05286522258163431,0.8782433802887465,0.10220609699115962,0.6738311863064272,0.08107682938482445,0.16822292368055097
5.809999999999999,0.00906142561518386,0.9840647057764127,0.027374395300745154,0.9452512093985097,0.05264688282421821,0.8787709401279762,0.1019594630695692,0.6748520139888379,0.08123025930500348,0.1690344596850228
5.8199999999999985,0.009008482332836965,0.984155055046487,0.02723786493459495,0.9455242701308101,0.052429367177111136,0.8792963206922648,0.10171297232359557,0.6758703760450737,0.08138301520392452,0.16984752661991098
5.829999999999999,0.00895586160274532,0.984244876498242,0.02710201551648674,0.9457959689670266,0.052212673144005156,0.8798195302102316,0.1014666281431833,0.6768862739238649,0.08153509550777643,0.17066211773711532
5.839999999999999,0.008903561340858217,0.9843341733467676,0.02696684365017802,0.9460663126996439,0.05199679823061197,0.8803405768855439,0.10122043388892465,0.6778997091076939,0.081686498665288,0.1714782262729095
5.849999999999999,0.008851579477730897,0.9844229487863867,0.026832345956365078,0.9463353080872698,0.051781739944725715,0.8808594688969353,0.10097439289221513,0.6789106831125049,0.08183722314766884,0.17229584544816803
5.8599999999999985,0.008799913958410456,0.9845112059908,0.026698519072598563,0.9466029618548029,0.0515674957962853,0.8813762143982296,0.10072850845541055,0.6799191974874079,0.08198726744854946,0.17311496846858873
5.869999999999999,0.00874856274232295,0.9845989481132308,0.0265653596531994,0.9468692806936012,0.051354063297435686,0.8818908215183593,0.1004827838519825,0.6809252538143946,0.082136630083921,0.17393558852491814
5.879999999999999,0.008697523803161288,0.984686178286568,0.02643286436917519,0.9471342712616496,0.05114143996258837,0.8824032983613912,0.10023722232667324,0.681928853708045,0.08228530959207414,0.17475769879317388
5.889999999999999,0.008646795128774332,0.9847728996235083,0.026301029908136927,0.9473979401837261,0.050929623308480845,0.8829136530065467,0.09999182709565069,0.6829299988152451,0.08243330453353753,0.17558129243486825
5.899999999999999,0.008596374721056845,0.9848591152166974,0.02616985297421621,0.9476602940515676,0.05071861085423537,0.8834218935082269,0.09974660134666281,0.6839286908149013,0.08258061349101596,0.17640636259722905
5.909999999999999,0.008546260595840419,0.9849448281388696,0.026039330287982856,0.9479213394240343,0.05050840012141687,0.883928027896036,0.09950154823919119,0.6849249314176535,0.0827272350693276,0.17723290241342218
5.919999999999999,0.00849645078278549,0.9850300414429867,0.025909458586362927,0.9481810828272742,0.05029898863409009,0.8844320641748066,0.0992566709046044,0.6859187223655971,0.08287316789534124,0.178060905002772
5.929999999999999,0.008446943325274134,0.9851147581623757,0.02578023462255711,0.9484395307548857,0.05009037391887561,0.8849340103246247,0.09901197244631074,0.6869100654320028,0.08301841061791215,0.1788903634709818
5.939999999999999,0.008397736280303953,0.9851989813108658,0.025651655165959575,0.9486966896680809,0.04988255350500547,0.8854338743008549,0.09876745593991078,0.6878989624210331,0.08316296190781869,0.17972127091035234
5.949999999999999,0.008348827718382806,0.9852827138829237,0.025523717002077204,0.9489525659958455,0.04967552492437766,0.8859316640341688,0.09852312443334904,0.6888854151674703,0.08330682045769704,0.1805536204000023
5.959999999999999,0.008300215723424514,0.9853659588537885,0.02539641693244926,0.9492071661351015,0.04946928571161009,0.8864273874305684,0.09827898094706533,0.6898694255364375,0.08344998498197667,0.18138740500608533
5.969999999999999,0.008251898392645472,0.9854487191796047,0.025269751774567358,0.9494604964508653,0.04926383340409345,0.8869210523714177,0.09803502847414591,0.6908509954231258,0.08359245421681458,0.18222261778200793
5.979999999999999,0.008203873836462141,0.9855309977975553,0.025143718361795953,0.9497125632764081,0.04905916554204361,0.8874126667134681,0.09779126998047358,0.6918301267525209,0.08373422692002924,0.18305925176864707
5.989999999999998,0.008156140178389486,0.9856127976259929,0.02501831354329316,0.9499633729134137,0.048855279668553006,0.8879022382888869,0.0975477084048775,0.692806821479132,0.08387530187103395,0.18389729999456558
5.999999999999999,0.008108695554940242,0.9856941215645704,0.02489353418393198,0.950212931632136,0.048652173329641495,0.8883897749052875,0.09730434665928296,0.693781081586722,0.08401567787077038,0.18473675547622775
6.009999999999999,0.008061538115525162,0.9857749724943703,0.024769377164221947,0.9504612456715561,0.0484498440743062,0.8888752843457581,0.0970611876288601,0.6947529090880381,0.08415535374164054,0.18557761121821564
6.019999999999999,0.008014666022353971,0.9858553532780336,0.024645839380231092,0.9507083212395379,0.048248289454570895,0.8893587743688919,0.09681823417217221,0.6957223060245478,0.08429432832743956,0.18641986021344142
6.0299999999999985,0.007968077450337365,0.9859352667598865,0.024522917743508385,0.9509541645129832,0.048047507025534286,0.889840252708818,0.09657548912132391,0.6966892744661703,0.08443260049328698,0.18726349544336235
6.039999999999999,0.007921770586989731,0.9860147157660678,0.024400609181006488,0.951198781637987,0.04784749434541796,0.8903197270752317,0.0963329552821082,0.6976538165110153,0.08457016912555781,0.188108509878193
6.049999999999999,0.007875743632332802,0.9860937031046539,0.024278910635004994,0.95144217872999,0.04764824897561345,0.8907972051534271,0.09609063543415375,0.6986159342851194,0.08470703313181419,0.18895489647711775
6.059999999999999,0.007829994798800054,0.9861722315657835,0.0241578190630339,0.9516843618739322,0.04744976848072837,0.891272694604327,0.09584853233107121,0.6995756299421845,0.0848431914407353,0.18980264818850232
6.0699999999999985,0.007784522311142037,0.9862503039217815,0.02403733143779761,0.9519253371244047,0.04725205042863215,0.8917462030645172,0.09560664870059898,0.7005329056633192,0.08497864300204724,0.19065175795010467
6.079999999999999,0.007739324406332416,0.9863279229272812,0.02391744474709919,0.9521651105058015,0.04705509239050108,0.892217738146279,0.09536498724474882,0.7014877636567812,0.08511338678645317,0.1915022186892846
6.089999999999999,0.007694399333474946,0.9864050913193466,0.023798155993765165,0.9524036880124697,0.0468588919408624,0.8926873074376217,0.0951235506399507,0.7024402061577203,0.08524742178556201,0.19235402332321377
6.099999999999999,0.007649745353711128,0.9864818118175931,0.023679462195570475,0.952641075608859,0.04666344665763788,0.893154918502317,0.09488234153719698,0.7033902354279227,0.08538074701181762,0.19320716475908417
6.1099999999999985,0.007605360740128757,0.9865580871243068,0.023561360385163974,0.952877279229672,0.0464687541221867,0.8936205788799333,0.09464136256218686,0.70433785375556,0.0855133614984272,0.19406163589431563
6.119999999999999,0.007561243777671196,0.9866339199245647,0.02344384760999425,0.9531123047800115,0.0462748119193477,0.8940842960858695,0.09440061631546924,0.7052830634549301,0.08564526429928951,0.19491742961676456
6.129999999999999,0.007517392763047458,0.9867093128863518,0.023326920932235824,0.9533461581355284,0.04608161763748091,0.8945460776113899,0.09416010537258593,0.7062258668662182,0.08577645448892228,0.19577453880492834
6.139999999999999,0.007473806004643078,0.9867842686606785,0.023210577428715646,0.9535788451425687,0.04588916886850847,0.8950059309236614,0.09391983228421398,0.707166266355233,0.08590693116238976,0.1966329563281535
6.149999999999999,0.007430481822431672,0.9868587898816973,0.023094814190840068,0.9538103716183198,0.04569746320795479,0.8954638634657877,0.0936797995763073,0.7081042643131729,0.08603669343522966,0.19749267504683857
6.159999999999999,0.007387418547887379,0.986932879166818,0.022979628324522113,0.9540407433509558,0.04550649825498626,0.8959198826568457,0.09344000975023845,0.7090398631563689,0.08616574044337995,0.19835368781264012
6.169999999999999,0.007344614523897929,0.9870065391168223,0.022865016950109132,0.9542699660997818,0.04531627161245025,0.8963739958919218,0.09320046528293931,0.7099730653260431,0.0862940713431048,0.19921598746867591
6.179999999999999,0.007302068104678527,0.9870797723159772,0.022750977202310795,0.9544980455953784,0.045126780886913305,0.8968262105421508,0.0929611686270413,0.7109038732880681,0.08642168531092106,0.20007956684972691
6.189999999999999,0.007259777655686433,0.9871525813321487,0.02263750623012746,0.9547249875397451,0.04493802368869901,0.8972765339547504,0.09272212221101556,0.7118322895327203,0.08654858154352343,0.20094441878244132
6.199999999999998,0.007217741553536313,0.9872249687169126,0.022524601196778918,0.9549507976064422,0.044749997631925095,0.8977249734530625,0.09248332843931183,0.7127583165744389,0.08667475925771019,0.20181053608553387
6.209999999999999,0.0071759581859162525,0.9872969370056667,0.022412259279633445,0.955175481440733,0.04456270033453995,0.8981715363365868,0.09224478969249762,0.7136819569515914,0.08680021769030777,0.202677911569988
6.219999999999999,0.007134425951504579,0.9873684887177404,0.022300477670137275,0.9553990446597255,0.0443761294183585,0.8986162298810234,0.09200650832739654,0.7146032132262305,0.08692495609809583,0.20354653803925515
6.229999999999999,0.007093143259887235,0.9874396263565048,0.022189253573744346,0.9556214928525113,0.04419028250909749,0.8990590613383098,0.09176848667722572,0.7155220879838583,0.08704897375773124,0.20441640828945387
6.239999999999998,0.007052108531476024,0.9875103524094809,0.022078584209846448,0.9558428315803071,0.04400515723641038,0.8995000379366602,0.09153072705173355,0.7164385838331928,0.08717226996567268,0.2052875151095686
6.249999999999999,0.007011320197427418,0.9875806693484477,0.021968466811703717,0.9560630663765926,0.043820751233921366,0.899939166880605,0.09129323173733617,0.7173527034059326,0.08729484403810386,0.20615985128164677
6.259999999999999,0.00697077669956214,0.9876505796295489,0.021858898626375477,0.9562822027472491,0.04363706213925901,0.9003764553510308,0.09105600299725371,0.7182644493565236,0.0874166953108574,0.20703340958099625
6.269999999999999,0.006930476490285358,0.9877200856933998,0.021749876914651384,0.9565002461706972,0.043454087594089225,0.9008119105052214,0.09081904307164643,0.7191738243619284,0.08753782313933785,0.20790818277638082
6.2799999999999985,0.006890418032507598,0.9877891899651918,0.021641398950982965,0.9567172020980341,0.043271825244147764,0.9012455394768965,0.09058235417774924,0.720080831121398,0.08765822689844506,0.20878416363021607
6.289999999999999,0.00685059979956631,0.9878578948547982,0.021533462023415467,0.956933075953169,0.04309027273927209,0.901677349376254,0.09034593851000704,0.7209854723562398,0.0877779059824959,0.20966134489876415
6.299999999999999,0.006811020275148069,0.9879262027568771,0.0214260634335201,0.9571478731329598,0.04290942773343282,0.9021073472900116,0.09010979824020887,0.7218877508095939,0.08789685980514793,0.2105397193323259
6.309999999999999,0.00677167795321148,0.987994116050975,0.02131920049632651,0.957361599007347,0.04272928788476443,0.902535540281446,0.08987393551762109,0.7227876692462042,0.08801508779932045,0.21141927967543667
6.3199999999999985,0.006732571337910684,0.988061637101629,0.021212870540255706,0.9575742589194886,0.04254985085559552,0.9029619353904379,0.08963835246912119,0.7236852304521955,0.08813258941711712,0.21230001866705547
6.329999999999999,0.0066936989435195365,0.9881287682584684,0.02110707090705324,0.9577858581858935,0.04237111431247867,0.9033865396335111,0.08940305119932997,0.7245804372348513,0.08824936412974713,0.21318192904075972
6.339999999999999,0.006655059294356393,0.9881955118563157,0.021001798951722783,0.9579964020965545,0.042193075926219584,0.9038093600038766,0.08916803379074396,0.7254732924223887,0.08836541142744715,0.21406500352493216
6.349999999999999,0.006616650924709561,0.9882618702152862,0.020897052042459965,0.9582058959150801,0.04201573337190569,0.9042304034714748,0.08893330230386699,0.7263637988637416,0.08848073081940198,0.21494923484295395
6.3599999999999985,0.006578472378763297,0.9883278456408878,0.020792827560586598,0.9584143448788268,0.04183908432893456,0.9046496769830187,0.08869885877734121,0.727251959428337,0.08859532183366571,0.21583461571339244
6.369999999999999,0.006540522210524548,0.9883934404241194,0.020689122900485198,0.9586217541990296,0.04166312648104139,0.9050671874620366,0.08846470522807788,0.7281377770058813,0.08870918401708264,0.21672113885018907
6.379999999999999,0.006502798983750196,0.9884586568415688,0.020585935469533877,0.9588281290609323,0.04148785751632626,0.9054829418089162,0.0882308436513871,0.7290212545061423,0.08882231693520738,0.21760879696284782
6.389999999999999,0.0064653012718749224,0.9885234971555097,0.02048326268804148,0.9590334746239171,0.041313275127280724,0.9058969469009481,0.08799727602110793,0.7299023948587318,0.08893472017222549,0.21849758275662073
6.399999999999999,0.006428027657939713,0.9885879636139984,0.02038110198918312,0.9592377960216337,0.04113937701081418,0.9063092095923698,0.08776400428973691,0.7307812010128969,0.08904639333087361,0.2193874889326955
6.409999999999998,0.006390976734520961,0.9886520584509692,0.020279450818936007,0.959441098362128,0.040966160868279373,0.9067197367144102,0.08753103038855685,0.7316576759372968,0.08915733603235895,0.220278508188379
6.419999999999999,0.006354147103660066,0.9887157838863295,0.02017830663601558,0.9596433867279688,0.040793624405497636,0.9071285350753344,0.08729835622776495,0.7325318226198041,0.08926754791627928,0.22117063321728217
6.429999999999999,0.006317537376793767,0.9887791421260546,0.02007766691181202,0.959844666176376,0.04062176533278393,0.9075356114604867,0.08706598369660014,0.7334036440672865,0.08937702864054264,0.22206385670950377
6.439999999999999,0.006281146174684875,0.9888421353622803,0.019977529130326965,0.9600449417393461,0.04045058136497059,0.9079409726323392,0.08683391466347015,0.7342731433053996,0.08948577788128631,0.22295817135181256
6.449999999999998,0.006244972127353744,0.9889047657733966,0.019877890788110666,0.9602442184237787,0.04028007022143163,0.9083446253305335,0.08660215097607801,0.7351403233783773,0.08959379533279563,0.22385356982782983
6.459999999999999,0.006209013874010193,0.9889670355241397,0.01977874939419937,0.9604425012116012,0.04011022962610583,0.9087465762719279,0.0863706944615479,0.7360051873488327,0.08970108070742383,0.22475004481821018
6.469999999999999,0.006173270062986048,0.9890289467656834,0.01968010247005308,0.9606397950598938,0.03994105730751973,0.9091468321506441,0.08613954692655085,0.7368677382975423,0.08980763373551044,0.22564758900082124
6.479999999999999,0.006137739351668207,0.9890905016357306,0.019581947549493547,0.9608361049010129,0.03977255099880999,0.9095453996381109,0.08590871015742957,0.7377279793232521,0.08991345416529936,0.22654619505092427
6.489999999999998,0.006102420406432277,0.9891517022586027,0.019484282178642648,0.9610314356427146,0.039604708437745474,0.9099422853831121,0.08567818592032268,0.7385859135424664,0.09001854176285833,0.22744585564135117
6.499999999999999,0.00606731190257674,0.9892125507453297,0.01938710391586101,0.961225792168278,0.039437527366748826,0.9103374960118321,0.08544797596128904,0.7394415440892543,0.09012289631199641,0.22834656344268467
6.509999999999999,0.0060324125242576755,0.9892730491937385,0.019290410331687026,0.961419179336626,0.03927100553291747,0.9107310381279036,0.0852180820064309,0.740294874115042,0.09022651761418254,0.2292483111234327
6.519999999999999,0.005997720964424006,0.989333199688542,0.019194199008776044,0.9616116019824479,0.03910514068804454,0.9111229183124532,0.08498850576201676,0.7411459067884193,0.09032940548846354,0.23015109135020667
6.5299999999999985,0.00596323592475327,0.9893930043014265,0.01909846754183998,0.9618030649163201,0.03893993058863887,0.9115131431241488,0.08475924891460396,0.7419946452949413,0.09043155977138193,0.2310548967878956
6.539999999999999,0.005928956115587938,0.9894524650911379,0.019003213537587164,0.9619935729248257,0.03877537299594511,0.9119017190992477,0.08453031313116036,0.7428410928369269,0.09053298031689364,0.23195972009984103
6.549999999999999,0.005894880255872209,0.9895115841035689,0.01890843461466255,0.9621831307706749,0.03861146567596301,0.9122886527516428,0.08430170005918582,0.7436852526332711,0.0906336669962855,0.23286555394801112
6.559999999999999,0.005861007073089393,0.9895703633718442,0.018814128403588114,0.9623717431928238,0.03844820639946642,0.9126739505729113,0.08407341132683321,0.7445271279192448,0.09073361969809327,0.23377239099317276
6.5699999999999985,0.005827335303199707,0.989628804916406,0.018720292546703675,0.9625594149065927,0.03828559294202211,0.9130576190323618,0.08384544854302832,0.7453667219463047,0.09083283832801828,0.23468022389506477
6.579999999999999,0.005793863690578684,0.9896869107450982,0.01862692469810791,0.9627461506037842,0.03812362308400773,0.9134396645770829,0.08361781329759023,0.7462040379819022,0.09093132280884522,0.2355890453125677
6.589999999999999,0.005760590987955976,0.98974468285325,0.018534022523599758,0.9629319549528005,0.037962294610629894,0.9138200936319902,0.08339050716135027,0.7470390793092901,0.09102907308035918,0.23649884790387543
6.599999999999999,0.00572751595635475,0.9898021232237597,0.01844158370062001,0.96311683259876,0.037801605311941364,0.9141989125998767,0.08316353168627091,0.7478718492273351,0.09112608909926243,0.23740962432666443
6.6099999999999985,0.005694637365031516,0.9898592338271771,0.01834960591819328,0.9633007881636134,0.03764155298285829,0.9145761278614606,0.0829368884055644,0.7487023510503317,0.09122237083909152,0.23832136723826175
6.619999999999999,0.00566195399141643,0.9899160166217852,0.018258086876870208,0.9634838262462596,0.03748213542317675,0.9149517457754317,0.08271057883380999,0.7495305881078119,0.09131791829013426,0.23923406929581517
6.629999999999999,0.005629464621054166,0.989972473553682,0.018167024288670005,0.96366595142266,0.03732335043758911,0.9153257726785039,0.08248460446707186,0.7503565637443601,0.09141273145934639,0.2401477231564566
6.639999999999999,0.005597168047545151,0.9900286065568615,0.01807641587702322,0.9638471682459535,0.03716519583569984,0.915698214885462,0.08225896678301557,0.7511802813194312,0.0915068103702681,0.24106232147747245
6.649999999999999,0.005565063072487378,0.9900844175532936,0.01798625937671484,0.9640274812465703,0.03700766943204109,0.9160690786892112,0.08203366724102443,0.752001744207162,0.09160015506294077,0.24197785691646598
6.659999999999998,0.005533148505418612,0.9901399084530037,0.017896552533827662,0.9642068949323447,0.03685076904608795,0.9164383703608279,0.0818087072823152,0.752820955796197,0.09169276559382317,0.24289432213152332
6.669999999999999,0.0055014231637590776,0.9901950811541524,0.017807293105685944,0.9643854137886281,0.036694492502273024,0.9168060961496063,0.08158408833005366,0.7536379194894991,0.0917846420357084,0.2438117097813775
6.679999999999999,0.005469885872754661,0.9902499375431135,0.017718478860799334,0.9645630422784014,0.036538837630001174,0.9171722622831114,0.08135981178946919,0.7544526387041733,0.0918757844776399,0.2447300125255693
6.689999999999999,0.005438535465420522,0.9903044794945522,0.01763010757880708,0.9647397848423859,0.03638380226366332,0.9175368749672256,0.08113587904796911,0.7552651168712874,0.09196619302482745,0.24564922302461256
6.699999999999998,0.005407370782485132,0.9903587088715025,0.017542177050422533,0.9649156458991549,0.03622938424265037,0.9178999403862014,0.08091229147525249,0.7560753574356968,0.09205586779856434,0.24656933394015262
6.709999999999999,0.0053763906723348085,0.9904126275254437,0.017454685077377886,0.9650906298452442,0.03607558141136659,0.9182614647027104,0.08068905042342323,0.756883363855864,0.09214480893614235,0.24749033793512815
6.719999999999999,0.00534559399095872,0.9904662372963775,0.01736762947236929,0.9652647410552614,0.035922391619242613,0.9186214540578922,0.08046615722710339,0.7576891396036857,0.09223301659076878,0.2484122276739306
6.729999999999999,0.005314979601894216,0.9905195400129031,0.017281008059002064,0.9654379838819959,0.03576981272074809,0.9189799145714068,0.0802436132035449,0.758492688164317,0.09232049093148205,0.24933499582256208
6.739999999999998,0.0052845463761727425,0.9905725374922925,0.01719481867173637,0.9656103626565272,0.03561784257540427,0.9193368523414839,0.08002141965274152,0.7592940130360009,0.09240723214306779,0.2502586350487947
6.749999999999999,0.005254293192266037,0.9906252315405651,0.01710905915583303,0.9657818816883339,0.035466479047795776,0.9196922734449735,0.07979957785754047,0.7600931177298923,0.09249324042597502,0.25118313802232617
6.759999999999999,0.005224218936032931,0.9906776239525625,0.017023727367299686,0.9659525452654006,0.03531572000758264,0.9200461839373971,0.07957808908375283,0.7608900057698916,0.09257851599623193,0.252108497414937
6.769999999999999,0.005194322500666381,0.9907297165120211,0.01693882117283718,0.9661223576543256,0.03516556332951138,0.9203985898529984,0.07935695458026396,0.7616846806924704,0.09266305908536167,0.25303470590064536
6.7799999999999985,0.005164602786641048,0.9907815109916461,0.01685433844978622,0.9662913231004275,0.03501600689342634,0.9207494972047937,0.07913617557914346,0.7624771460465066,0.09274686994029842,0.2539617561558617
6.789999999999999,0.005135058701661301,0.9908330091531834,0.016770277086074325,0.9664594458278514,0.034867048584280254,0.9210989119846229,0.07891575329575426,0.7632674053931142,0.09282994882330323,0.25488964085954324
6.799999999999999,0.005105689160609539,0.9908842127474917,0.016686634980163047,0.9666267300396739,0.0347186862921449,0.9214468401632019,0.07869568892886167,0.7640554623054789,0.0929122960118798,0.2558183526933447
6.809999999999999,0.005076493085495005,0.9909351235146145,0.01660341004099537,0.9667931799180093,0.03457091791222102,0.9217932876901727,0.07847598366074163,0.7648413203686892,0.09299391179869038,0.2567478843417733
6.8199999999999985,0.005047469405402978,0.9909857431838509,0.01652060018794348,0.966958799624113,0.0344237413448483,0.9221382604941543,0.07825663865728844,0.7656249831795773,0.09307479649147131,0.2576782284923369
6.829999999999999,0.005018617056444351,0.9910360734738256,0.016438203350756738,0.9671235932984865,0.03427715449551494,0.9224817644827958,0.07803765506812228,0.766406454346551,0.09315495041294919,0.2586093778356966
6.839999999999999,0.004989934981705661,0.9910861160925597,0.01635621746950992,0.9672875650609802,0.03413115527486672,0.9228238055428264,0.07781903402669611,0.767185737489434,0.09323437390075665,0.2595413250658153
6.849999999999999,0.004961422131199434,0.9911358727375398,0.01627464049455173,0.9674507190108965,0.03398574159871612,0.9231643895401076,0.07760077665040177,0.7679628362393038,0.09331306730734741,0.260474062880106
6.8599999999999985,0.004933077461814994,0.9911853450957867,0.016193470386453537,0.967613059227093,0.033840911388050864,0.923503522319685,0.0773828840406763,0.7687377542383325,0.09339103099991324,0.2614075839795806
6.869999999999998,0.004904899937269624,0.9912345348439248,0.01611270511595842,0.9677745897680832,0.03369666256904232,0.92384120970584,0.07716535728310683,0.7695104951396263,0.09346826536029879,0.2623418810689952
6.879999999999999,0.004876888528060116,0.9912834436482492,0.01603234266393039,0.9679353146721392,0.03355299307305357,0.9241774575021419,0.0769481974475362,0.7702810626070694,0.09354477078491795,0.263276946856999
6.889999999999999,0.0048490422114147004,0.9913320731647938,0.01595238102130399,0.968095237957392,0.03340990083664727,0.9245122714914993,0.07673140558816653,0.7710494603151663,0.09362054768466944,0.26421277405627613
6.899999999999999,0.004821359971245367,0.9913804250393983,0.01587281818903398,0.9682543636219321,0.03326738380159306,0.9248456574362122,0.07651498274366396,0.771815691948884,0.09369559648485258,0.2651493553836921
6.909999999999998,0.004793840798100562,0.9914285009077747,0.015793652178045407,0.9684126956439092,0.03312543991487488,0.9251776210780249,0.0762989299372617,0.7725797612035016,0.09376991762508328,0.2660866835604383
6.919999999999999,0.004766483689118199,0.9914763023955734,0.01571488100918387,0.9685702379816323,0.03298406712869794,0.9255081681381776,0.07608324817686317,0.7733416717844506,0.09384351155921003,0.2670247513121718
6.929999999999999,0.004739287647979143,0.9915238311184491,0.015636502713166044,0.968726994573668,0.03284326340049545,0.9258373043174581,0.07586793845514443,0.7741014274071693,0.09391637875522951,0.2679635513691604
6.939999999999999,0.004712251684860953,0.9915710886821257,0.01555851533053045,0.9688829693389391,0.03270302669293501,0.9261650352962558,0.07565300174965628,0.7748590317969432,0.09398851969520254,0.2689030764664213
6.949999999999998,0.004685374816392058,0.9916180766824612,0.015480916911588458,0.969038166176823,0.03256335497392481,0.9264913667346116,0.07543843902292574,0.7756144886887602,0.09405993487517039,0.2698433193438629
6.959999999999999,0.004658656065606258,0.9916647967055118,0.015403705516375543,0.9691925889672489,0.03242424621661958,0.9268163042722726,0.07522425122255738,0.7763678018271578,0.09413062480507048,0.2707842727464234
6.969999999999999,0.004632094461897595,0.9917112503275961,0.015326879214602828,0.9693462415707943,0.03228569839942623,0.9271398535287436,0.07501043928133357,0.777118974966077,0.09420059000865254,0.2717259294242086
6.979999999999999,0.00460568904097554,0.9917574391153583,0.015250436085608754,0.9694991278287824,0.03214770950600925,0.92746202010334,0.0747970041173148,0.7778680118687109,0.09426983102339459,0.272668282132632
6.989999999999998,0.004579438844820591,0.9918033646258309,0.015174374218311113,0.9696512515633777,0.03201027752529594,0.927782809575239,0.07458394663393948,0.7786149163073603,0.09433834840041924,0.27361132363254914
6.999999999999999,0.004553342921640175,0.9918490284064972,0.015098691711159263,0.9698026165776815,0.03187340045148123,0.9281022275035348,0.07437126772012287,0.7793596920632893,0.09440614270440983,0.2745550466903955
7.009999999999999,0.004527400325824886,0.9918944319953542,0.015023386672086582,0.9699532266558268,0.03173707628403246,0.9284202794272893,0.07415896825035587,0.7801023429265774,0.09447321451352621,0.27549944407831944
7.019999999999999,0.004501610117905092,0.9919395769209728,0.014948457218463173,0.9701030855630737,0.031601303027693775,0.9287369708655854,0.07394704908480336,0.7808428726959783,0.09453956441932211,0.27644450857431985
7.0299999999999985,0.00447597136450785,0.99198446470256,0.014873901477048791,0.9702521970459024,0.031466078692490206,0.9290523073175796,0.073735511069402,0.7815812851787758,0.09460519302666051,0.2773902329623765
7.039999999999999,0.004450483138314176,0.9920290968500196,0.014799717583946005,0.970400564832108,0.03133140129373183,0.929366294262556,0.0735243550359573,0.7823175841906418,0.0946701009536301,0.27833661003258375
7.049999999999999,0.004425144518016648,0.992073474864012,0.01472590368455365,0.9705481926308926,0.03119726885201739,0.9296789371599772,0.07331358180224083,0.7830517735554953,0.09473428883146254,0.2792836325812837
7.059999999999999,0.004399954588277311,0.9921176002360145,0.014652457933520385,0.9706950841329592,0.031063679393237825,0.9299902414495389,0.07310319217208636,0.7837838571053667,0.09479775730444817,0.28023129341119535
7.0699999999999985,0.0043749124396859265,0.9921614744483807,0.014579378494698605,0.9708412430106028,0.030930630948579473,0.9303002125512219,0.07289318693548559,0.7845138386802503,0.09486050702985305,0.2811795853315461
7.079999999999998,0.004350017168718536,0.9922050989743996,0.014506663541098539,0.9709866729178029,0.030798121554527245,0.9306088558653453,0.07268356686868423,0.7852417221279765,0.09492253867783579,0.2821285011581999
7.089999999999999,0.004325267877696375,0.9922484752783542,0.014434311254842555,0.9711313774903149,0.03066614925286728,0.9309161767726197,0.07247433273427628,0.7859675113040671,0.09498385293136372,0.28307803371378654
7.099999999999999,0.004300663674745038,0.9922916048155798,0.014362319827119729,0.9712753603457606,0.030534712090689795,0.9312221806342004,0.07226548528129914,0.7866912100716017,0.09504445048613058,0.2840281758278297
7.1099999999999985,0.004276203673754049,0.9923344890325217,0.014290687458140619,0.9714186250837188,0.030403808120391295,0.9315268727917392,0.0720570252453273,0.7874128223010847,0.09510433205047257,0.284978920336873
7.119999999999998,0.004251886994336616,0.9923771293667928,0.01421941235709227,0.9715611752858154,0.03027343539967672,0.9318302585674393,0.0718489533485661,0.7881323518703072,0.0951634983452864,0.28593026008460604
7.129999999999999,0.004227712761789848,0.9924195272472307,0.014148492742093432,0.9717030145158131,0.03014359199156163,0.9321323432641074,0.07164127029994481,0.7888498026642174,0.09522195010394527,0.2868821879219903
7.139999999999999,0.004203680107055151,0.9924616840939541,0.014077926840150058,0.9718441463196998,0.03001427596437381,0.9324331321652065,0.07143397679520959,0.7895651785747871,0.09527968807221697,0.28783469670738226
7.149999999999999,0.004179788166678989,0.9925036013184191,0.014007712887110916,0.9719845742257782,0.029885485391754774,0.9327326305349097,0.07122707351701549,0.7902784835008784,0.09533671300818079,0.288787779306659
7.159999999999998,0.00415603608277392,0.9925452803234752,0.01393784912762352,0.972124301744753,0.02975721835266128,0.9330308436181528,0.07102056113501821,0.7909897213481165,0.09539302568214487,0.28974142859333785
7.169999999999999,0.004132423002979968,0.992586722503421,0.013868333815090244,0.9722633323698195,0.029629472931366405,0.9333277766406881,0.07081444030596565,0.7916988960287568,0.0954486268765641,0.29069563744870186
7.179999999999999,0.00410894808042625,0.9926279292440584,0.013799165211624656,0.9724016695767507,0.029502247217460482,0.9336234348091376,0.0706087116737887,0.7924060114615598,0.09550351738595698,0.29165039876191773
7.189999999999999,0.004085610473692898,0.9926689019227483,0.013730341588008064,0.9725393168239839,0.02937553930585193,0.9339178233110444,0.07040337586969175,0.793111071571661,0.09555769801682439,0.292605705430158
7.199999999999998,0.00406240934677329,0.9927096419084643,0.013661861223646297,0.9726762775527075,0.029249347296767706,0.934210947314929,0.07019843351224246,0.7938140802904438,0.09561116958756606,0.2935615503587193
7.209999999999999,0.0040393438690365935,0.9927501505618471,0.013593722406526662,0.9728125551869466,0.029123669295753832,0.9345028119703396,0.06999388520746168,0.7945150415554161,0.09566393292839999,0.2945179264611416
7.219999999999999,0.004016413215190506,0.9927904292352575,0.013525923433175211,0.9729481531336496,0.028998503413675457,0.9347934224079065,0.06978973154891226,0.7952139593100821,0.09571598888127929,0.29547482665932623
7.229999999999999,0.003993616565244392,0.99283047927283,0.013458462608614066,0.9730830747827719,0.028873847766716945,0.935082783739396,0.06958597311778784,0.7959108375038204,0.09576733829981078,0.2964322438836514
7.239999999999998,0.003970953104472605,0.9928703020105257,0.013391338246319098,0.9732173235073618,0.02874970047638166,0.9353709010577624,0.06938261048300105,0.7966056800917608,0.09581798204917345,0.29739017107309035
7.249999999999999,0.003948422023378152,0.9929098987761844,0.013324548668177753,0.9733509026636445,0.028626059669491586,0.9356577794372013,0.06917964420127128,0.7972984910346587,0.09586792100603657,0.29834860117532525
7.259999999999999,0.003926022517656587,0.9929492708895773,0.0132580922044471,0.9734838155911059,0.028502923478186858,0.9359434239332036,0.06897707481721213,0.7979892742987792,0.09591715605847842,0.299307527146862
7.269999999999999,0.003903753788160239,0.9929884196624578,0.013191967193712087,0.9736160656125759,0.028380290039924948,0.936227839582608,0.06877490286341806,0.7986780338557723,0.0959656881059046,0.3002669419531436
7.2799999999999985,0.0038816150408626142,0.9930273463986139,0.013126171982843996,0.973747656034312,0.02825815749747984,0.936511031403654,0.06857312886055109,0.799364773682552,0.09601351805896725,0.30122683856866417
7.289999999999998,0.0038596054868231876,0.9930660523939187,0.013060704926959132,0.9738785901460817,0.028136523998941027,0.9367930043960365,0.06837175331742665,0.8000494977611832,0.09606064683948366,0.3021872099770798
7.299999999999999,0.003837724342152345,0.9931045389363811,0.012995564389377677,0.9740088712212447,0.028015387697712106,0.9370737635409567,0.06817077673109947,0.8007322100787582,0.09610707538035543,0.30314804917132027
7.309999999999999,0.003815970827976682,0.9931428073061961,0.012930748741582822,0.9741385025168343,0.027894746752509574,0.937353313801177,0.06797019958694825,0.8014129146272801,0.09615280462548736,0.3041093491536998
7.3199999999999985,0.003794344170404514,0.9931808587757953,0.01286625636317998,0.97426748727364,0.027774599327361073,0.9376316601210732,0.06777002235876095,0.8020916154035513,0.09619783552970715,0.30507110293602596
7.329999999999998,0.003772843600491651,0.9932186946098959,0.012802085641856338,0.9743958287162873,0.027654943591603805,0.9379088074266884,0.06757024550881863,0.8027683164090516,0.09624216905868478,0.30603330353970865
7.339999999999999,0.003751468354207441,0.9932563160655501,0.012738234973340519,0.9745235300533189,0.02753577771988262,0.9381847606257849,0.06737086948797939,0.8034430216498261,0.09628580618885176,0.30699594399586927
7.349999999999999,0.0037302176724010763,0.9932937243921944,0.012674702761362483,0.9746505944772751,0.027417099892147894,0.9384595246078986,0.06717189473576228,0.8041157351363738,0.09632874790732125,0.30795901734544534
7.3599999999999985,0.0037090908007681275,0.9933309208316982,0.012611487417613622,0.9747770251647727,0.027298908293653393,0.9387331042443913,0.06697332168042965,0.8047864608835325,0.09637099521180767,0.30892251663930115
7.369999999999998,0.003688086989817355,0.9933679066184116,0.01254858736170705,0.9749028252765859,0.027181201114953885,0.9390055043885038,0.06677515073906999,0.8054552029103639,0.09641254911054703,0.3098864349383281
7.379999999999999,0.0036672054948377487,0.9934046829792138,0.012486001021138083,0.9750279979577239,0.027063976551902597,0.9392767298754088,0.06657738231768034,0.8061219652400479,0.09645341062221661,0.31085076531355404
7.389999999999999,0.00364644557586585,0.9934412511335611,0.012423726831244966,0.97515254633751,0.026947232805648612,0.939546785522264,0.06638001681124774,0.8067867518997686,0.096493580775856,0.31181550084624454
7.399999999999999,0.003625806497653245,0.9934776122935332,0.012361763235169703,0.9752764735296606,0.026830968082634018,0.9398156761282652,0.06618305460383052,0.8074495669206038,0.09653306061078694,0.3127806346280075
7.409999999999998,0.0036052875296343984,0.993513767663881,0.012300108683819162,0.9753997826323617,0.026715180594590895,0.9400834064746992,0.06598649606863945,0.8081104143374201,0.09657185117653408,0.3137461597608952
7.419999999999999,0.0035848879458946466,0.993549718442073,0.012238761635826345,0.9755224767283474,0.026599868558538287,0.9403499813249964,0.06579034156811799,0.8087692981887602,0.09660995353274626,0.3147120693575053
7.429999999999999,0.003564607025138488,0.9935854658183416,0.01217772055751186,0.9756445588849763,0.02648503019677898,0.9406154054247837,0.06559459145402256,0.8094262225167388,0.0966473687491166,0.3156783565410829
7.439999999999999,0.003544444050658054,0.9936210109757295,0.012116983922845572,0.9757660321543089,0.026370663736895925,0.9408796835019376,0.06539924606750183,0.810081191366934,0.09668409790530458,0.3166450144456192
7.449999999999998,0.003524398310301869,0.9936563550901347,0.012056550213408446,0.9758868995731831,0.02625676741174894,0.9411428202666368,0.0652043057391765,0.8107342087882835,0.09672014209085665,0.31761203621595235
7.459999999999999,0.0035044690964438135,0.9936914993303567,0.011996417918354593,0.9760071641632908,0.026143339459470873,0.9414048204114149,0.06500977078921755,0.81138527883298,0.09675550240512822,0.31857941500786463
7.469999999999999,0.0034846557059523262,0.993726444858141,0.01193658553437352,0.976126828931253,0.026030378123463867,0.9416656886112131,0.06481564152742499,0.8120344055563632,0.09679017995720422,0.3195471439881802
7.479999999999999,0.0034649574401598112,0.9937611928282242,0.011877051565652507,0.976245896868695,0.02591788165239541,0.9419254295234334,0.06462191825330586,0.8126815930168216,0.09682417586582272,0.32051521633486274
7.489999999999998,0.0034453736048323386,0.9937957443883786,0.011817814523839232,0.9763643709523215,0.025805848300194244,0.9421840477879901,0.06442860125615157,0.813326845275687,0.0968574912592947,0.32148362523711127
7.499999999999998,0.003425903510139484,0.9938301006794559,0.011758872928004564,0.9764822541439909,0.025694276326046164,0.9424415480273636,0.06423569081511535,0.8139701663971326,0.09689012727542819,0.3224523638954564
7.509999999999999,0.0034065464706244616,0.9938642628354315,0.011700225304605537,0.976599549390789,0.025583163994389688,0.942697934846652,0.06404318719928878,0.8146115604480743,0.09692208506144902,0.32342142552185194
7.519999999999999,0.003387301805174425,0.9938982319834481,0.011641870187448514,0.976716259625103,0.025472509574911692,0.9429532128336247,0.06385109066777861,0.8152510314980674,0.09695336577392442,0.3243908033397724
7.5299999999999985,0.0033681688369910532,0.9939320092438587,0.011583806117652523,0.9768323877646949,0.02536231134254264,0.9432073865587735,0.06365940146978197,0.8158885836192095,0.09698397057868531,0.32536049058430355
7.539999999999998,0.0033491468935612735,0.9939655957302699,0.0115260316436128,0.9769479367127745,0.025252567577452017,0.9434604605753659,0.0634681198446627,0.8165242208860404,0.09701390065074834,0.3263304805022362
7.549999999999999,0.003330235306628273,0.9939989925495845,0.011468545320964469,0.977062909358071,0.025143276565043476,0.9437124394194973,0.06327724602202604,0.8171579473754457,0.0970431571742406,0.32730076635215594
7.559999999999999,0.003311433412162676,0.9940322008020436,0.011411345712546494,0.977177308574907,0.025034436595949852,0.9439633276101439,0.0630867802217936,0.817789767166557,0.09707174134232152,0.3282713414045352
7.5699999999999985,0.003292740550333966,0.9940652215812693,0.011354431388365675,0.9772911372232687,0.024926045966028102,0.9442131296492131,0.06289672265427758,0.818419684340658,0.09709965435710628,0.3292421989418236
7.579999999999998,0.0032741560654820792,0.9940980559743063,0.01129780092556094,0.9774043981488781,0.024818102976354173,0.9444618500215981,0.06270707352025484,0.8190477029810884,0.09712689742959033,0.3302133322585354
7.589999999999999,0.003255679306089282,0.9941307050616635,0.011241452908367774,0.9775170941832645,0.02471060593321765,0.9447094931952281,0.06251783301104064,0.8196738271731471,0.09715347177957243,0.33118473466133935
7.599999999999999,0.003237309624752146,0.9941631699173545,0.01118538592808281,0.9776292281438344,0.02460355314811633,0.9449560636211218,0.06232900130856133,0.8202980610039992,0.09717937863557856,0.3321563994691461
7.6099999999999985,0.0032190463781538396,0.9941954516089404,0.01112959858302862,0.9777408028339428,0.024496942937750735,0.9452015657334389,0.06214057858542767,0.8209204085625836,0.09720461923478646,0.3331283200131941
7.619999999999998,0.00320088892703655,0.9942275511975688,0.011074089478518671,0.9778518210429626,0.024390773624018508,0.9454460039495318,0.06195256500500699,0.8215408739395177,0.09722919482295014,0.3341004896371373
7.629999999999999,0.0031828366361741217,0.9942594697380149,0.011018857226822453,0.9779622855463551,0.024285043534008538,0.9456893826699978,0.061764960721495045,0.8221594612270078,0.09725310665432343,0.3350729016971294
7.639999999999999,0.0031648888743449335,0.994291208278722,0.010963900447130814,0.9780721991057384,0.024179750999995284,0.9459317062787314,0.06157776587998796,0.8227761745187554,0.09727635599158602,0.33604554956190924
7.649999999999999,0.0031470450143049242,0.9943227678618407,0.01090921776552139,0.9781815644689572,0.02407489435943268,0.9461729791429754,0.06139098061655329,0.8233910179098689,0.09729894410576771,0.33701842661288345
7.659999999999998,0.0031293044327608474,0.9943541495232693,0.010854807814924294,0.9782903843701514,0.023970471954948117,0.946413205613373,0.0612046050583008,0.8240039954967715,0.09732087227617321,0.3379915262442109
7.669999999999999,0.003111666510343713,0.9943853542926926,0.010800669235087925,0.9783986615298241,0.023866482134336283,0.94665239002402,0.06101863932345304,0.8246151113771137,0.09734214179030849,0.3389648418628851
7.679999999999999,0.003094130631582414,0.9944163831936212,0.01074680067254497,0.9785063986549101,0.02376292325055295,0.9468905366925153,0.06083308352141552,0.8252243696496844,0.0973627539438052,0.339938366888814
7.689999999999999,0.003076696184877572,0.9944472372434306,0.010693200780578557,0.9786135984388429,0.023659793661708527,0.9471276499200136,0.060647937752846166,0.8258317744143211,0.0973827100403477,0.34091209475490364
7.699999999999998,0.0030593625624755266,0.9944779174533994,0.010639868219188596,0.9787202635616228,0.023557091731061578,0.9473637339912763,0.06046320210972465,0.8264373297718269,0.09740201139159708,0.3418860189071361
7.709999999999998,0.0030421291604425904,0.9945084248287476,0.010586801655058277,0.9788263966898835,0.023454815827012355,0.947598793174723,0.06027887667542169,0.8270410398238793,0.09742065931712002,0.3428601328046489
7.719999999999999,0.00302499537863939,0.9945387603686753,0.01053399976152072,0.9789320004769586,0.02335296432309611,0.947832831722483,0.06009496152476729,0.8276429086729485,0.09743865514431232,0.3438344299198164
7.729999999999999,0.0030079606206955107,0.9945689250663995,0.010481461218525856,0.9790370775629483,0.023251535597976297,0.948065853870447,0.0599114567241189,0.8282429404222093,0.09745600020832768,0.3448089037383236
7.739999999999998,0.002991024293984213,0.9945989199091928,0.010429184712607367,0.9791416305747853,0.023150528035437802,0.9482978638383173,0.0597283623314295,0.8288411391754582,0.09747269585200305,0.3457835477592477
7.749999999999998,0.0029741858095974063,0.9946287458784199,0.01037716893684988,0.9792456621263003,0.023049940024379916,0.9485288658296601,0.059545678396314757,0.829437509037031,0.09748874342578666,0.34675835549513023
7.759999999999999,0.002957444582320801,0.9946584039495747,0.01032541259085629,0.9793491748182874,0.022949769958809412,0.9487588640319559,0.05936340496012032,0.8300320541117154,0.09750414428766442,0.3477333204720561
7.769999999999999,0.0029408000306091874,0.9946878950923178,0.010273914380715257,0.9794521712385695,0.022850016237833396,0.9489878626166509,0.05918154205598845,0.8306247785046739,0.09751889980308782,0.348708436229728
7.7799999999999985,0.0029242515765619615,0.9947172202705121,0.01022267301896884,0.9795546539620623,0.022750677265652042,0.949215865739208,0.05900008970892424,0.8312156863213594,0.09753301134490151,0.34968369632153834
7.789999999999998,0.0029077986458987716,0.9947463804422598,0.010171687224580329,0.9796566255508393,0.02265175145155142,0.949442877539157,0.05881904793586181,0.8318047816674333,0.097546480293271,0.3506590943146469
7.799999999999999,0.002891440667935386,0.9947753765599386,0.010120955722902199,0.9797580885541957,0.022553237209896024,0.9496689021401468,0.05863841674572963,0.8323920686486875,0.09755930803561066,0.35163462379004956
7.809999999999999,0.0028751770755597187,0.9948042095702369,0.010070477245644284,0.9798590455087114,0.022455132960121398,0.949893943649994,0.058458196139516,0.8329775513709623,0.09757149596651254,0.35261027834265357
7.8199999999999985,0.0028590073052079984,0.9948328804141895,0.010020250530842014,0.979959498938316,0.02235743712672656,0.9501180061607365,0.05827838611033387,0.8335612339400686,0.09758304548767423,0.35358605158134676
7.829999999999998,0.0028429307968411747,0.9948613900272139,0.009970274322824905,0.9800594513543501,0.0222601481392664,0.9503410937486811,0.05809898664348524,0.8341431204617107,0.0975939580078279,0.35456193712906947
7.839999999999999,0.002826946993921417,0.9948897393391442,0.009920547372185153,0.9801589052556297,0.022163264432343913,0.9505632104744562,0.05791999771652537,0.8347232150414057,0.09760423494266919,0.3555379286228848
7.849999999999999,0.0028110553433888645,0.9949179292742666,0.0098710684357464,0.9802578631285073,0.022066784445602592,0.9507843603830614,0.057741419299326725,0.8353015217844079,0.09761387771478673,0.35651401971404606
7.8599999999999985,0.0027952552956384737,0.9949459607513541,0.009821836276532658,0.9803563274469347,0.021970706623718413,0.9510045475039174,0.0575632513541422,0.8358780447956328,0.09762288775359057,0.3574902040680688
7.869999999999998,0.002779546304497072,0.9949738346837009,0.009772849663737385,0.9804543006725253,0.021875029416391984,0.9512237758509171,0.05738549383566825,0.8364527881795808,0.09763126649524348,0.3584664753647938
7.879999999999999,0.0027639278272005682,0.9950015519791565,0.009724107372692699,0.9805517852546146,0.02177975127834049,0.9514420494224755,0.05720814669110765,0.8370257560402601,0.09763901538258844,0.35944282729845867
7.889999999999999,0.0027483993243713253,0.9950291135401595,0.009675608184838804,0.9806487836303224,0.02168487066928978,0.95165937220158,0.0570312098602321,0.8375969524811158,0.09764613586508146,0.3604192535777616
7.899999999999999,0.002732960259995689,0.9950565202637718,0.009627350887693469,0.9807452982246131,0.021590386053965956,0.9518757481558399,0.05685468327544366,0.8381663816049524,0.09765262939871931,0.3613957479259296
7.909999999999998,0.002717610101401694,0.9950837730417117,0.009579334274821749,0.9808413314503565,0.021496295902087396,0.9520911812375368,0.05667856686183709,0.8387340475138627,0.09765849744597213,0.3623723040807808
7.919999999999998,0.002702348319236908,0.9951108727603876,0.009531557145805825,0.9809368857083883,0.021402598688356325,0.9523056753836749,0.05650286053726066,0.8392999543091537,0.09766374147571256,0.36334891579479
7.929999999999999,0.0026871743874464756,0.9951378203009306,0.009484018306214982,0.98103196338757,0.021309292892450534,0.9525192345160295,0.056327564212377515,0.8398641060912744,0.09766836296314799,0.3643255768351535
7.939999999999999,0.002672087783251247,0.995164616539228,0.009436716567575755,0.9811265668648484,0.021216376999014918,0.9527318625411982,0.05615267779072613,0.8404265069597461,0.09767236338975137,0.36530228098384965
7.949999999999998,0.0026570879871261636,0.9951912623459555,0.009389650747342212,0.9812206985053156,0.021123849497652995,0.9529435633506496,0.055978201168780405,0.8409871610130885,0.09767574424319155,0.36627902203770357
7.959999999999998,0.0026421744827786857,0.9952177585866094,0.009342819668866397,0.9813143606622672,0.02103170888291833,0.9531543408207729,0.05580413423600993,0.841546072348753,0.09767850701726734,0.36725579380844825
7.969999999999999,0.0026273467571274766,0.9952441061215397,0.009296222161368902,0.9814075556772622,0.02093995365430598,0.9533641988129278,0.05563047687493953,0.8421032450630486,0.09768065321183708,0.36823259012278353
7.979999999999999,0.0026126043002811694,0.9952703058059811,0.009249857059909628,0.9815002858801808,0.020848582316243734,0.9535731411734937,0.055457228961208305,0.8426586832510768,0.09768218433275233,0.36920940482243886
7.989999999999998,0.002597946605517326,0.9952963584900852,0.009203723205358614,0.9815925535892828,0.020757593378083423,0.9537811717339184,0.05528439036362886,0.8432123910066607,0.09768310189178936,0.37018623176423154
7.999999999999998,0.0025833731692615075,0.9953222650189527,0.009157819444367098,0.9816843611112658,0.020666985354092084,0.9539882943107686,0.05511196094424551,0.8437643724222778,0.0976834074065823,0.37116306482012645
8.01,0.0025688834910665486,0.9953480262326637,0.009112144629338651,0.9817757107413227,0.020576756763443074,0.9541945127057776,0.054939940558392984,0.8443146315889918,0.09768310240055594,0.37213989787729324
8.019999999999998,0.002554477073591929,0.9953736429663095,0.009066697618400545,0.9818666047631989,0.020486906130207264,0.954399830705895,0.05476832905475406,0.8448631725963869,0.0976821884028587,0.37311672483816427
8.03,0.002540153422583292,0.9953991160500234,0.009021477275375108,0.9819570454492498,0.02039743198334384,0.9546042520833357,0.054597126275417025,0.8454099995325021,0.09768066694829587,0.37409353962049374
8.04,0.0025259120468521805,0.9954244463090117,0.008976482469751431,0.9820470350604972,0.020308332856691525,0.9548077805956287,0.05442633205593325,0.845955116483762,0.09767853957726345,0.3750703361574083
8.049999999999999,0.0025117524582558043,0.9954496345635839,0.008931712076657024,0.9821365758466859,0.020219607288959243,0.9550104199856654,0.054255946225373934,0.8464985275349177,0.0976758078356821,0.37604710839746974
8.059999999999999,0.002497674171677065,0.9954746816291832,0.008887164976829728,0.9822256700463405,0.020131253823717145,0.9552121739817491,0.054085968606386675,0.8470402367689757,0.09767247327493048,0.3770238503047242
8.069999999999999,0.00248367670500462,0.9954995883164168,0.008842840056589725,0.9823143198868205,0.02004327100938728,0.9554130462976422,0.053916399015251755,0.8475802482671386,0.09766853745178053,0.3780005558587595
8.079999999999998,0.0024697595791131712,0.9955243554310855,0.008798736207811703,0.9824025275843766,0.019955657399234425,0.9556130406326167,0.05374723726193804,0.8481185661087406,0.09766400192833107,0.37897721905475834
8.089999999999998,0.002455922317843852,0.9955489837742141,0.008754852327897144,0.9824902953442057,0.019868411551356747,0.9558121606715008,0.05357848315015868,0.8486551943711833,0.09765886827194349,0.3799538339035491
8.099999999999998,0.0024421644479847428,0.9955734741420802,0.008711187319746764,0.9825776253605064,0.019781532028676437,0.9560104100847273,0.05341013647742632,0.8491901371298747,0.09765313805517611,0.38093039443166193
8.11,0.0024284854992515726,0.9955978273262439,0.008667740091733078,0.9826645198165338,0.01969501739893025,0.9562077925283835,0.053242197035108074,0.8497233984581672,0.0976468128557196,0.3819068946813769
8.12,0.0024148850042684964,0.9956220441135774,0.00862450955767314,0.9827509808846537,0.0196088662346602,0.956404311644257,0.05307466460848024,0.8502549824272964,0.09763989425633292,0.3828833287107762
8.129999999999999,0.0024013624985490573,0.9956461252862931,0.008581494636801334,0.9828370107263973,0.019523077113203852,0.9565999710598856,0.05290753897678242,0.8507848931063207,0.0976323838447783,0.38385969059379543
8.139999999999999,0.0023879175204772666,0.9956700716219735,0.008538694253742403,0.9829226114925151,0.019437648616684938,0.9567947743886036,0.052740819913271786,0.8513131345620601,0.09762428321375792,0.38483597442027284
8.149999999999999,0.0023745496112887905,0.9956938838935987,0.00849610733848454,0.9830077853230309,0.019352579332003635,0.9569887252295914,0.05257450718527651,0.8518397108590386,0.09761559396085022,0.3858121742959974
8.159999999999998,0.0023612583150523243,0.9957175628695755,0.008453732826352645,0.9830925343472947,0.01926786785082699,0.9571818271679216,0.05240860055424936,0.852364626059423,0.0976063176884458,0.3867882843427574
8.169999999999998,0.002348043178651062,0.9957411093137656,0.008411569657981708,0.9831768606840365,0.01918351276957917,0.9573740837746072,0.05224309977582058,0.8528878842229658,0.09759645600368441,0.38776429869839085
8.179999999999998,0.0023349037517642825,0.9957645239855133,0.008369616779290323,0.9832607664414194,0.019099512689431834,0.9575654986066495,0.052078004599850784,0.8534094894069479,0.09758601051839227,0.38874021151682914
8.189999999999998,0.0023218395868491114,0.9957878076396738,0.008327873141454337,0.9833442537170913,0.01901586621629422,0.9577560752070853,0.0519133147704832,0.8539294456661188,0.09757498284901925,0.3897160169681446
8.2,0.0023088502391223646,0.9958109610266406,0.008286337700880626,0.9834273245982388,0.01893257196080339,0.9579458171050339,0.051749030026195915,0.8544477570526422,0.09756337461657558,0.39069170923859864
8.209999999999999,0.002295935266542559,0.9958339848923731,0.008245009419181024,0.9835099811616379,0.01884962853831441,0.9581347278157443,0.051585150099853753,0.8549644276160369,0.09755118744657082,0.391667282530684
8.219999999999999,0.0022830942297920164,0.9958568799784239,0.00820388726314633,0.9835922254737074,0.018767034568890395,0.9583228108406432,0.05142167471875962,0.8554794614031239,0.09753842296895078,0.39264273106317116
8.229999999999999,0.002270326692259116,0.995879647021966,0.0081629702047205,0.983674059590559,0.018684788677292532,0.958510069667381,0.05125860360470585,0.8559928624579695,0.09752508281803685,0.3936180490711515
8.239999999999998,0.002257632220020654,0.9959022867558197,0.008122257220974942,0.9837554855580501,0.018602889492970204,0.9586965077698792,0.05109593647402481,0.8565046348218298,0.09751116863246305,0.3945932308060823
8.249999999999998,0.0022450103818243508,0.9959247999084796,0.008081747294082944,0.9838365054118341,0.01852133565005088,0.9588821286083778,0.050933673037639925,0.8570147825330983,0.09749668205511608,0.39556827053582777
8.259999999999998,0.0022324607490714454,0.9959471872041408,0.008041439411294224,0.9839171211774116,0.018440125787330123,0.9590669356294805,0.05077181300111559,0.8575233096272493,0.0974816247330737,0.3965431625447017
8.269999999999998,0.0022199828957994504,0.9959694493627257,0.008001332564909609,0.9839973348701808,0.01835925854826146,0.9592509322662027,0.05061035606470742,0.858030220136788,0.09746599831754428,0.3975179011335106
8.28,0.002207576398665006,0.9959915870999102,0.007961425752255847,0.9840771484954883,0.018278732580946255,0.9594341219380178,0.05044930192341162,0.8585355180911945,0.09744980446380559,0.39849248061959164
8.29,0.0021952408369268483,0.99601360112715,0.007921717975660558,0.9841565640486789,0.018198546538123583,0.9596165080509028,0.0502886502670148,0.8590392075168732,0.09743304483114551,0.3994668953368565
8.299999999999999,0.002182975792428919,0.996035492151706,0.007882208242427248,0.9842355835151455,0.01811869907716003,0.9597980939973859,0.050128400780142746,0.8595412924371005,0.09741572108280148,0.4004411396358282
8.309999999999999,0.002170780849583562,0.9960572608766705,0.007842895564810532,0.9843142088703789,0.018039188860039416,0.9599788831565916,0.04996855314230916,0.8600417768719733,0.09739783488590087,0.4014152078836837
8.319999999999999,0.0021586555953548745,0.9960789080009927,0.007803778959991421,0.9843924420800172,0.017960014553352565,0.9601588788942876,0.049809107027964414,0.8605406648383589,0.09737938791140105,0.4023890944642874
8.329999999999998,0.00214659961924214,0.9961004342195043,0.007764857450052757,0.9844702850998945,0.01788117482828704,0.9603380845629302,0.049650062106543665,0.861037960349843,0.09736038183403133,0.4033627937782348
8.339999999999998,0.0021346125132634033,0.9961218402229445,0.007726130061954764,0.9845477398760905,0.017802668360616794,0.9605165035017108,0.049491418042514654,0.8615336674166815,0.09734081833223228,0.4043363002428862
8.349999999999998,0.0021226938719391395,0.9961431266979849,0.007687595827510723,0.9846248083449786,0.01772449383069182,0.9606941390366012,0.0493331744954255,0.8620277900457503,0.09732069908809865,0.4053096082924047
8.359999999999998,0.0021108432922760426,0.9961642943272552,0.007649253783362765,0.9847014924332744,0.017646649923427727,0.9608709944803997,0.0491753311199519,0.8625203322404958,0.09730002578731989,0.4062827123777922
8.37,0.002099060373750945,0.9961853437893672,0.007611102970957784,0.9847777940580844,0.017569135328295418,0.9610470731327764,0.04901788756594418,0.8630112980008882,0.09727880011912211,0.40725560696692586
8.379999999999999,0.002087344718294818,0.9962062757589402,0.007573142436523495,0.984853715126953,0.017491948739310596,0.961222378280319,0.04886084347847421,0.8635006913233705,0.09725702377621,0.40822828654459214
8.389999999999999,0.0020756959302769083,0.9962270909066243,0.007535371231044555,0.9849292575379108,0.01741508885502328,0.9613969131965778,0.04870419849788172,0.8639885162008142,0.09723469845470974,0.40920074561252145
8.399999999999999,0.0020641136164889695,0.9962477898991261,0.007497788410238858,0.9850044231795223,0.01733855437850735,0.9615706811421115,0.048547952259820545,0.8644747766224704,0.09721182585411087,0.41017297868942226
8.409999999999998,0.002052597386129605,0.9962683733992319,0.007460393034533927,0.9850792139309321,0.01726234401734999,0.961743685364532,0.04839210439530445,0.8649594765739231,0.09718840767720895,0.4111449803110154
8.419999999999998,0.0020411468507887435,0.9962888420658319,0.007423184169043422,0.9851536316619132,0.01718645648364121,0.9619159290985495,0.04823665453075299,0.8654426200370435,0.09716444563004945,0.4121167450300652
8.429999999999998,0.0020297616244321685,0.996309196553944,0.007386160883543767,0.9852276782329125,0.01711089049396319,0.9620874155660177,0.04808160228803652,0.8659242109899448,0.09713994142187028,0.4130882674164124
8.439999999999998,0.002018441323386222,0.9963294375147379,0.007349322252450897,0.9853013554950982,0.017035644769379712,0.9622581479759785,0.047926947284521564,0.8664042534069355,0.09711489676504552,0.4140595420570067
8.45,0.002007185566322556,0.9963495655955581,0.00731266735479711,0.9853746652904057,0.01696071803542561,0.9624281295247069,0.047772689133115435,0.8668827512584761,0.09708931337502932,0.4150305635559358
8.459999999999999,0.001995993974243034,0.9963695814399475,0.007276195274208068,0.9854476094515838,0.016886109022096054,0.9625973633957554,0.04761882744231087,0.8673597085111334,0.09706319297030039,0.41600132653445804
8.469999999999999,0.001984866170464688,0.9963894856876704,0.007239905098879849,0.9855201898022403,0.016811816463835925,0.9627658527599986,0.047465361816230074,0.8678351291275385,0.09703653727230548,0.41697182563103075
8.479999999999999,0.001973801780604844,0.9964092789747362,0.007203795921556181,0.9855924081568876,0.016737839099529084,0.9629336007756781,0.04731229185466885,0.8683090170663403,0.09700934800540424,0.4179420555013407
8.489999999999998,0.001962800432566279,0.9964289619334217,0.00716786683950575,0.9856642663209885,0.01666417567248772,0.9631006105884461,0.04715961715314024,0.8687813762821657,0.09698162689681436,0.4189120108183329
8.499999999999998,0.001951861756522547,0.9964485351922939,0.007132116954499633,0.9857357660910008,0.016590824930441648,0.9632668853314107,0.047007337302917986,0.8692522107255749,0.09695337567655661,0.4198816862722377
8.509999999999998,0.0019409853849033463,0.9964679993762333,0.007096545372788844,0.9858069092544223,0.016517785625527474,0.9634324281251784,0.046855451891079584,0.8697215243430191,0.0969245960773998,0.4208510765706004
8.519999999999998,0.001930170952380036,0.9964873551064554,0.007061151205081986,0.985877697589836,0.016445056514277925,0.9635972420778997,0.04670396050054925,0.870189321076801,0.09689528983480672,0.42182017643830694
8.53,0.0019194180958512247,0.996506603000534,0.007025933566523018,0.9859481328669539,0.016372636357610958,0.9637613302853121,0.04655286271014046,0.8706556048650312,0.09686545868688003,0.4227889806176123
8.54,0.0019087264544284698,0.9965257436724225,0.006990891576669153,0.9860182168466617,0.016300523920819144,0.9639246958307842,0.04640215809459848,0.8711203796415874,0.0968351043743082,0.4237574838681626
8.549999999999999,0.0018980956694220645,0.996544777732477,0.006956024359468815,0.9860879512810624,0.016228717973558654,0.9640873417853597,0.04625184622464215,0.8715836493360756,0.09680422864031157,0.4247256809670267
8.559999999999999,0.001887525384326929,0.9965637057874771,0.006921331043239757,0.9861573379135204,0.016157217289838533,0.9642492712078,0.0461019266670059,0.8720454178737882,0.09677283323058992,0.4256935667087163
8.569999999999999,0.0018770152448086119,0.9965825284406485,0.006886810760647265,0.9862263784787054,0.0160860206480098,0.964410487144629,0.04595239898448131,0.8725056891756664,0.09674091989326815,0.4266611359052127
8.579999999999998,0.0018665648986893567,0.9966012462916843,0.006852462648682478,0.986295074702635,0.016015126830754674,0.964570992630175,0.04580326273595834,0.8729644671582584,0.09670849037884445,0.42762838338599085
8.589999999999998,0.0018561739959342934,0.9966198599367666,0.006818285848640807,0.9863634283027184,0.015944534625075595,0.9647307906866155,0.0456545174764664,0.8734217557336825,0.09667554644013711,0.42859530399804163
8.599999999999998,0.0018458421886377128,0.9966383699685877,0.006784279506100472,0.986431440987799,0.01587424282228435,0.964889884324019,0.04550616275721509,0.8738775588095887,0.09664208983223244,0.42956189260589567
8.609999999999998,0.0018355691310094294,0.9966567769763713,0.006750442770901138,0.9864991144581977,0.015804250217991204,0.965048276540389,0.04535819812563471,0.8743318802891195,0.09660812231243218,0.4305281440916465
8.62,0.0018253544793612449,0.9966750815458942,0.006716774797122656,0.9865664504057546,0.01573455561209395,0.9652059703217064,0.045210623125416564,0.8747847240708734,0.09657364564020239,0.43149405335496976
8.629999999999999,0.0018151978920935106,0.9966932842595063,0.006683274743063941,0.9866334505138721,0.015665157808767,0.9653629686419724,0.045063437296553065,0.8752360940488662,0.09653866157712158,0.4324596153131478
8.639999999999999,0.0018050990296817609,0.996711385696152,0.006649941771221889,0.9867001164575562,0.015596055616450414,0.9655192744632513,0.04491664017537718,0.8756859941124969,0.0965031718868291,0.4334248249010879
8.649999999999999,0.0017950575546634593,0.9967293864313911,0.006616775048270469,0.9867664499034591,0.015527247847838923,0.9656748907357131,0.04477023129460222,0.8761344281465089,0.09646717833497412,0.4343896770713453
8.659999999999998,0.001785073131624827,0.9967472870374183,0.006583773745039881,0.9868324525099202,0.015458733319871007,0.9658298203976764,0.04462421018336098,0.8765814000309546,0.09643068268916524,0.43535416679414024
8.669999999999998,0.001775145427187763,0.9967650880830853,0.0065509370364958235,0.9868981259270083,0.015390510853717893,0.9659840663756495,0.0444785763672447,0.87702691364116,0.09639368671891954,0.4363182890573801
8.679999999999998,0.001765274109996837,0.9967827901339193,0.006518264101718873,0.9869634717965623,0.015322579274772558,0.9661376315843743,0.04433332936834192,0.8774709728476904,0.09635619219561277,0.4372820388666751
8.689999999999998,0.0017554588507064132,0.9968003937521447,0.0064857541238839585,0.9870284917522321,0.015254937412638739,0.9662905189268672,0.04418846870527685,0.8779135815163135,0.0963182008924281,0.43824541124535915
8.7,0.0017456993219678043,0.9968178994967019,0.006453406290239936,0.9870931874195201,0.015187584101119908,0.9664427312944619,0.04404399389324771,0.8783547435079665,0.09627971458430787,0.4392084012345074
8.709999999999999,0.0017359951984165683,0.9968353079232678,0.006421219792089291,0.9871575604158214,0.015120518178208303,0.9665942715668512,0.04389990444406475,0.8787944626787219,0.09624073504790305,0.44017100389295105
8.719999999999999,0.0017263461566598421,0.996852619584276,0.0063891938247678855,0.9872216123504642,0.015053738486073817,0.9667451426121283,0.0437561998661879,0.8792327428797526,0.09620126406152438,0.4411332142972986
8.729999999999999,0.001716751875263807,0.9968698350289353,0.006357327587624871,0.9872853448247503,0.01498724387105304,0.9668953472868292,0.0436128796647643,0.8796695879573007,0.09616130340509262,0.4420950275419476
8.739999999999998,0.0017072120347412095,0.9968869548032505,0.006325620284002658,0.9873487594319947,0.014921033183638162,0.9670448884359742,0.043469943341665845,0.8801050017526426,0.09612085486009116,0.44305643873910483
8.749999999999998,0.0016977263175389694,0.996903979450041,0.006294071121217004,0.987411857757566,0.014855105278465985,0.967193768893109,0.04332739039552578,0.8805389881020577,0.09607992020951593,0.44401744301879786
8.759999999999998,0.00168829440802589,0.9969209095089601,0.006262679310537198,0.9874746413789256,0.014789459014306809,0.9673419914803464,0.04318522032177586,0.8809715508367948,0.0960385012378285,0.44497803552889126
8.769999999999998,0.0016789159924804327,0.9969377455165145,0.006231444067166336,0.9875371118656673,0.0147240932540534,0.9674895590084077,0.04304343261268274,0.8814026937830424,0.09599659973090675,0.44593821143510326
8.779999999999998,0.001669590759078579,0.9969544880060833,0.006200364610221708,0.9875992707795566,0.014659006864709934,0.9676364742766634,0.04290202675738439,0.8818324207618946,0.0959542174759986,0.4468979659210162
8.79,0.0016603183978817816,0.9969711375079365,0.006169440162715267,0.9876611196745695,0.014594198717380862,0.9677827400731749,0.04276100224192589,0.8822607355893233,0.0959113562616728,0.44785729418809206
8.799999999999999,0.0016510986008249943,0.9969876945492545,0.006138669951534223,0.9877226600969315,0.01452966768725994,0.9679283591747346,0.042620358549295814,0.882687642076143,0.0958680178777733,0.4488161914556839
8.809999999999999,0.0016419310617047734,0.997004159654146,0.006108053207421691,0.9877838935851566,0.014465412653619066,0.9680733343469078,0.04248009515946131,0.8831131440279854,0.09582420411537124,0.4497746529610521
8.819999999999999,0.0016328154761674812,0.997020533343667,0.006077589164957473,0.987844821670085,0.014401432499797192,0.9682176683440726,0.04234021154940372,0.8835372452452651,0.09577991676671817,0.4507326739593706
8.829999999999998,0.0016237515416975435,0.9970368161358394,0.0060472770625389196,0.9879054458749221,0.014337726113189312,0.9683613639094608,0.042200707193153865,0.8839599495231529,0.09573515762520045,0.45169024972374333
8.839999999999998,0.001614738957605801,0.9970530085456687,0.0060171161423618925,0.9879657677152762,0.014274292385235286,0.9685044237751981,0.0420615815618266,0.8843812606515451,0.09568992848529204,0.4526473755452133
8.849999999999998,0.0016057774250179413,0.9970691110851629,0.005987105650401815,0.9880257886991963,0.014211130211408771,0.9686468506623453,0.04192283412365587,0.8848011824150339,0.09564423114250882,0.45360404673277277
8.859999999999998,0.0015968666468630006,0.9970851242633503,0.005957244836394828,0.9880855103272104,0.01414823849120618,0.9687886472809379,0.041784464344028896,0.8852197185928802,0.09559806739336306,0.4545602586133753
8.87,0.0015880063278619488,0.9971010485862972,0.005927532953819019,0.9881449340923619,0.014085616128135489,0.9689298163300262,0.04164647168552059,0.8856368729589851,0.09555143903531778,0.4555160065319435
8.879999999999999,0.0015791961745163568,0.9971168845571262,0.005897969259875785,0.9882040614802484,0.014023262029705255,0.9690703604977157,0.04150885560792753,0.8860526492818604,0.09550434786674167,0.4564712858513801
8.889999999999999,0.0015704358950971169,0.9971326326760337,0.005868553015471235,0.9882628939690575,0.013961175107413376,0.969210282461207,0.04137161556830164,0.8864670513246038,0.09545679568686347,0.45742609195257405
8.899999999999999,0.00156172519963327,0.9971482934403078,0.005839283485197726,0.9883214330296045,0.013899354276736121,0.9693495848868356,0.0412347510209838,0.8868800828448679,0.09540878429572805,0.4583804202344126
8.909999999999998,0.0015530637999008896,0.9971638673443454,0.005810159937315477,0.988379680125369,0.013837798457116926,0.9694882704301114,0.04109826141763726,0.8872917475948369,0.09536031549415142,0.459334266113787
8.919999999999998,0.0015444514094120384,0.9971793548796698,0.005781181643734272,0.9884376367125315,0.013776506571955392,0.969626341735759,0.04096214620728068,0.8877020493211976,0.09531139108367713,0.46028762502559956
8.929999999999998,0.0015358877434038171,0.9971947565349483,0.0057523478799952656,0.9884953042400094,0.013715477548596089,0.9697638014377562,0.04082640483632098,0.8881109917651142,0.09526201286653105,0.46124049242277154
8.939999999999998,0.0015273725188274612,0.997210072796009,0.00572365792525286,0.9885526841494943,0.013654710318317515,0.9699006521593742,0.04069103674858615,0.8885185786622017,0.09521218264557894,0.46219286377625063
8.95,0.0015189054543375375,0.9972253041458583,0.005695111062256688,0.9886097778754867,0.013594203816320979,0.9700368965132163,0.04055604138535756,0.8889248137425012,0.09516190222428235,0.46314473457501554
8.959999999999999,0.0015104862702811955,0.997240451064697,0.005666706577333699,0.9886665868453326,0.013533956981719528,0.9701725371012581,0.04042141818540229,0.8893297007304534,0.09511117340665501,0.46409610032608206
8.969999999999999,0.0015021146886874924,0.9972555140299386,0.005638443760370283,0.9887231124792595,0.013473968757526811,0.970307576514885,0.04028716658500513,0.8897332433448748,0.09505999799722084,0.465046956554509
8.979999999999999,0.001493790433256792,0.9972704935162245,0.005610321904794546,0.9887793561904109,0.013414238090646005,0.9704420173349325,0.040153286018000355,0.8901354452989318,0.09500837780097036,0.4659972988034033
8.989999999999998,0.001485513229350252,0.9972853899954419,0.005582340307558634,0.9888353193848827,0.013354763931858755,0.9705758621317245,0.0400197759158034,0.8905363103001178,0.0949563146233184,0.46694712263392385
8.999999999999998,0.001477282803979336,0.9973002039367398,0.005554498269121157,0.9888910034617577,0.013295545235814032,0.9707091134651117,0.039886635707442074,0.8909358420502275,0.09490381027006217,0.4678964236252844
9.009999999999998,0.0014690988857954603,0.9973149358065453,0.005526795093429707,0.9889464098131406,0.0132365809610171,0.9708417738845112,0.03975386481958802,0.8913340442453352,0.09485086654733883,0.46884519737476005
9.019999999999998,0.0014609612050796434,0.9973295860685805,0.005499230087903445,0.9890015398241931,0.013177870069818394,0.9709738459289436,0.03962146267658729,0.8917309205757692,0.09479748526158399,0.4697934394976876
9.029999999999998,0.001452869493732278,0.997344155183878,0.0054718025634158,0.9890563948731684,0.013119411528402477,0.971105332127073,0.03948942870049142,0.8921264747260902,0.09474366821948985,0.47074114562747055
9.04,0.0014448234852629364,0.9973586436107978,0.0054445118342772245,0.9891109763314455,0.013061204306776958,0.9712362349972439,0.03935776231108789,0.8925207103750681,0.09468941722796492,0.4716883114155797
9.049999999999999,0.0014368229147802662,0.997373051805043,0.00541735721821808,0.9891652855635639,0.01300324737876142,0.9713665570475202,0.039226462925930274,0.8929136311956596,0.09463473409409147,0.4726349325315556
9.059999999999999,0.0014288675189819383,0.9973873802196755,0.005390338036371545,0.9892193239272569,0.012945539721976361,0.9714963007757228,0.039095529960368594,0.8933052408549855,0.09457962062508607,0.47358100466301123
9.069999999999999,0.0014209570361446663,0.9974016293051323,0.0053634536132566675,0.9892730927734866,0.012888080317832135,0.9716254686694681,0.03896496282757915,0.8936955430143099,0.09452407862825858,0.47452652351563096
9.079999999999998,0.0014130912061143064,0.997415799509241,0.005336703276761467,0.9893265934464771,0.012830868151517901,0.9717540632062052,0.03883476093859417,0.8940845413290168,0.09446810991097161,0.4754714848131746
9.089999999999998,0.0014052697702959958,0.9974298912772351,0.005310086358126139,0.9893798272837477,0.012773902211990597,0.971882086853254,0.038704923702331515,0.894472239448591,0.09441171628060095,0.4764158842974733
9.099999999999998,0.0013974924716443791,0.9974439050517706,0.005283602191926332,0.9894327956161474,0.012717181491963865,0.9720095420678428,0.038575450525623695,0.8948586410165954,0.09435489954449547,0.4773597177284339
9.109999999999998,0.0013897590546538996,0.9974578412729401,0.0052572501160565105,0.989485499767887,0.01266070498789703,0.972136431297146,0.03844634081324731,0.8952437496706512,0.09429766150993768,0.4783029808840354
9.12,0.001382069265349133,0.9974717003782891,0.005231029471713401,0.9895379410565732,0.012604471699984092,0.9722627569783209,0.03831759396795163,0.8956275690424178,0.09424000398410434,0.4792456695603283
9.129999999999999,0.0013744228512752167,0.997485482802831,0.0052049396033795395,0.9895901207932409,0.01254848063214273,0.9723885215385456,0.03818920939048769,0.8960101027575702,0.09418192877402756,0.4801877795714368
9.139999999999999,0.001366819561488314,0.9974991889790621,0.005178979858806852,0.9896420402823863,0.012492730792003191,0.9725137273950557,0.038061186479636376,0.896391354435783,0.09412343768655573,0.48112930674955123
9.149999999999999,0.0013592591465461633,0.9975128193369768,0.005153149589000375,0.9896937008219993,0.012437221190897385,0.972638376955182,0.037933524632237016,0.8967713276907079,0.09406453252831493,0.4820702469449317
9.159999999999998,0.001351741358498676,0.9975263743040825,0.0051274481482020155,0.9897451037035959,0.012381950843847862,0.9727624726163867,0.03780622324321546,0.8971500261299559,0.09400521510567116,0.48301059602590274
9.169999999999998,0.001344265950878605,0.9975398543054147,0.005101874893874416,0.9897962502122511,0.0123269187695568,0.972886016766301,0.03767928170561195,0.8975274533550773,0.09394548722469145,0.483950349878851
9.179999999999998,0.0013368326786922695,0.9975532597635514,0.005076429186684886,0.9898471416266302,0.012272123990395043,0.9730090117827612,0.03755269941060881,0.8979036129615436,0.09388535069110622,0.4848895044082216
9.189999999999998,0.0013294412984103518,0.997566591098628,0.0050511103904894205,0.9898977792190211,0.012217565532391146,0.9731314600338458,0.037426475747558176,0.8982785085387294,0.09382480731027197,0.48582805553651526
9.199999999999998,0.0013220915679587333,0.9975798487283521,0.0050259178723167965,0.9899481642553664,0.012163242425220357,0.9732533638779114,0.03730061010400908,0.8986521436698932,0.09376385888713362,0.4867659992042855
9.209999999999999,0.0013147832467094165,0.9975930330680177,0.005000851002352743,0.9899982979952945,0.012109153702193742,0.9733747256636303,0.03717510186573476,0.8990245219321608,0.09370250722618728,0.48770333137013244
9.219999999999999,0.0013075160954714934,0.9976061445305195,0.004975909153924213,0.9900481816921516,0.012055298400247176,0.9734955477300252,0.03704995041675963,0.8993956468965059,0.09364075413144364,0.48864004801069705
9.229999999999999,0.0013002898764821744,0.9976191835263678,0.004951091703483694,0.9900978165930326,0.012001675559930472,0.9736158324065068,0.03692515513938607,0.8997655221277348,0.09357860140639133,0.4895761451206601
9.239999999999998,0.001293104353397874,0.997632150463702,0.004926398030593632,0.9901472039388127,0.011948284225396358,0.9737355820129093,0.03680071541422079,0.9001341511844679,0.09351605085395964,0.49051161871273363
9.249999999999998,0.0012859592912853705,0.9976450457483055,0.004901827517910918,0.9901963449641782,0.011895123444389678,0.9738547988595262,0.0366766306202015,0.9005015376191231,0.0934531042764835,0.49144646481765575
9.259999999999998,0.0012788544566130033,0.997657869783619,0.004877379551171455,0.9902452408976571,0.011842192268236419,0.9739734852471462,0.036552900134623055,0.9008676849779003,0.09338976347566681,0.49238067948418535
9.269999999999998,0.0012717896172419444,0.9976706229707553,0.0048530535191748025,0.9902938929616504,0.011789489751832827,0.9740916434670897,0.036429523333163405,0.901232596800763,0.0933260302525469,0.49331425877909496
9.279999999999998,0.0012647645424175133,0.9976833057085123,0.004828848813768893,0.9903423023724622,0.01173701495363453,0.9742092758012432,0.036306499589909454,0.9015962766214243,0.09326190640745873,0.49424719878716344
9.29,0.00125777900276057,0.9976959183933873,0.0048047648298348246,0.9903904703403303,0.011684766935645699,0.974326384522096,0.03618382827738284,0.9019587279673305,0.09319739374000031,0.4951794956111697
9.299999999999999,0.00125083277025894,0.9977084614195911,0.004780800965271756,0.9904383980694564,0.011632744763408134,0.9744429718927748,0.036061508766565206,0.9023199543596445,0.09313249404899668,0.49611114537188483
9.309999999999999,0.0012439256182589105,0.9977209351790608,0.0047569566209818195,0.9904860867580364,0.011580947505990462,0.9745590401670798,0.03593954042692371,0.9026799593132324,0.09306720913246641,0.49704214420806486
9.319999999999999,0.0012370573214567871,0.9977333400614735,0.004733231200855165,0.9905335375982897,0.01152937423597727,0.9746745915895191,0.035817922626436016,0.903038746336647,0.09300154078758578,0.4979724882764399
9.329999999999998,0.0012302276558904916,0.9977456764542605,0.004709624111755056,0.9905807517764899,0.011478024029458283,0.974789628395344,0.035696654731615235,0.9033963189321136,0.092935490810655,0.49890217375170953
9.339999999999998,0.0012234363989312188,0.9977579447426199,0.004686134763503032,0.9906277304729939,0.011426895966017592,0.9749041528105846,0.035575736107534756,0.9037526805955153,0.09286906099706432,0.4998311968265308
9.349999999999998,0.0012166833292751665,0.99777014530953,0.004662762568864167,0.9906744748622717,0.011375989128722805,0.9750181670520844,0.03545516611785273,0.9041078348163789,0.09280225314125969,0.5007595537115106
9.359999999999998,0.0012099682269352862,0.997782278535763,0.004639506943532375,0.9907209861129352,0.011325302604114289,0.9751316733275344,0.03533494412483654,0.9044617850778613,0.09273506903670928,0.5016872406351933
9.37,0.0012032908732331237,0.9977943447998974,0.004616367306115809,0.9907672653877684,0.011274835482194373,0.9752446738355086,0.03521506948938709,0.9048145348567345,0.09266751047587059,0.5026142538440569
9.379999999999999,0.0011966510507906865,0.9978063444783317,0.004593343078122336,0.9908133138437554,0.011224586856416653,0.9753571707654983,0.035095541571062705,0.905166087623373,0.09259957925015634,0.5035405896024949
9.389999999999999,0.0011900485435223788,0.997818277945297,0.004570433683945052,0.9908591326321099,0.011174555823675133,0.9754691662979467,0.034976359728103174,0.9055164468417405,0.0925312771499022,0.5044662441928118
9.399999999999999,0.0011834831366269788,0.9978301455728699,0.004547638550847911,0.9909047228983042,0.011124741484293597,0.9755806626042827,0.03485752331745325,0.9058656159693762,0.09246260596433359,0.5053912139152088
9.409999999999998,0.0011769546165796851,0.9978419477309856,0.004524957108951398,0.9909500857820972,0.011075142942014827,0.9756916618469559,0.0347390316947865,0.9062135984573828,0.09239356748153393,0.5063154950877745
9.419999999999998,0.0011704627711241952,0.99785368478745,0.004502388791218283,0.9909952224175634,0.011025759303989925,0.9758021661794701,0.03462088421452834,0.9065603977504135,0.09232416348841153,0.5072390840464718
9.429999999999998,0.0011640073892648574,0.9978653571079532,0.0044799330334394484,0.9910401339331211,0.01097658968076761,0.9759121777464179,0.0345030802298795,0.906906017286659,0.09225439577066803,0.5081619771451271
9.439999999999998,0.0011575882612588511,0.9978769650560813,0.00445758927421978,0.9910848214515604,0.010927633186283547,0.9760216986835142,0.03438561909283889,0.9072504604978363,0.0921842661127663,0.5090841707554183
9.449999999999998,0.001151205178608429,0.9978885089933294,0.0044353569549641335,0.9911292860900718,0.010878888937849662,0.97613073111763,0.034268500154226424,0.9075937308091772,0.09211377629789919,0.5100056612668598
9.459999999999999,0.0011448579340532265,0.9978999892791136,0.004413235519863365,0.9911735289602732,0.010830356056143525,0.9762392771668267,0.034151722763705906,0.9079358316394148,0.09204292810795758,0.5109264450867929
9.469999999999999,0.0011385463215625876,0.9979114062707839,0.004391224415880453,0.9912175511682391,0.010782033665197718,0.9763473389403885,0.03403528626980744,0.9082767664007736,0.09197172332350037,0.5118465186403706
9.479999999999999,0.0011322701363279705,0.9979227603236356,0.004369323092736649,0.9912613538145267,0.010733920892389162,0.9764549185388574,0.033919190019949745,0.908616538498958,0.09190016372372202,0.5127658783705453
9.489999999999998,0.001126029174755382,0.9979340517909225,0.0043475310028977315,0.9913049379942045,0.010686016868428575,0.9765620180540654,0.033803433360462376,0.9089551513331408,0.09182825108642292,0.5136845207380535
9.499999999999998,0.0011198232344578813,0.9979452810238681,0.0043258476015603205,0.9913483047968794,0.01063832072734987,0.9766686395691685,0.0336880156366079,0.9092926082959527,0.09175598718797882,0.5146024422214033
9.509999999999998,0.0011136521142481118,0.9979564483716785,0.004304272346638253,0.9913914553067235,0.010590831606499538,0.9767747851586794,0.033572936192603514,0.9096289127734725,0.09168337380331015,0.5155196393168591
9.519999999999998,0.0011075156141308995,0.9979675541815534,0.004282804698749034,0.9914343906025019,0.010543548646526164,0.976880456888501,0.03345819437164302,0.909964068145215,0.09161041270585239,0.516436108538427
9.529999999999998,0.0011014135352958878,0.9979785987986985,0.004261444121200345,0.9914771117575993,0.01049647099136982,0.976985656815959,0.0333437895159181,0.9102980777841227,0.0915371056675259,0.5173518464178399
9.54,0.0010953456801102248,0.997989582566338,0.004240190079976633,0.9915196198400468,0.010449597788251552,0.9770903869898349,0.033229720966639925,0.9106309450565551,0.09146345445870656,0.5182668495045427
9.549999999999999,0.0010893118521113018,0.9980005058257246,0.004219042043725769,0.9915619159125485,0.01040292818766294,0.9771946494503988,0.03311598806406033,0.910962673322278,0.09138946084819627,0.5191811143656755
9.559999999999999,0.0010833118559995286,0.998011368916153,0.004197999483745739,0.9916040010325086,0.010356461343355503,0.977298446229442,0.033002590147492836,0.9112932659344561,0.0913151266031941,0.5200946375860587
9.569999999999999,0.0010773454976311667,0.9980221721749702,0.004177061873971448,0.9916458762520571,0.010310196412330271,0.9774017793503097,0.032889526555333545,0.9116227262396427,0.09124045348926693,0.5210074157681762
9.579999999999998,0.001071412584011204,0.998032915937588,0.004156228690961563,0.9916875426180769,0.010264132554827337,0.9775046508279334,0.03277679662508196,0.9119510575777694,0.09116544327032092,0.5219194455321606
9.589999999999998,0.0010655129232862762,0.9980436005374934,0.0041354994138854215,0.9917290011722292,0.010218268934315397,0.9776070626688625,0.03266439969336154,0.9122782632821396,0.09109009770857293,0.5228307235157736
9.599999999999998,0.0010596463247376383,0.9980542263062608,0.0041148735245100185,0.99177025295098,0.010172604717481324,0.9777090168712982,0.032552335095940216,0.9126043466794178,0.09101441856452226,0.5237412463743911
9.609999999999998,0.00105381259877417,0.9980647935735633,0.004094350507187044,0.9918112989856259,0.010127139074219768,0.9778105154251238,0.03244060216775064,0.9129293110896224,0.09093840759692284,0.5246510107809859
9.619999999999997,0.00104801155692544,0.9980753026671833,0.004073929848839998,0.99185214030232,0.010081871177622735,0.9779115603119378,0.032329200242910215,0.9132531598261173,0.09086206656275492,0.5255600134261077
9.629999999999999,0.0010422430118348133,0.9980857539130242,0.004053611038951353,0.9918927779220973,0.010036800203969258,0.9780121535050856,0.0322181286547413,0.9135758961956031,0.09078539721719767,0.5264682510178699
9.639999999999999,0.0010365067772525958,0.9980961476351216,0.004033393569549811,0.9919332128609004,0.00999192533271502,0.9781122969696915,0.03210738673579093,0.9138975234981097,0.09070840131360174,0.5273757202819255
9.649999999999999,0.0010308026680292208,0.9981064841556536,0.00401327693519758,0.9919734461296048,0.009947245746481979,0.9782119926626897,0.03199697381785035,0.914218045026989,0.09063108060346177,0.5282824179614537
9.659999999999998,0.001025130500108501,0.998116763794953,0.003993260632977754,0.9920134787340444,0.009902760631048111,0.9783112425328568,0.03188688923197491,0.914537464068907,0.09055343683638999,0.5291883408171384
9.669999999999998,0.0010194900905208944,0.9981269868715168,0.003973344162481736,0.9920533116750365,0.009858469175337054,0.9784100485208427,0.0317771323085031,0.9148557839038365,0.09047547176008891,0.5300934856271506
9.679999999999998,0.0010138812573768428,0.998137153702018,0.003953527025796724,0.9920929459484066,0.00981437057140784,0.9785084125592024,0.03166770237707593,0.9151730078050505,0.09039718712032455,0.530997849187129
9.689999999999998,0.0010083038198601263,0.9981472646013163,0.00393380872749327,0.9921323825450135,0.009770464014444629,0.978606336572427,0.031558598766656135,0.9154891390391147,0.0903185846609009,0.5319014283101582
9.699999999999998,0.0010027575982212839,0.9981573198824681,0.00391418877461289,0.9921716224507742,0.00972674870274646,0.9787038224769752,0.03144982080554687,0.9158041808658814,0.09023966612363278,0.5328042198267543
9.709999999999999,0.0009972424137710627,0.9981673198567379,0.003894666676655736,0.9922106666466886,0.009683223837717019,0.978800872181304,0.03134136782141073,0.9161181365384825,0.0901604332483205,0.533706220584838
9.719999999999999,0.0009917580888739108,0.9981772648336086,0.003875241945568349,0.9922495161088632,0.009639888623854424,0.9788974875858998,0.03123323914128831,0.9164310093033231,0.09008088777272406,0.5346074274497201
9.729999999999999,0.0009863044469415226,0.9981871551207918,0.0038559140957314373,0.9922881718085371,0.00959674226874102,0.9789936705833098,0.031125434091616704,0.9167428024000764,0.09000103143253717,0.5355078373040777
9.739999999999998,0.0009808813124264088,0.9981969910242388,0.0038366826439477477,0.9923266347121045,0.009553783983033226,0.9790894230581723,0.03101795199824788,0.9170535190616765,0.08992086596136252,0.5364074470479345
9.749999999999998,0.0009754885108155244,0.99820677284815,0.003817547109429984,0.99236490578114,0.00951101298045136,0.9791847468872472,0.030910792186466897,0.9173631625143133,0.08984039309068603,0.5373062535986401
9.759999999999998,0.0009701258686239263,0.9982165008949863,0.0037985070137887865,0.9924029859724224,0.009468428477769512,0.9792796439394473,0.03080395398101014,0.9176717359774271,0.0897596145498526,0.5382042538908478
9.769999999999998,0.000964793213388477,0.9982261754654789,0.0037795618810207736,0.9924408762379584,0.00942602969480542,0.979374116075868,0.03069743670608295,0.9179792426637021,0.08967853206604082,0.539101444876494
9.779999999999998,0.000959490373661591,0.998235796858639,0.0037607112374966377,0.9924785775250067,0.00938381585441036,0.9794681651498183,0.030591239685377764,0.9182856857790627,0.08959714736423874,0.5399978235247757
9.79,0.0009542171790050138,0.9982453653717689,0.0037419546119493072,0.9925160907761014,0.00934178618245908,0.9795617930068506,0.030485362242091467,0.9185910685226679,0.08951546216721906,0.5408933868221285
9.799999999999999,0.0009489734599836488,0.9982548813004711,0.003723291535462172,0.9925534169290756,0.00929993990783976,0.9796550014847916,0.030379803698943213,0.9188953940869051,0.089433478195516,0.5417881317722045
9.809999999999999,0.0009437590481594214,0.9982643449386591,0.003704721541457345,0.9925905569170853,0.009258276262443924,0.9797477924137712,0.030274563378191618,0.9191986656573881,0.0893511971674007,0.5426820553958509
9.819999999999999,0.0009385737760851764,0.9982737565785667,0.0036862441656840086,0.992627511668632,0.009216794481156436,0.9798401676162538,0.03016964060165204,0.9195008864129497,0.08926862079885725,0.5435751547310848
9.829999999999998,0.000933417477298627,0.9982831165107583,0.003667858946206807,0.9926642821075864,0.009175493801845507,0.9799321289070673,0.03006503469071378,0.9198020595256399,0.08918575080355992,0.5444674268330725
9.839999999999998,0.0009282899863163325,0.9982924250241385,0.0036495654233942945,0.9927008691532114,0.009134373465352723,0.9800236780934332,0.029960744966356905,0.9201021881607192,0.0891025888928493,0.5453588687741051
9.849999999999998,0.0009231911386277193,0.9983016824059622,0.0036313631399074483,0.992737273720185,0.009093432715483041,0.980114816974996,0.029856770749169297,0.9204012754766574,0.08901913677570944,0.546249477643575
9.859999999999998,0.0009181207706891376,0.9983108889418435,0.003613251640688234,0.9927734967186236,0.009052670798994892,0.9802055473438537,0.02975311135936321,0.9206993246251273,0.08893539615874498,0.5471392505479531
9.869999999999997,0.0009130787199179571,0.9983200449157664,0.003595230472948227,0.9928095390541035,0.009012086965590235,0.9802958709845859,0.029649766116791862,0.9209963387510022,0.08885136874615802,0.5480281846107647
9.879999999999999,0.0009080648246867044,0.9983291506100935,0.003577299186157292,0.9928454016276854,0.00897168046790464,0.9803857896742842,0.029546734340965938,0.9212923209923524,0.08876705623972612,0.5489162769725637
9.889999999999999,0.0009030789243172358,0.9983382063055762,0.0035594573320323324,0.9928810853359353,0.008931450561497462,0.9804753051825813,0.029444015351069955,0.9215872744804414,0.08868246033877979,0.5498035247909112
9.899999999999999,0.00089812085907494,0.9983472122813636,0.0035417044645260623,0.9929165910709479,0.00889139650484191,0.9805644192716798,0.029341608465978285,0.9218812023397231,0.08859758274018013,0.5506899252403475
9.909999999999998,0.0008931904701629913,0.9983561688150121,0.003524040139815869,0.9929519197203682,0.008851517559315241,0.9806531336963815,0.029239513004271335,0.9221741076878389,0.08851242513829755,0.5515754755123707
9.919999999999998,0.0008882875997166268,0.9983650761824949,0.003506463916292715,0.9929870721674146,0.008811812989188938,0.9807414502041171,0.029137728284251412,0.9224659936356141,0.08842698922498907,0.5524601728154089
9.929999999999998,0.0008834120907974727,0.9983739346582113,0.003488975354550097,0.9930220492908998,0.00877228206161891,0.9808293705349735,0.02903625362395858,0.9227568632870563,0.08834127668957742,0.553344014374797
9.939999999999998,0.0008785637873878971,0.9983827445149958,0.00347157401737306,0.9930568519652538,0.008732924046635705,0.9809168964217244,0.028935088341186285,0.9230467197393518,0.08825528921882983,0.5542269974327497
9.949999999999998,0.0008737425343854015,0.9983915060241271,0.0034542594697272687,0.9930914810605455,0.008693738217134749,0.9810040295898576,0.028834231753496895,0.9233355660828637,0.0881690284969363,0.5551091192483371
9.959999999999999,0.0008689481775970496,0.9984002194553374,0.003437031278748127,0.9931259374425038,0.008654723848866617,0.9810907717576042,0.02873368317823717,0.92362340540113,0.08808249620548929,0.555990377097457
9.969999999999999,0.0008641805637339334,0.998408885076822,0.0034198890137299696,0.9931602219725401,0.00861588022042732,0.9811771246359673,0.028633441932553457,0.9239102407708605,0.08799569402346218,0.5568707682728117
9.979999999999999,0.0008594395404056688,0.9984175031552471,0.003402832246115274,0.9931943355077695,0.00857720661324858,0.98126308992875,0.02853350733340693,0.9241960752619361,0.0879086236271893,0.557750290083879
9.989999999999998,0.0008547249561149346,0.9984260739557601,0.003385860549483963,0.993228278901032,0.008538702311588197,0.9813486693325837,0.02843387869758868,0.9244809119374063,0.0878212866903455,0.5586289398568871
9.999999999999998,0.0008500366602520349,0.9984345977419975,0.003368973499542736,0.9932620530009145,0.00850036660252035,0.9814338645369567,0.0283345553417345,0.9247647538534878,0.08773368488392534,0.5595067149347874
10.009999999999998,0.0008453745030895111,0.9984430747760941,0.0033521706741144654,0.993295658651771,0.008462198775926001,0.981518677224242,0.028235536582339755,0.9250476040595625,0.08764581987622397,0.5603836126772279
10.019999999999998,0.0008407383357767717,0.998451505318692,0.0033354516531276398,0.9933290966937447,0.008424198124483261,0.9816031090697255,0.02813682173577407,0.9253294655981772,0.0875576933328165,0.5612596304605264
10.029999999999998,0.0008361280103347751,0.998459889628949,0.003318816018605864,0.9933623679627883,0.008386363943657802,0.9816871617416335,0.028038410118295908,0.9256103415050417,0.08746930691653884,0.5621347656776416
10.039999999999997,0.0008315433796507273,0.9984682279645478,0.003302263354657408,0.9933954732906852,0.008348695531693297,0.9817708369011612,0.027940301046066898,0.9258902348090274,0.08738066228746794,0.563009015738148
10.049999999999999,0.0008269842974728222,0.9984765205817037,0.003285793247464809,0.9934284135050704,0.00831119218960186,0.9818541362025,0.027842493835166213,0.9261691485321675,0.08729176110290272,0.5638823780682065
10.059999999999999,0.0008224506184050241,0.9984847677351741,0.0032694052852745344,0.9934611894294509,0.008273853221154547,0.9819370612928651,0.0277449878016049,0.9264470856896552,0.08720260501734517,0.5647548501105364
10.069999999999999,0.0008179421979018672,0.998492969678267,0.0032530990583866737,0.9934938018832267,0.00823667793287181,0.9820196138125232,0.0276477822613397,0.9267240492898439,0.08711319568248084,0.5656264293243893
10.079999999999998,0.0008134588922632959,0.9985011266628483,0.003236874159144705,0.9935262516817106,0.008199665634014022,0.9821017953948202,0.027550876530287097,0.927000042334246,0.08702353474716039,0.5664971131855183
10.089999999999998,0.0008090005586295388,0.9985092389393521,0.0032207301819253023,0.9935585396361494,0.008162815636572054,0.9821836076662079,0.027454269924337336,0.9272750678175333,0.08693362385738151,0.5673668991861511
10.099999999999998,0.0008045670549760192,0.9985173067567874,0.003204666723128194,0.9935906665537436,0.008126127255257794,0.9822650522462718,0.027357961759367878,0.9275491287275361,0.0868434646562696,0.5682357848349618
10.109999999999998,0.0008001582401082824,0.9985253303627475,0.003188683381166074,0.9936226332376679,0.008089599807494732,0.982346130747758,0.02726195135125723,0.9278222280452435,0.08675305878406091,0.56910376765704
10.119999999999997,0.0007957739736569758,0.9985333100034175,0.0031727797564545606,0.9936544404870908,0.0080532326134086,0.9824268447766004,0.027166238015898334,0.9280943687448037,0.08666240787808312,0.5699708451938643
10.129999999999999,0.0007914141160728467,0.9985412459235834,0.0031569554514022046,0.9936860890971956,0.00801702499581794,0.9825071959319476,0.027070821069211888,0.9283655537935238,0.0865715135727383,0.5708370150032709
10.139999999999999,0.000787078528621776,0.9985491383666394,0.0031412100704005614,0.9937175798591988,0.007980976280224808,0.9825871858061898,0.026975699827159843,0.92863578615187,0.08648037749948546,0.5717022746594262
10.149999999999999,0.0007827670733798424,0.9985569875745964,0.003125543219814283,0.9937489135603714,0.007945085794805403,0.9826668159849856,0.026880873605758287,0.9289050687734691,0.08638900128682243,0.5725666217527963
10.159999999999998,0.000778479613228423,0.9985647937880905,0.003109954507971289,0.9937800909840574,0.007909352870400782,0.9827460880472889,0.026786341721090633,0.9291734046051077,0.08629738656026899,0.5734300538901166
10.169999999999998,0.0007742160118493162,0.9985725572463902,0.003094443545152971,0.993811112909694,0.007873776840507557,0.982825003565375,0.026692103489320596,0.9294407965867338,0.0862055349423499,0.574292568694364
10.179999999999998,0.0007699761337199043,0.9985802781874049,0.0030790099435844508,0.9938419801128311,0.007838357041268628,0.9829035641048677,0.02659815822670488,0.9297072476514581,0.08611344805257733,0.5751541638047246
10.189999999999998,0.0007657598441083383,0.9985879568476929,0.003063653317424886,0.9938726933651503,0.0078030928114639735,0.9829817712247649,0.026504505249605948,0.9299727607255531,0.0860211275074348,0.5760148368765646
10.199999999999998,0.0007615670090687637,0.9985955934624688,0.0030483732827578216,0.9939032534344844,0.007767983492501392,0.9830596264774661,0.026411143874504734,0.9302373387284567,0.08592857492036034,0.5768745855814004
10.209999999999999,0.0007573974954365637,0.9986031882656122,0.0030331694575815933,0.9939336610848368,0.00773302842840731,0.9831371314087975,0.026318073418012875,0.9305009845727719,0.0858357919017297,0.5777334076068672
10.219999999999999,0.0007532511708236435,0.9986107414896742,0.003018041461799785,0.9939639170764004,0.00769822696581764,0.983214287558039,0.026225293196885435,0.9307637011642681,0.08574278005884102,0.5785913006566878
10.229999999999999,0.0007491279036137419,0.9986182533658866,0.0030029889172117114,0.9939940221655765,0.00766357845396858,0.9832910964579494,0.02613280252803285,0.9310254914018837,0.08564954099589749,0.5794482624506438
10.239999999999998,0.0007450275629577641,0.9986257241241683,0.0029880114475029735,0.994023977104994,0.007629082244687508,0.9833675596347933,0.02604060072853334,0.9312863581777266,0.08555607631399262,0.580304290724543
10.249999999999998,0.0007409500187691575,0.9986331539931339,0.0029731086782360497,0.994053782643528,0.0075947376923838645,0.9834436786083661,0.02594868711564486,0.9315463043770764,0.08546238761109391,0.5811593832301875
10.259999999999998,0.0007368951417193074,0.9986405432001008,0.0029582802368409307,0.9940834395263182,0.00756054415404009,0.9835194548920205,0.025857061006817113,0.9318053328783864,0.08536847648202744,0.5820135377353447
10.269999999999998,0.0007328628032329617,0.9986478919710967,0.0029435257526058104,0.9941129484947884,0.007526500989202524,0.9835948899926917,0.025765721719703278,0.9320634465532852,0.08527434451846233,0.5828667520237135
10.279999999999998,0.000728852875483695,0.9986552005308678,0.002928844856667814,0.9941423102866643,0.0074926075599723784,0.983669985410923,0.02567466857217201,0.932320648266579,0.08517999330889602,0.5837190238948942
10.289999999999997,0.0007248652313893814,0.9986624691028851,0.002914237182003778,0.9941715256359924,0.007458863230996738,0.9837447426408917,0.025583900882318808,0.9325769408762542,0.08508542443863858,0.5845703511643561
10.299999999999999,0.0007208997446077201,0.9986696979093532,0.002899702363421073,0.9942005952731578,0.007425267369459522,0.9838191631704342,0.02549341796847768,0.9328323272334788,0.08499063948979785,0.5854207316634052
10.309999999999999,0.0007169562895317723,0.9986768871712163,0.0028852400375484824,0.994229519924903,0.007391819345072571,0.9838932484810711,0.025403219149232725,0.9330868101826056,0.0848956400412655,0.5862701632391536
10.319999999999999,0.0007130347412855263,0.9986840371081664,0.0028708498428271037,0.9942583003143458,0.007358518530066629,0.9839670000480333,0.025313303743429185,0.933340392561175,0.0848004276687016,0.5871186437544843
10.329999999999998,0.0007091349757195024,0.9986911479386509,0.002856531419501319,0.9942869371609974,0.0073253642991824635,0.984040419340286,0.02522367107018493,0.9335930771999161,0.08470500394452092,0.5879661710880224
10.339999999999998,0.0007052568694063744,0.9986982198798783,0.0028422844096097997,0.9943154311807804,0.007292356029661921,0.9841135078205545,0.025134320448901383,0.9338448669227517,0.08460937043787763,0.5888127431341001
10.349999999999998,0.0007014002996366259,0.9987052531478273,0.0028281084569765566,0.9943437830860469,0.00725949310123908,0.9841862669453492,0.025045251199274827,0.9340957645467995,0.084513528714653,0.589658357802725
10.359999999999998,0.0006975651444142256,0.9987122479572528,0.002814003207202035,0.9943719935855959,0.007226774896131379,0.98425869816499,0.024956462641307027,0.934345772882376,0.08441748033743958,0.590503013019547
10.369999999999997,0.0006937512824523395,0.998719204521693,0.0027999683076542566,0.9944000633846914,0.007194200799030765,0.9843308029236315,0.02486795409531633,0.934594894732999,0.08432122686552888,0.5913467067258251
10.379999999999999,0.0006899585931690634,0.9987261230534774,0.0027860034074599985,0.99442799318508,0.007161770197094881,0.9844025826592876,0.024779724881948264,0.9348431328953911,0.08422476985489707,0.5921894368783958
10.389999999999999,0.0006861869566831847,0.9987330037637324,0.002772108157496034,0.994455783685008,0.007129482479938298,0.9844740388038558,0.024691774322186288,0.9350904901594832,0.08412811085819193,0.5930312014496368
10.399999999999999,0.0006824362538099714,0.9987398468623897,0.002758282210380388,0.9944834355792392,0.007097337039623714,0.9845451727831422,0.02460410173736219,0.9353369693084179,0.08403125142471922,0.5938719984274374
10.409999999999998,0.0006787063660569848,0.9987466525581923,0.002744525220463662,0.9945109495590727,0.007065333270653218,0.9846159860168858,0.024516706449166658,0.9355825731185525,0.0839341931004299,0.594711825815162
10.419999999999998,0.000674997175619921,0.9987534210587018,0.0027308368438203915,0.9945383263123592,0.007033470569959574,0.9846864799187827,0.024429587779659572,0.9358273043594634,0.08383693742790706,0.5955506816316187
10.429999999999998,0.0006713085653784772,0.9987601525703053,0.0027172167382404477,0.9945655665235191,0.0070017483368975285,0.9847566558965102,0.02434274505128037,0.9360711657939493,0.08373948594635344,0.5963885639110239
10.439999999999998,0.0006676404188922492,0.9987668472982217,0.0027036645632204817,0.9945926708735591,0.006970165973235075,0.9848265153517517,0.02425617758685806,0.9363141601780356,0.0836418401915781,0.5972254707029687
10.449999999999998,0.0006639926203966402,0.9987735054465097,0.0026901799799554124,0.9946196400400892,0.0069387228831448875,0.9848960596802199,0.024169884709621343,0.9365562902609772,0.08354400169598475,0.5980614000723863
10.459999999999999,0.0006603650547988151,0.9987801272180726,0.002676762651329953,0.9946464746973401,0.006907418473195618,0.9849652902716814,0.024083865743208692,0.9367975587852639,0.08344597198855892,0.598896350099516
10.469999999999999,0.0006567576076736681,0.9987867128146671,0.0026634122419101946,0.9946731755161796,0.006876252152343303,0.9850342085099805,0.023998120011678115,0.9370379684866242,0.08334775259485586,0.5997303188798704
10.479999999999999,0.0006531701652598102,0.9987932624369084,0.0026501284179352032,0.9946997431641296,0.006845223331922812,0.9851028157730628,0.023912646839517025,0.9372775220940288,0.08324934503698901,0.6005633045241998
10.489999999999998,0.0006496026144555984,0.9987997762842776,0.0026369108473086877,0.9947261783053826,0.0068143314256392295,0.9851711134329991,0.02382744555165182,0.9375162223296956,0.0831507508336174,0.6013953051584587
10.499999999999998,0.0006460548428151749,0.998806254555128,0.002623759199590694,0.9947524816008186,0.0067835758495593396,0.9852391028560094,0.02374251547345769,0.937754071909094,0.08305197149993451,0.6022263189237715
10.509999999999998,0.0006425267385445402,0.9988126974466918,0.0026106731459893447,0.9947786537080213,0.006752956022103128,0.9853067854024855,0.023657855930767926,0.9379910735409497,0.08295300854765654,0.6030563439763958
10.519999999999998,0.0006390181904976464,0.9988191051550862,0.0025976523593526177,0.9948046952812948,0.006722471364035239,0.9853741624270158,0.023573466249883563,0.9382272299272487,0.0828538634850111,0.6038853784876901
10.529999999999998,0.0006355290881725133,0.9988254778753207,0.002584696514160169,0.9948306069716797,0.006692121298456567,0.9854412352784075,0.023489345757582533,0.9384625437632425,0.08275453781672576,0.6047134206440777
10.539999999999997,0.0006320593217073746,0.9988318158013024,0.002571805286515194,0.9948563894269696,0.006661905250795733,0.985508005299711,0.023405493781128998,0.938697017737453,0.08265503304401714,0.6055404686470106
10.549999999999999,0.0006286087818768449,0.9988381191258435,0.0025589783541363274,0.9948820432917274,0.006631822648800719,0.9855744738282421,0.023321909648282516,0.938930654531677,0.08255535066457999,0.6063665207129358
10.559999999999999,0.00062517736008811,0.9988443880406668,0.0025462153963495973,0.9949075692073008,0.006601872922530444,0.9856406421956059,0.02323859268730717,0.9391634568209916,0.08245549217257638,0.6071915750732606
10.569999999999999,0.0006217649483771404,0.9988506227364121,0.0025335160940803915,0.9949329678118393,0.006572055504346372,0.9857065117277194,0.02315554222698037,0.9393954272737588,0.08235545905862464,0.6080156299743149
10.579999999999998,0.0006183714394049311,0.9988568234026434,0.0025208801298454916,0.9949582397403091,0.006542369828904175,0.9857720837448349,0.023072757596602038,0.939626568551631,0.08225525280978972,0.6088386836773174
10.589999999999998,0.0006149967264537645,0.9988629902278536,0.0025083071877451337,0.9949833856245097,0.006512815333145375,0.9858373595615628,0.022990238126003138,0.9398568833095565,0.08215487490957203,0.6096607344583396
10.599999999999998,0.0006116407034234949,0.9988691233994721,0.0024957969534551106,0.9950084060930898,0.006483391456289049,0.985902340486894,0.02290798314555464,0.9400863741957848,0.08205432683789764,0.610481780608271
10.609999999999998,0.0006083032648278561,0.9988752231038701,0.0024833491142189136,0.9950333017715621,0.006454097639823543,0.985967027824223,0.022825991986175947,0.9403150438518711,0.08195361007110774,0.6113018204327811
10.619999999999997,0.0006049843057907927,0.9988812895263671,0.0024709633588399127,0.9950580732823202,0.00642493332749821,0.9860314228713707,0.02274426397934367,0.9405428949126833,0.08185272608194966,0.6121208522522854
10.629999999999999,0.0006016837220428168,0.9988873228512368,0.002458639377673577,0.9950827212446528,0.006395897965315134,0.9860955269206065,0.022662798457099977,0.9407699300064066,0.08175167633956618,0.6129388744019095
10.639999999999999,0.0005984014099173844,0.9988933232617133,0.00244637686261974,0.9951072462747605,0.006366991001520963,0.9861593412586713,0.022581594752061025,0.9409961517545493,0.08165046230948628,0.6137558852314517
10.649999999999999,0.0005951372663472921,0.998899290939997,0.0024341755071148837,0.9951316489857702,0.006338211886598667,0.9862228671667996,0.022500652197425263,0.9412215627719491,0.08154908545361572,0.6145718831053474
10.659999999999998,0.0005918911888611052,0.9989052260672605,0.0024220350061244854,0.995155929987751,0.006309560073259377,0.9862861059207417,0.022419970126981652,0.9414461656667784,0.08144754723022718,0.6153868664026327
10.669999999999998,0.000588663075579593,0.9989111288236548,0.002409955056135388,0.9951800898877292,0.006281035016434256,0.9863490587907863,0.022339547875117844,0.9416699630405505,0.0813458490939519,0.6162008335169092
10.679999999999998,0.0005854528252122053,0.998916999388315,0.0023979353551482124,0.9952041292897036,0.006252636173266346,0.9864117270417824,0.022259384776828203,0.9418929574881258,0.08124399249577001,0.617013782856306
10.689999999999998,0.0005822603370535536,0.9989228379393663,0.0023859756026698084,0.9952280487946604,0.006224363003102479,0.9864741119331614,0.022179480167721855,0.9421151515977177,0.08114197888300152,0.6178257128434428
10.699999999999998,0.0005790855109799242,0.9989286446539296,0.0023740754997057406,0.9952518490005885,0.00619621496748518,0.9865362147189594,0.022099833384030494,0.9423365479508983,0.08103980969929787,0.6186366219153963
10.709999999999997,0.0005759282474458106,0.9989344197081277,0.0023622347487528153,0.9952755305024944,0.006168191530144623,0.9865980366478384,0.022020443762616304,0.9425571491226058,0.08093748638463313,0.6194465085236596
10.719999999999999,0.0005727884474804646,0.9989401632770905,0.0023504530537916397,0.9952990938924167,0.006140292156990583,0.9866595789631093,0.021941310640979688,0.9427769576811498,0.08083501037529574,0.6202553711341074
10.729999999999999,0.0005696660126844781,0.9989458755349612,0.002338730120279231,0.9953225397594415,0.006112516316104441,0.9867208429027522,0.021862433357266908,0.9429959761882185,0.08073238310387935,0.6210632082269587
10.739999999999998,0.0005665608452263667,0.9989515566549019,0.002327065655141638,0.9953458686897168,0.006084863477731183,0.9867818296994395,0.021783811250277625,0.9432142071988842,0.08062960599927542,0.6218700182967412
10.749999999999998,0.0005634728478392019,0.9989572068090992,0.002315459366766625,0.9953690812664667,0.006057333114271411,0.9868425405805563,0.021705443659472575,0.9434316532616112,0.08052668048666481,0.6226757998522516
10.759999999999998,0.0005604019238172358,0.9989628261687697,0.002303910964996378,0.9953921780700072,0.006029924700273449,0.9869029767682228,0.021627329924980777,0.9436483169182613,0.08042360798750967,0.6234805514165196
10.769999999999998,0.0005573479770125707,0.9989684149041661,0.0022924201611202516,0.9954151596777595,0.006002637712425384,0.9869631394793154,0.021549469387607132,0.9438642007041012,0.08032038991954572,0.6242842715267729
10.779999999999998,0.0005543109118318345,0.998973973184582,0.00228098666786755,0.995438026664265,0.005975471629547171,0.9870230299254877,0.021471861388839494,0.9440793071478087,0.08021702769677458,0.6250869587343952
10.789999999999997,0.0005512906332328799,0.998979501178358,0.0022696101994003465,0.9954607796011993,0.005948425932582766,0.9870826493131925,0.021394505270856033,0.9442936387714804,0.08011352272945609,0.6258886116048932
10.799999999999999,0.0005482870467215069,0.998984999052887,0.002258290471306335,0.9954834190573874,0.00592150010459228,0.9871419988437024,0.0213174003765322,0.944507198090638,0.08000987642410066,0.6266892287178578
10.809999999999999,0.000545300058348209,0.9989904669746195,0.0022470272005917277,0.9955059455988166,0.005894693630744136,0.9872010797131312,0.021240546049448035,0.9447199876142351,0.07990609018346254,0.627488808666925
10.819999999999999,0.0005423295747049238,0.9989959051090695,0.0022358201056741677,0.9955283597886516,0.00586800599830727,0.9872598931124551,0.021163941633894887,0.9449320098446653,0.07980216540653211,0.6282873500597401
10.829999999999998,0.0005393755029218235,0.9990013136208198,0.002224668906375699,0.9955506621872486,0.005841436696643346,0.987318440227533,0.02108758647488248,0.9451432672777681,0.07969810348852917,0.6290848515179188
10.839999999999998,0.0005364377506641135,0.9990066926735264,0.002213573323915758,0.9955728533521685,0.0058149852171989844,0.9873767222391284,0.021011479918145674,0.9453537624028371,0.07959390582089543,0.6298813116770121
10.849999999999998,0.0005335162261288528,0.9990120424299254,0.002202533080904205,0.9955949338381916,0.005788651053498047,0.9874347403229292,0.02093562131015128,0.9455634977026267,0.07948957379128847,0.6306767291864643
10.859999999999998,0.0005306108380417954,0.9990173630518371,0.00219154790133439,0.9956169041973312,0.005762433701133899,0.9874924956495693,0.020860009998104716,0.9457724756533599,0.07938510878357456,0.6314711027095778
10.869999999999997,0.0005277214956542531,0.9990226547001718,0.002180617510576251,0.9956387649788475,0.005736332657761725,0.9875499893846483,0.020784645329956657,0.945980698724735,0.07928051217782227,0.6322644309234757
10.879999999999999,0.0005248481087399692,0.999027917534935,0.002169741635369449,0.9956605167292611,0.005710347423090856,0.9876072226887533,0.020709526654409522,0.9461881693799343,0.07917578535029596,0.6330567125190625
10.889999999999999,0.0005219905875920248,0.9990331517152324,0.0021589200038165408,0.9956821599923669,0.005684477498877147,0.9876641967174782,0.020634653320924047,0.94639489007563,0.07907092967344988,0.6338479462009848
10.899999999999999,0.0005191488430197521,0.9990383573992754,0.0021481523453761716,0.9957036953092476,0.0056587223889153,0.9877209126214448,0.02056002467972559,0.9466008632619937,0.07896594651592115,0.6346381306875959
10.909999999999998,0.0005163227863456747,0.9990435347443858,0.0021374383908563197,0.9957251232182873,0.005633081599031308,0.9877773715463232,0.02048564008181054,0.946806091382702,0.07886083724252452,0.6354272647109174
10.919999999999998,0.0005135123294024601,0.9990486839070013,0.0021267778724075644,0.9957464442551849,0.005607554637074868,0.9878335746328516,0.020411498878952508,0.9470105768749466,0.07875560321424625,0.6362153470165977
10.929999999999998,0.0005107173845298995,0.9990538050426807,0.002116170523516389,0.9957676589529673,0.005582141012911796,0.9878895230168571,0.020337600423708652,0.9472143221694398,0.07865024578823808,0.6370023763638766
10.939999999999998,0.0005079378645718965,0.9990588983061083,0.002105616078998519,0.995788767842003,0.0055568402384165395,0.9879452178292751,0.020263944069425652,0.9474173296904238,0.07854476631781152,0.6377883515255478
10.949999999999998,0.0005051736828734827,0.9990639638510996,0.0020951142749922914,0.9958097714500154,0.00553165182746463,0.9880006601961703,0.020190529170245906,0.9476196018556785,0.0784391661524329,0.638573271287917
10.959999999999997,0.0005024247532778469,0.999069001830606,0.0020846648489520592,0.9958306703020959,0.005506575295925197,0.9880558512387556,0.020117355081113397,0.9478211410765288,0.0783334466377169,0.6393571344507656
10.969999999999999,0.0004996909901233849,0.9990740123967199,0.0020742675396416255,0.9958514649207167,0.005481610161653523,0.9881107920734128,0.02004442115777973,0.9480219497578535,0.07822760911542231,0.6401399398273131
10.979999999999999,0.0004969723082407645,0.9990789957006794,0.0020639220871277197,0.9958721558257445,0.005456755944483592,0.9881654838117121,0.019971726756809968,0.9482220302980923,0.07812165492344617,0.6409216862441759
10.989999999999998,0.0004942686229500142,0.9990839518928732,0.0020536282327734876,0.995892743534453,0.005432012166220653,0.988219927560432,0.01989927123558834,0.9484213850892553,0.0780155853958186,0.6417023725413304
10.999999999999998,0.0004915798500576219,0.9990888811228463,0.002043385719232035,0.995913228561536,0.0054073783506338405,0.9882741244215786,0.019827053952324078,0.9486200165169304,0.0779094018626984,0.6424819975720741
11.009999999999998,0.000488905905853659,0.9990937835393033,0.0020331942904399897,0.9959336114191201,0.005382854023448787,0.9883280754924058,0.019755074266057045,0.9488179269602918,0.07780310565036785,0.6432605602029873
11.019999999999998,0.000486246707108918,0.9990986592901149,0.0020230536916111008,0.9959538926167778,0.005358438712340276,0.9883817818654342,0.019683331536663292,0.9490151187921078,0.0776966980812279,0.6440380593138927
11.029999999999998,0.00048360217107206805,0.9991035085223212,0.00201296366922987,0.9959740726615403,0.005334131946924915,0.9884352446284713,0.019611825124860597,0.9492115943787502,0.07759018047379355,0.644814493797818
11.039999999999997,0.0004809722154668311,0.9991083313821376,0.002002923971045212,0.9959941520579095,0.005309933258753807,0.98848846486463,0.019540554392214023,0.949407356080202,0.07748355414268973,0.6455898625609566
11.049999999999999,0.00047835675848916756,0.9991131280149592,0.0019929343460641465,0.9960141313078718,0.0052858421813052935,0.9885414436523486,0.019469518701141178,0.9496024062500662,0.07737682039864655,0.6463641645226292
11.059999999999999,0.0004757557188044919,0.999117898565365,0.0019829945445455337,0.9960340109109089,0.005261858249977674,0.9885941820654097,0.0193987174149177,0.9497967472355743,0.07726998054849518,0.6471373986152431
11.069999999999999,0.0004731690155448929,0.9991226431771233,0.001973104317993816,0.9960537913640124,0.005237981002081968,0.9886466811729594,0.019328149897682452,0.9499903813775945,0.07716303589516353,0.6479095637842553
11.079999999999998,0.00047059656830637894,0.999127361993196,0.0019632634191528134,0.9960734731616944,0.005214209976834673,0.9886989420395266,0.019257815514442733,0.950183311010641,0.07705598773767242,0.648680658988133
11.089999999999998,0.0004680382971461339,0.999132055155743,0.0019534716019995436,0.9960930567960009,0.00519054471535062,0.9887509657250417,0.01918771363107947,0.9503755384628828,0.0769488373711315,0.6494506831983126
11.099999999999998,0.00046549412257979804,0.9991367228061274,0.0019437286217380667,0.9961125427565238,0.005166984760635751,0.988802753284856,0.0191178436143523,0.9505670660561514,0.07684158608673546,0.6502196353991629
11.109999999999998,0.0004629639655787565,0.9991413650849198,0.0019340342347933693,0.9961319315304132,0.005143529657579989,0.9888543057697597,0.01904820483190455,0.9507578961059507,0.07673423517176027,0.6509875145879456
11.119999999999997,0.00046044774756745494,0.9991459821319023,0.001924388198805273,0.9961512236023895,0.005120178952950092,0.9889056242260021,0.018978796652268343,0.9509480309214654,0.07662678590955968,0.6517543197747746
11.129999999999997,0.0004579453904207172,0.999150574086074,0.0019147902726223752,0.9961704194547553,0.005096932195382577,0.9889567096953088,0.018909618444869363,0.95113747280557,0.07651923957956197,0.6525200499825778
11.139999999999999,0.00045545681646109445,0.9991551410856546,0.00190524021629602,0.996189519567408,0.005073788935376591,0.9890075632149015,0.018840669580031753,0.951326224054838,0.07641159745726578,0.6532847042470586
11.149999999999999,0.00045298194845622397,0.9991596832680897,0.0018957377910743054,0.9962085244178513,0.005050748725286891,0.9890581858175158,0.018771949428982953,0.95151428695955,0.07630386081423764,0.6540482816166546
11.159999999999998,0.0004505207096161988,0.9991642007700543,0.0018862827593961041,0.9962274344812078,0.005027811119316772,0.9891085785314206,0.01870345736385841,0.9517016638037039,0.07619603091810849,0.6548107811525004
11.169999999999998,0.0004480730235909626,0.999168693727458,0.0018768748848851317,0.9962462502302297,0.005004975673511051,0.9891587423804359,0.018635192757706153,0.9518883568650236,0.0760881090325704,0.6555722019283858
11.179999999999998,0.00044563881446771733,0.9991731622754491,0.0018675139323440352,0.996264972135312,0.0049822419457490824,0.9892086783839509,0.018567154984491567,0.9520743684149677,0.0759800964173741,0.6563325430307198
11.189999999999998,0.0004432180067683445,0.9991776065484187,0.0018581996677485139,0.9962836006645029,0.004959609495737771,0.9892583875569432,0.018499343419101887,0.9522597007187393,0.07587199432832585,0.6570918035584877
11.199999999999998,0.0004408105254468422,0.9991820266800056,0.0018489318582414675,0.996302136283517,0.004937077885004629,0.9893078709099963,0.01843175743735063,0.9524443560352951,0.07576380401728444,0.6578499826232133
11.209999999999997,0.0004384162958867836,0.9991864228031001,0.0018397102721271759,0.9963205794557457,0.004914646676890838,0.9893571294493184,0.0183643964159821,0.9526283366173542,0.07565552673215899,0.65860707934892
11.219999999999999,0.0004360352438987827,0.9991907950498485,0.0018305346788655042,0.996338930642269,0.004892315436544338,0.9894061641767599,0.018297259732675823,0.9528116447114082,0.07554716371690633,0.65936309287209
11.229999999999999,0.0004336672957179826,0.9991951435516574,0.001821404849066146,0.9963571903018678,0.0048700837309129455,0.9894549760898315,0.01823034676605079,0.95299428255773,0.07543871621152837,0.6601180223416252
11.239999999999998,0.00043131237800155523,0.9991994684391977,0.0018123205544828794,0.9963753588910342,0.004847951128737478,0.9895035661817227,0.018163656895669768,0.9531762523903833,0.07533018545206988,0.6608718669188072
11.249999999999998,0.0004289704178262157,0.9992037698424092,0.0018032815680078668,0.9963934368639843,0.004825917200544925,0.9895519354413194,0.018097189502043476,0.9533575564372323,0.07522157267061613,0.6616246257772603
11.259999999999998,0.0004266413426857563,0.9992080478905043,0.0017942876636659751,0.9964114246726681,0.004803981518641611,0.989600084853221,0.018030943966634856,0.9535381969199515,0.07511287909529117,0.6623762981029074
11.269999999999998,0.00042432508048858945,0.9992123027119727,0.001785338616609128,0.9964293227667818,0.004782143657106402,0.9896480153977598,0.017964919671863058,0.9537181760540338,0.07500410595025517,0.6631268830939339
11.279999999999998,0.0004220215595553131,0.9992165344345849,0.0017764342031106823,0.9964471315937786,0.004760403191783928,0.989695728051017,0.01789911600110758,0.953897496048802,0.07489525445570307,0.6638763799607477
11.289999999999997,0.0004197307086162818,0.999220743185397,0.0017675742005598372,0.9964648515988803,0.004738759700277822,0.9897432237848414,0.017833532338712203,0.9540761591074169,0.07478632582786224,0.6646247879259377
11.299999999999999,0.00041745245680920186,0.9992249290907543,0.0017587583874560657,0.9964824832250879,0.0047172127619439855,0.9897905035668664,0.01776816806998901,0.9542541674268883,0.07467732127899142,0.6653721062242357
11.309999999999999,0.0004151867336767358,0.9992290922762954,0.001749986543403584,0.9965000269131928,0.004695761957883878,0.9898375683605276,0.01770302258122223,0.9544315231980832,0.07456824201737827,0.6661183341024753
11.319999999999999,0.00041293346916411965,0.9992332328669565,0.0017412584491058331,0.9965174831017883,0.0046744068709378295,0.9898844191250808,0.017638095259672085,0.9546082286057367,0.07445908924733843,0.6668634708195553
11.329999999999998,0.00041069259361680045,0.9992373509869752,0.0017325738863600002,0.99653485222728,0.004653147085678348,0.9899310568156185,0.017573385493578567,0.9547842858284614,0.07434986416921394,0.6676075156463956
11.339999999999998,0.0004084640377780865,0.9992414467598946,0.0017239326380515646,0.9965521347238969,0.004631982188403494,0.9899774823830876,0.01750889267216522,0.954959697038757,0.07424056797937169,0.6683504678659007
11.349999999999998,0.0004062477327868061,0.999245520308567,0.0017153344881488685,0.9965693310237023,0.004610911767130245,0.9900236967743063,0.01744461618564277,0.9551344644030209,0.07413120187020249,0.6690923267729191
11.359999999999998,0.0004040436101749899,0.9992495717551582,0.0017067792216977167,0.9965864415566046,0.004589935411587881,0.9900697009319824,0.017380555425212784,0.9553085900815569,0.07402176703011949,0.6698330916742024
11.369999999999997,0.0004018516018655601,0.9992536012211514,0.0016982666248160018,0.996603466750368,0.0045690527132114175,0.9901154957947286,0.017316709783071278,0.955482076228586,0.07391226464355759,0.6705727618883668
11.379999999999997,0.00039967164017003687,0.9992576088273508,0.001689796484688359,0.9966204070306233,0.004548263265135022,0.9901610822970808,0.01725307865241217,0.9556549249922565,0.07380269589097217,0.6713113367458539
11.389999999999999,0.00039750365778625846,0.9992615946938858,0.0016813685895608423,0.9966372628208783,0.004527566662185477,0.9902064613695147,0.017189661427430874,0.9558271385146531,0.07369306194883847,0.6720488155888885
11.399999999999999,0.00039534758779611294,0.9992655589402144,0.0016729827287356373,0.9966540345425288,0.004506962500875688,0.990251633938463,0.017126457503327624,0.9559987189318079,0.07358336398965049,0.672785197771441
11.409999999999998,0.00039320336366328954,0.9992695016851278,0.0016646386925657855,0.9966707226148684,0.004486450379398128,0.9902966009263315,0.017063466276310887,0.9561696683737098,0.07347360318192024,0.6735204826591865
11.419999999999998,0.00039107091923103453,0.9992734230467534,0.0016563362724499478,0.9966873274551001,0.004466029897618418,0.9903413632515166,0.01700068714360077,0.956339988964315,0.07336378069017792,0.6742546696294665
11.429999999999998,0.0003889501887199312,0.9992773231425588,0.0016480752608271888,0.9967038494783457,0.004445700657068815,0.9903859218284212,0.01693811950343218,0.9565096828215568,0.07325389767497018,0.674987758071246
11.439999999999998,0.0003868411067256843,0.9992812020893561,0.0016398554511717878,0.9967202890976564,0.004425462260941822,0.9904302775674725,0.016875762755058164,0.9566787520573561,0.07314395529286101,0.6757197473850762
11.449999999999998,0.0003847436082169216,0.9992850600033049,0.0016316766379880752,0.9967366467240238,0.0044053143140837525,0.9904744313751374,0.016813616298752998,0.9568471987776315,0.07303395469643023,0.6764506369830557
11.459999999999997,0.0003826576285330133,0.9992888969999165,0.0016235386168052957,0.9967529227663894,0.004385256422988328,0.9905183841539398,0.016751679535815425,0.957015025082309,0.07292389703427406,0.6771804262887866
11.469999999999999,0.0003805831033818945,0.9992927131940573,0.0016154411841724943,0.996769117631655,0.004365288195790326,0.9905621368024766,0.01668995186857169,0.9571822330653332,0.07281378345100459,0.6779091147373383
11.479999999999999,0.00037851996883791073,0.9992965086999528,0.0016073841376534363,0.9967852317246931,0.0043454092422592116,0.9906056902154343,0.016628432700378594,0.9573488248146772,0.07270361508725007,0.6786367017752054
11.489999999999998,0.0003764681613396713,0.9993002836311908,0.0015993672758215375,0.9968012654483569,0.004325619173792818,0.9906490452836052,0.016567121435626508,0.9575148024123522,0.07259339307965433,0.6793631868602705
11.499999999999998,0.000374427617687915,0.9993040381007257,0.0015913903982548347,0.9968172192034903,0.004305917603411023,0.9906922028939036,0.01650601747974226,0.9576801679344191,0.07248311856087744,0.6800885694617619
11.509999999999998,0.0003723982750433943,0.9993077722208813,0.0015834533055309734,0.9968330933889381,0.004286304145749471,0.9907351639293823,0.01644512023919213,0.957844923450998,0.0723727926595957,0.6808128490602136
11.519999999999998,0.0003703800709247654,0.999311486103355,0.0015755557992222218,0.9968488884015556,0.004266778417053301,0.9907779292692483,0.016384429121484672,0.958009071026279,0.072262416500502,0.6815360251474281
11.529999999999998,0.00036837294320649625,0.999315179859221,0.0015676976818905111,0.996864604636219,0.0042473400351709,0.9908204997888792,0.016323943535173493,0.9581726127185323,0.07215199120430588,0.6822580972264338
11.539999999999997,0.00036637683011678306,0.9993188535989345,0.0015598787570824987,0.996880242485835,0.004227988619547672,0.990862876359839,0.016263662889860052,0.958335550580119,0.07204151788773439,0.682979064811447
11.549999999999997,0.00036439167023548494,0.999322507432334,0.0015520988293246571,0.9968958023413507,0.0042087237912198485,0.9909050598498943,0.016203586596196414,0.9584978866575015,0.07193099766353243,0.6836989274278299
11.559999999999999,0.0003624174024920645,0.9993261414686463,0.0015443577041183857,0.9969112845917633,0.004189545172808265,0.9909470511230297,0.016143714065887858,0.958659622991254,0.07182043164046334,0.6844176846120549
11.569999999999999,0.0003604539661635478,0.9993297558164885,0.001536655187935154,0.9969266896241297,0.004170452388512252,0.990988851039464,0.016084044711695576,0.9588207616160729,0.07170982092330971,0.6851353359116596
11.579999999999998,0.0003585013008724899,0.999333350583873,0.001528991088211655,0.9969420178235767,0.004151445064103429,0.991030460455666,0.016024577947439247,0.9589813045607875,0.07159916661287413,0.6858518808852105
11.589999999999998,0.00035655934658495594,0.9993369258782093,0.0015213652133449962,0.99695726957331,0.004132522826919641,0.99107188022437,0.015965313187999545,0.959141253848371,0.07148846980597974,0.6865673191022625
11.599999999999998,0.00035462804360851725,0.999340481806309,0.0015137773726879088,0.9969724452546241,0.004113685305858799,0.9911131111945913,0.01590624984932069,0.95930061149595,0.07137773159547169,0.6872816501433187
11.609999999999998,0.00035270733259025374,0.9993440184743879,0.0015062273765439813,0.996987545246912,0.004094932131372842,0.9911541542116423,0.01584738734841291,0.9594593795148164,0.07126695307021795,0.6879948735997901
11.619999999999997,0.00035079715451477236,0.9993475359880706,0.001498715036162917,0.9970025699276742,0.004076262935461655,0.9911950101171472,0.015788725103354807,0.9596175599104376,0.0711561353151103,0.6887069890739572
11.629999999999997,0.00034889745070223755,0.9993510344523925,0.0014912401637358146,0.9970175196725284,0.0040576773516670175,0.9912356797490584,0.01573026253329581,0.9597751546824668,0.07104527941106543,0.6894179961789296
11.639999999999999,0.0003470081628064095,0.9993545139718043,0.0014838025723904733,0.9970323948552191,0.00403917501506661,0.9912761639416711,0.015671999058458445,0.9599321658247542,0.0709343864350267,0.6901278945386059
11.649999999999999,0.0003451292328127028,0.9993579746501748,0.0014764020761867244,0.9970471958476266,0.004020755562267981,0.9913164635256388,0.015613934100140671,0.9600885953253575,0.07082345745996466,0.6908366837876336
11.659999999999998,0.00034326060303624346,0.9993614165907946,0.0014690384901117762,0.9970619230197765,0.004002418631402597,0.9913565793279894,0.015556067080718093,0.9602444451665532,0.07071249355487953,0.6915443635713718
11.669999999999998,0.0003414022161199531,0.9993648398963784,0.0014617116300755933,0.9970765767398488,0.003984163862119847,0.9913965121721388,0.01549839742364622,0.9603997173248463,0.07060149578480159,0.6922509335458487
11.679999999999998,0.00033955401503263204,0.9993682446690697,0.0014544213129062933,0.9970911573741874,0.003965990895581138,0.9914362628779074,0.01544092455346257,0.9605544137709823,0.07049046521079344,0.6929563933777223
11.689999999999998,0.0003377159430670617,0.9993716310104428,0.0014471673563455668,0.9971056652873088,0.003947899374453945,0.9914758322615349,0.01538364789578888,0.9607085364699571,0.07037940288995155,0.6936607427442419
11.699999999999998,0.00033588794383811394,0.9993749990215067,0.0014399495790441226,0.9971201008419117,0.00392988894290593,0.9915152211356949,0.015326566877333133,0.9608620873810286,0.07026830987540794,0.6943639813332092
11.709999999999997,0.0003340699612808757,0.9993783488027084,0.001432767800557152,0.9971344643988856,0.003911959246599052,0.9915544303095103,0.015269680925891633,0.961015068457727,0.07015718721633152,0.6950661088429355
11.719999999999999,0.0003322619396487801,0.9993816804539354,0.0014256218413398172,0.9971487563173204,0.003894109932683703,0.991593460588568,0.015212989470350997,0.961167481647866,0.0700460359579308,0.6957671249822052
11.729999999999999,0.00033046382351175496,0.9993849940745196,0.0014185115227427685,0.9971629769545145,0.0038763406497928816,0.9916323127749339,0.015156491940690176,0.9613193288935535,0.06993485714145511,0.6964670294702344
11.739999999999998,0.00032867555775437573,0.9993882897632402,0.0014114366670076692,0.9971771266659847,0.003858651048036364,0.9916709876671675,0.015100187767982312,0.9614706121312029,0.06982365180419713,0.6971658220366321
11.749999999999998,0.00032689708757403427,0.9993915676183266,0.0014043970972627575,0.9971912058054745,0.0038410407789948946,0.9917094860603368,0.015044076384396674,0.9616213332915435,0.06971242097949443,0.6978635024213607
11.759999999999998,0.0003251283584791186,0.9993948277374619,0.001397392637518423,0.9972052147249632,0.0038235094957144266,0.9917478087460331,0.014988157223200568,0.961771494299632,0.0696011656967324,0.6985600703746955
11.769999999999998,0.0003233693162871999,0.9993980702177858,0.0013904231126628075,0.9972191537746744,0.0038060568527003365,0.9917859565123852,0.014932429718760985,0.9619210970748632,0.06948988698134537,0.6992555256571868
11.779999999999998,0.0003216199071232343,0.9994012951558977,0.0013834883484574265,0.9972330233030852,0.0037886825059116986,0.9918239301440743,0.014876893306546603,0.9620701435309812,0.0693785858548202,0.699949868039619
11.789999999999997,0.0003198800774177746,0.9994045026478598,0.0013765881715328135,0.9972468236569344,0.0037713861127555586,0.9918617304223487,0.01482154742312935,0.96221863557609,0.06926726333469747,0.7006430973029716
11.799999999999997,0.0003181497739051897,0.9994076927892,0.0013697224093841864,0.9972605551812316,0.003754167332081236,0.9918993581250376,0.014766391506186192,0.9623665751126652,0.0691559204345748,0.7013352132383801
11.809999999999999,0.0003164289436218994,0.9994108656749153,0.0013628908903671325,0.9972742182192658,0.003737025824174627,0.9919368140265661,0.014711424994500795,0.9625139640375645,0.06904455816410893,0.702026215647096
11.819999999999999,0.0003147175339046174,0.9994140213994743,0.0013560934436933228,0.9972878131126134,0.0037199612507525705,0.9919740988979692,0.014656647327965136,0.9626608042420389,0.06893317752901829,0.7027161043404475
11.829999999999998,0.00031301549238860313,0.9994171600568207,0.0013493298994262353,0.9973013402011476,0.0037029732749571673,0.9920112135069064,0.0146020579475811,0.9628070976117442,0.06882177953108573,0.7034048791398005
11.839999999999998,0.00031132276700592855,0.9994202817403759,0.0013426000884769113,0.9973147998230462,0.0036860615613501886,0.9920481586176755,0.014547656295462091,0.9629528460267514,0.06871036516816147,0.7040925398765194
11.849999999999998,0.0003096393059837515,0.999423386543042,0.0013359038425997264,0.9973281923148005,0.0036692257759074485,0.9920849349912271,0.014493441814834428,0.9630980513615582,0.06859893543416533,0.7047790863919274
11.859999999999998,0.00030796505784260055,0.9994264745572051,0.0013292409943881846,0.9973415180112236,0.003652465586013236,0.9921215433851787,0.014439413950039,0.9632427154851007,0.06848749131909003,0.7054645185372663
11.869999999999997,0.00030629997139467065,0.9994295458747378,0.001322611377270734,0.9973547772454585,0.003635780660454733,0.9921579845538283,0.014385572146532565,0.9633868402607632,0.06837603380900394,0.7061488361736594
11.879999999999997,0.00030464399574212927,0.9994326005870023,0.0013160148255066013,0.9973679703489868,0.003619170669416489,0.9921942592481693,0.014331915850889304,0.9635304275463907,0.0682645638860543,0.7068320391720706
11.889999999999999,0.0003029970802754309,0.9994356387848532,0.0013094511741816475,0.9973810976516367,0.0036026352844748645,0.9922303682159035,0.014278444510802058,0.9636734791942994,0.0681530825284696,0.7075141274132658
11.899999999999999,0.0003013591746716439,0.9994386605586406,0.0013029202592042502,0.9973941594815915,0.0035861741785925593,0.9922663122014556,0.014225157575083826,0.9638159970512878,0.0680415907105637,0.7081951007877727
11.909999999999998,0.00029973022889278695,0.9994416659982127,0.0012964219173011934,0.9974071561653977,0.0035697870261130866,0.9923020919459865,0.014172054493668965,0.9639579829586487,0.06793008940273788,0.7088749591958443
11.919999999999998,0.0002981101931841725,0.9994446551929187,0.001289955986013591,0.9974200880279728,0.00355347350275533,0.9923377081874081,0.014119134717614518,0.964099438752179,0.06781857957148511,0.7095537025474166
11.929999999999998,0.00029649901807276484,0.9994476282316117,0.0012835223036928244,0.9974329553926143,0.003537233285608082,0.9923731616603956,0.014066397699101472,0.9642403662621926,0.0677070621793925,0.7102313307620713
11.939999999999998,0.00029489665436554537,0.9994505852026515,0.0012771207094965003,0.997445758581007,0.0035210660531246048,0.9924084530964022,0.014013842891435932,0.9643807673135304,0.06759553818514534,0.7109078437689975
11.949999999999998,0.0002933030531478869,0.9994535261939073,0.0012707510433844302,0.9974584979132312,0.0035049714851172393,0.9924435832236728,0.013961469749050345,0.9645206437255721,0.06748400854352991,0.7115832415069504
11.959999999999997,0.00029171816578193956,0.9994564512927606,0.00126441314611463,0.9974711737077707,0.0034889492627519884,0.9924785527672566,0.013909277727504603,0.9646599973122474,0.06737247420543767,0.7122575239242135
11.969999999999997,0.00029014194390502597,0.9994593605861078,0.0012581068592393374,0.9974837862815213,0.003472999068543155,0.9925133624490216,0.013857266283487187,0.9647988298820471,0.06726093611786801,0.7129306909785612
11.979999999999999,0.0002885743394280452,0.9994622541603633,0.001251832025101051,0.9974963359497979,0.0034571205863479764,0.9925480129876674,0.013805434874816254,0.9649371432380348,0.06714939522393254,0.713602742637217
11.989999999999998,0.00028701530453388737,0.9994651321014617,0.001245588486828593,0.9975088230263428,0.0034413135013613015,0.992582505098739,0.013753782960440681,0.9650749391778577,0.06703785246285826,0.7142736788768166
11.999999999999998,0.00028546479167585544,0.9994679944948608,0.0012393760883331801,0.9975212478233336,0.003425577500110261,0.9926168394946402,0.01370231000044106,0.9652122194937581,0.06692630876999174,0.7149434996833685
12.009999999999998,0.00028392275357610054,0.9994708414255443,0.0012331946743045267,0.9975336106513909,0.0034099122704489664,0.9926510168846464,0.013651015456030697,0.965348985972585,0.06681476507680242,0.7156122050522158
12.019999999999998,0.0002823891432240629,0.9994736729780247,0.0012270440902069596,0.9975459118195861,0.0033943175015532286,0.9926850379749182,0.013599898789556605,0.9654852403958051,0.06670322231088677,0.716279794987996
12.029999999999998,0.00028086391387492204,0.9994764892363455,0.0012209241822755562,0.9975581516354489,0.0033787928839153062,0.9927189034685149,0.013548959464500387,0.9656209845395141,0.06659168139597234,0.7169462695046037
12.039999999999997,0.0002793470190480614,0.999479290284084,0.0012148347975122996,0.9975703304049754,0.0033633381093386514,0.9927526140654066,0.013498196945479133,0.9657562201744484,0.06648014325192132,0.7176116286251519
12.049999999999997,0.0002778384125255343,0.999482076204354,0.0012087757836822537,0.9975824484326354,0.0033479528709326836,0.9927861704624887,0.01344761069824628,0.9658909490659962,0.06636860879473462,0.7182758723819322
12.059999999999999,0.0002763380483505458,0.9994848470798089,0.0012027469893097558,0.9975945060213804,0.003332636863107582,0.9928195733535937,0.013397200189692475,0.9660251729742088,0.06625707893655616,0.7189390008163772
12.069999999999999,0.0002748458808259415,0.9994876029926433,0.0011967482636746347,0.9976065034726508,0.003317389781569107,0.992852823429505,0.013346964887846377,0.9661588936538122,0.06614555458567699,0.7196010139790214
12.079999999999998,0.0002733618645127006,0.9994903440245961,0.0011907794568084364,0.9976184410863831,0.0033022113233134223,0.9928859213779693,0.013296904261875374,0.9662921128542185,0.06603403664653941,0.7202619119294636
12.089999999999998,0.000271885954228448,0.9994930702569536,0.001184840419490678,0.9976303191610186,0.0032871011866219316,0.9929188678837096,0.013247017782086397,0.9664248323195369,0.06592252601974102,0.7209216947363273
12.099999999999998,0.00027041810504596484,0.999495781770551,0.0011789310032451173,0.9976421379935098,0.003272059071056169,0.9929516636284387,0.013197304919926557,0.9665570537885856,0.06581102360203925,0.7215803624772225
12.109999999999998,0.000268958272291715,0.9994984786457759,0.0011730510603360405,0.9976538978793279,0.003257084677452663,0.9929843092908706,0.013147765147983924,0.9666887789949027,0.06569953028635551,0.7222379152387084
12.119999999999997,0.00026750641154437734,0.9995011609625701,0.0011672004437645685,0.9976655991124709,0.0032421777079178486,0.9930168055467344,0.01309839793998811,0.9668200096667582,0.0655880469617802,0.7228943531162537
12.129999999999997,0.00026606247863338685,0.9995038288004329,0.0011613790072649824,0.99767724198547,0.0032273378658229813,0.9930491530687869,0.013049202770810914,0.966950747527165,0.06547657451357604,0.723549676214199
12.139999999999999,0.00026462642963748635,0.9995064822384225,0.0011555866053010655,0.9976888267893979,0.0032125648557990777,0.9930813525268244,0.013000179116466939,0.9670809942938905,0.06536511382318365,0.7242038846457184
12.149999999999999,0.0002631982208832837,0.9995091213551597,0.0011498230930624689,0.9977003538138751,0.0031978583837318922,0.9931134045876959,0.012951326454114176,0.9672107516794676,0.0652536657682257,0.7248569785327812
12.159999999999998,0.0002617778089438207,0.9995117462288295,0.0011440883264610855,0.9977118233470779,0.003183218156756854,0.9931453099153158,0.012902644262054454,0.9673400213912069,0.06514223122251124,0.7255089580061143
12.169999999999998,0.0002603651506371479,0.999514356937184,0.0011383821621274517,0.9977232356757451,0.003168643883254085,0.9931770691706758,0.01285413201973408,0.9674688051312077,0.0650308110560408,0.7261598232051627
12.179999999999998,0.0002589602030249111,0.9995169535575446,0.0011327044574071618,0.9977345910851857,0.003154135272843411,0.9932086830118577,0.012805789207744252,0.9675971045963692,0.06491940613501114,0.7268095742780535
12.189999999999998,0.00025756292341094165,0.9995195361668044,0.0011270550703573023,0.9977458898592854,0.0031396920363793764,0.9932401520940457,0.01275761530782153,0.9677249214784026,0.06480801732181943,0.7274582113815562
12.199999999999998,0.0002561732693398613,0.9995221048414312,0.0011214338597429025,0.9977571322805142,0.0031253138859463022,0.9932714770695387,0.012709609802848302,0.967852257463842,0.06469664547506886,0.7281057346810449
12.209999999999997,0.00025479119859568794,0.999524659657469,0.0011158406850334042,0.9977683186299332,0.0031110005348533457,0.9933026585877623,0.012661772176853117,0.9679791142340561,0.06458529144957272,0.7287521443504621
12.219999999999997,0.0002534166692004571,0.9995272006905409,0.0011102754063991487,0.9977794491872017,0.00309675169762958,0.9933336972952818,0.012614101915011163,0.9681054934652595,0.06447395609636002,0.7293974405722781
12.229999999999999,0.00025204963941284555,0.9995297280158517,0.001104737884707879,0.9977905242305842,0.0030825670900190972,0.9933645938358134,0.012566598503644522,0.9682313968285244,0.06436264026267996,0.730041623537455
12.239999999999998,0.0002506900677268082,0.9995322417081896,0.0010992279815212665,0.9978015440369574,0.0030684464289761257,0.9933953488502373,0.012519261430222596,0.9683568259897921,0.06425134479200716,0.7306846934454082
12.249999999999998,0.0002493379128702177,0.9995347418419289,0.0010937455590914434,0.9978125088818172,0.003054389432660162,0.9934259629766087,0.012472090183362325,0.9684817826098839,0.06414007052404687,0.7313266505039713
12.259999999999998,0.00024799313380351743,0.9995372284910329,0.0010882904803575636,0.9978234190392848,0.0030403958204311176,0.9934564368501706,0.012425084252828506,0.9686062683445136,0.06402881829473969,0.7319674949293523
12.269999999999998,0.00024665568971837896,0.9995397017290549,0.0010828626089423746,0.9978342747821153,0.0030264653128445054,0.9934867711033659,0.012378243129534026,0.9687302848442979,0.0639175889362669,0.7326072269461024
12.279999999999998,0.0002453255400363688,0.9995421616291419,0.0010774618091488083,0.9978450763817024,0.003012597631646602,0.9935169663658486,0.0123315663055401,0.9688538337547685,0.06380638327705579,0.7332458467870755
12.289999999999997,0.00024400264440762272,0.9995446082640358,0.0010720879459565887,0.9978558241080868,0.0029987924997696754,0.9935470232644965,0.012285053274056445,0.9689769167163835,0.06369520214178473,0.7338833546933905
12.299999999999997,0.00024268696270952862,0.9995470417060764,0.0010667408850188558,0.9978665182299623,0.002985049641327195,0.9935769424234221,0.012238703529441508,0.9690995353645391,0.06358404635138878,0.7345197509143944
12.309999999999999,0.00024137845504541578,0.9995494620272034,0.001061420492658807,0.9978771590146824,0.002971368781609068,0.9936067244639852,0.012192516567202537,0.9692216913295802,0.06347291672306443,0.7351550357076255
12.319999999999999,0.0002400770817432553,0.9995518692989586,0.001056126635866358,0.9978877467282673,0.0029577496470769033,0.9936363700048048,0.012146491883995815,0.969343386236813,0.0633618140702756,0.7357892093387748
12.329999999999998,0.00023878280335436208,0.999554263592488,0.0010508591822948122,0.9978982816354104,0.0029441919653592804,0.9936658796617694,0.012100628977626654,0.9694646217065161,0.06325073920275884,0.7364222720816492
12.339999999999998,0.0002374955806521105,0.9995566449785446,0.001045618000257556,0.9979087639994849,0.0029306954652470432,0.9936952540480505,0.012054927347049499,0.9695853993539515,0.06313969292652857,0.7370542242181344
12.349999999999998,0.00023621537463065597,0.9995590135274899,0.0010404029587247655,0.9979191940825505,0.0029172598766885956,0.9937244937741128,0.01200938649236806,0.9697057207893767,0.063028676043883,0.7376850660381585
12.359999999999998,0.00023494214650366128,0.9995613693092968,0.0010352139273201312,0.9979295721453597,0.002903884930785246,0.9937535994477263,0.011964005914835221,0.9698255876180558,0.06291768935340931,0.7383147978396534
12.369999999999997,0.00023367585770303487,0.999563712393551,0.001030050776317597,0.9979398984473649,0.0028905703597865338,0.993782571673978,0.011918785116853148,0.9699450014402717,0.06280673364998969,0.7389434199285173
12.379999999999997,0.00023241646987767346,0.999566042849454,0.0010249133766381193,0.9979501732467237,0.0028773158970855917,0.9938114110552829,0.011873723601973212,0.9700639638513364,0.0626958097248066,0.7395709326185809
12.389999999999997,0.0002311639448922136,0.9995683607458248,0.0010198015998464387,0.9979603968003071,0.0028641212772145246,0.9938401181913957,0.011828820874895986,0.9701824764416037,0.06258491836534852,0.7401973362315664
12.399999999999999,0.00022991824482578995,0.9995706661511017,0.0010147153181478679,0.9979705693637043,0.00285098623583979,0.9938686936794221,0.011784076441471138,0.9703005407964798,0.0624740603554158,0.7408226310970534
12.409999999999998,0.0002286793319708004,0.9995729591333452,0.0010096544043851014,0.9979806911912298,0.002837910509757632,0.99389713811383,0.011739489808697403,0.9704181584964352,0.06236323647512641,0.7414468175524405
12.419999999999998,0.0002274471688316811,0.9995752397602401,0.001004618732035031,0.9979907625359299,0.002824893836889476,0.9939254520864611,0.011695060484722433,0.9705353311170163,0.06225244750092168,0.74206989594291
12.429999999999998,0.0002262217181236847,0.9995775080990966,0.0009996081752055852,0.9980007836495888,0.0028119359562773956,0.9939536361865419,0.011650787978842683,0.9706520602288565,0.062141694205572355,0.742691866621389
12.439999999999998,0.00022500294277166892,0.9995797642168537,0.0009946226086325826,0.9980107547827348,0.0027990366080795598,0.9939816910006946,0.011606671801503243,0.9707683473976881,0.062030977358184,0.7433127299485149
12.449999999999998,0.0002237908059088927,0.9995820081800804,0.000989661907676599,0.9980206761846468,0.0027861955335657103,0.9940096171129489,0.011562711464297697,0.9708841941843536,0.06192029772420343,0.7439324862925978
12.459999999999997,0.00022258527087581537,0.9995842400549779,0.0009847259483198524,0.9980305481033603,0.0027734124751126557,0.9940374151047526,0.0115189064799679,0.9709996021448168,0.061809656065424476,0.7445511360295832
12.469999999999997,0.0002213863012189084,0.9995864599073824,0.0009798146071631016,0.9980403707856738,0.0027606871761997843,0.9940650855549829,0.011475256362403773,0.9711145728301753,0.06169905313999414,0.7451686795430177
12.479999999999999,0.0002201938606894697,0.9995886678027661,0.0009749277614225611,0.9980501444771549,0.0027480193814045767,0.9940926290399569,0.011431760626643046,0.9712291077866708,0.06158848970241829,0.7457851172240099
12.489999999999998,0.00021900791324244804,0.9995908638062398,0.0009700652889268345,0.9980598694221463,0.00273540883639817,0.9941200461334434,0.011388418788871058,0.9713432085557014,0.061477966503568106,0.7464004494711957
12.499999999999998,0.00021782842303527146,0.999593047982555,0.0009652270681138554,0.9980695458637723,0.0027228552879408887,0.9941473374066733,0.011345230366420368,0.9714568766738325,0.06136748429068593,0.7470146766907015
12.509999999999998,0.00021665535442668606,0.9995952203961058,0.0009604129780278514,0.9980791740439443,0.0027103584838778375,0.9941745034283501,0.011302194877770589,0.971570113672809,0.0612570438073918,0.7476277992961085
12.519999999999998,0.00021548867197559833,0.9995973811109308,0.0009556228983163196,0.9980887542033674,0.00269791817313449,0.9942015447646617,0.011259311842547937,0.9716829210795659,0.0611466457936891,0.7482398177084151
12.529999999999998,0.00021432834043992748,0.999599530190715,0.0009508567092270179,0.998098286581546,0.0026855341057122877,0.9942284619792905,0.01121658078152499,0.9717953004162404,0.06103629098597123,0.7488507323560025
12.539999999999997,0.00021317432477546092,0.9996016676987924,0.0009461142916049706,0.9981077714167901,0.002673206032684275,0.9942552556334239,0.011174001216620275,0.9719072532001833,0.0609259801170279,0.7494605436745974
12.549999999999997,0.00021202659013471996,0.9996037936981472,0.0009413955268894903,0.998117208946221,0.002660933706190731,0.9942819262857658,0.01113157267089789,0.97201878094397,0.06081571391605088,0.7500692521072366
12.559999999999999,0.00021088510186582983,0.9996059082514164,0.0009367002971112124,0.9981265994057775,0.0026487168794348185,0.9943084744925467,0.011089294668567118,0.9721298851554125,0.06070549310864108,0.7506768581042309
12.569999999999999,0.0002097498255113989,0.999608011420891,0.0009320284848891497,0.9981359430302217,0.0026365553066782783,0.9943349008075344,0.011047166734981998,0.9722405673375704,0.060595318416814425,0.7512833621231286
12.579999999999998,0.00020862072680740006,0.9996101032685187,0.0009273799734277523,0.9981452400531445,0.002624448743237091,0.9943612057820446,0.011005188396640874,0.9723508289887628,0.060485190559008355,0.7518887646286809
12.589999999999998,0.00020749777168206483,0.9996121838559057,0.0009227546465139918,0.998154490706972,0.002612396945477191,0.9943873899649512,0.010963359181185945,0.9724606716025793,0.06037511025008824,0.7524930660928053
12.599999999999998,0.00020638092625477783,0.999614253244318,0.0009181523885144543,0.9981636952229711,0.0026003996708101954,0.9944134539026976,0.010921678617402824,0.972570096667892,0.0602650782013543,0.7530962669945505
12.609999999999998,0.00020527015683498217,0.9996163114946841,0.0009135730843724501,0.9981728538312551,0.002588456677689121,0.9944393981393058,0.010880146235219944,0.972679105668866,0.06015509512054738,0.7536983678200593
12.619999999999997,0.00020416542992108983,0.9996183586675964,0.0009090166196051372,0.9981819667607897,0.002576567725604152,0.9944652232163881,0.01083876156570813,0.9727877000849718,0.06004516171185578,0.7542993690625354
12.629999999999997,0.00020306671219939805,0.9996203948233131,0.0009044828803006592,0.9981910342393987,0.0025647325750783917,0.9944909296731563,0.01079752414108003,0.9728958813909963,0.059935278675922264,0.754899271222206
12.639999999999997,0.00020197397054301183,0.9996224200217605,0.0008999717531152971,0.9982000564937694,0.002552950987663665,0.9945165180464332,0.010756433494689579,0.973003651057054,0.05982544670985013,0.7554980748062872
12.649999999999999,0.00020088717201077443,0.9996244343225343,0.0008954831252706356,0.9982090337494587,0.0025412227259362916,0.9945419888706618,0.010715489161031367,0.973111010548599,0.059715666507209726,0.7560957803289481
12.659999999999998,0.00019980628384620302,0.999626437784902,0.0008910168845507466,0.9982179662308985,0.002529547553492928,0.9945673426779161,0.010674690675740155,0.9732179613264358,0.059605938758045866,0.7566923883112766
12.669999999999998,0.00019873127347643015,0.9996284304678039,0.0008865729192993785,0.9982268541614012,0.0025179252349463704,0.9945925799979112,0.010634037575590167,0.9733245048467308,0.05949626414888394,0.7572878992812428
12.679999999999998,0.0001976621085111527,0.9996304124298562,0.0008821511184171685,0.9982356977631657,0.0025063555359214123,0.9946177013580133,0.010593529398494513,0.9734306425610243,0.05938664336273644,0.7578823137736646
12.689999999999998,0.00019659875674158544,0.9996323837293515,0.0008777513713588644,0.9982444972572823,0.0024948382230507156,0.99464270728325,0.010553165683504527,0.973536375916241,0.05927707707911049,0.758475632330173
12.699999999999998,0.00019554118613942254,0.9996343444242615,0.0008733735681305605,0.9982532528637389,0.0024833730639706613,0.9946675982963202,0.010512945970809135,0.9736417063547019,0.059167565974013916,0.7590678554991758
12.709999999999997,0.00019448936485580434,0.9996362945722386,0.0008690175992869481,0.9982619648014261,0.002471959827317268,0.9946923749176041,0.010472869801734163,0.9737466353141357,0.05905811071996255,0.7596589838358239
12.719999999999997,0.00019344326122028942,0.9996382342306175,0.0008646833559285793,0.9982706332881428,0.0024605982827220767,0.9947170376651733,0.01043293671874161,0.9738511642276901,0.05894871198598674,0.7602490179019755
12.729999999999999,0.00019240284373983393,0.9996401634564168,0.0008603707296991435,0.9982792585406017,0.0024492882008080837,0.9947415870548006,0.010393146265428973,0.9739552945239427,0.05883937043763834,0.7608379582661626
12.739999999999998,0.00019136808109777747,0.9996420823063417,0.0008560796127827621,0.9982878407744344,0.0024380293531856816,0.9947660235999704,0.010353497986528539,0.9740590276269133,0.058730086736997776,0.7614258055035545
12.749999999999998,0.00019033894215283193,0.9996439908367845,0.0008518098979012876,0.9982963802041974,0.002426821512448603,0.9947903478118872,0.010313991427906562,0.9741623649560741,0.0586208615426807,0.7620125601959241
12.759999999999998,0.00018931539593807924,0.9996458891038271,0.0008475614783116259,0.9983048770433768,0.0024156644521698897,0.9948145601994873,0.0102746261365626,0.9742653079263621,0.05851169550984531,0.7625982229316134
12.769999999999998,0.00018829741165997518,0.9996477771632429,0.0008433342478030659,0.9983133315043938,0.002404557946897878,0.9948386612694472,0.010235401660628637,0.9743678579481899,0.05840258929019876,0.7631827943054987
12.779999999999998,0.00018728495869735592,0.9996496550704981,0.0008391281006946246,0.9983217437986107,0.002393501772152203,0.9948626515261937,0.010196317549368394,0.9744700164274569,0.058293543532005034,0.7637662749189562
12.789999999999997,0.00018627800660045354,0.9996515228807531,0.0008349429318324052,0.9983301141363352,0.002382495704419796,0.9948865314719135,0.010157373353176402,0.9745717847655607,0.058184558880091046,0.7643486653798266
12.799999999999997,0.00018527652508991646,0.9996533806488653,0.0008307786365869684,0.998338442726826,0.0023715395211509256,0.9949103016065635,0.010118568623577292,0.9746731643594089,0.058075635975854446,0.7649299663023837
12.809999999999997,0.0001842804840558345,0.9996552284293898,0.0008266351108507159,0.9983467297782985,0.002360633000755236,0.9949339624278793,0.010079902913224857,0.9747741566014296,0.05796677545727024,0.7655101783072964
12.819999999999999,0.00018328985355677094,0.9996570662765816,0.000822512251035288,0.9983549754979294,0.002349775922597802,0.9949575144313859,0.010041375775901275,0.9748747628795834,0.057857977958898354,0.7660893020215969
12.829999999999998,0.00018230460381880075,0.9996588942443968,0.0008184099540689758,0.9983631800918621,0.002338968066995211,0.9949809581104064,0.010002986766516194,0.974974984577374,0.05774924411189035,0.766667338078646
12.839999999999998,0.0001813247052345517,0.9996607123864951,0.000814328117394141,0.9983713437652117,0.002328209215211639,0.9950042939560718,0.009964735441105817,0.9750748230738602,0.05764057454399671,0.7672442871180989
12.849999999999998,0.0001803501283622538,0.9996625207562405,0.000810266638964654,0.9983794667220707,0.002317499149454959,0.9950275224573306,0.00992662135683208,0.9751742797436664,0.05753196987957448,0.7678201497858713
12.859999999999998,0.00017938084392479477,0.9996643194067037,0.0008062254172433425,0.9983875491655133,0.002306837652872855,0.995050644100958,0.009888644071981648,0.9752733559569947,0.05742343073959359,0.7683949267341054
12.869999999999997,0.00017841682280877736,0.9996661083906634,0.000802204351199453,0.9983955912976011,0.0022962245095489602,0.9950736593715654,0.009850803145965044,0.9753720530796354,0.057314957741645085,0.7689686186211369
12.879999999999997,0.00017745803606358652,0.9996678877606078,0.000798203340306125,0.9984035933193878,0.0022856595044989923,0.9950965687516098,0.009813098139315678,0.9754703724729785,0.0572065514999477,0.7695412261114597
12.889999999999997,0.00017650445490045963,0.9996696575687366,0.0007942222845378779,0.9984115554309242,0.002275142423666923,0.9951193727214027,0.009775528613688878,0.975568315494025,0.05709821262535537,0.7701127498756931
12.899999999999999,0.00017555605069156206,0.9996714178669623,0.0007902610843681092,0.9984194778312638,0.0022646730539211475,0.9951420717591201,0.009738094131860945,0.9756658834953982,0.05698994172536482,0.7706831905905491
12.909999999999998,0.0001746127949690695,0.999673168706912,0.0007863196407666099,0.9984273607184668,0.0022542511830506867,0.9951646663408107,0.009700794257728122,0.9757630778253544,0.05688173940412234,0.7712525489387968
12.919999999999998,0.0001736746594242548,0.9996749101399289,0.0007823978551970839,0.9984352042896059,0.002243876599761369,0.9951871569404062,0.009663628556305632,0.975859899827795,0.056773606262431685,0.7718208256092306
12.929999999999998,0.0001727416159065794,0.999676642217074,0.0007784956296146878,0.9984430087407706,0.0022335490936720684,0.9952095440297298,0.009626596593726625,0.9759563508422765,0.05666554289776108,0.7723880212966358
12.939999999999998,0.00017181363642279236,0.9996783649891272,0.0007746128664635788,0.9984507742670728,0.002223268455310933,0.9952318280785053,0.009589697937241156,0.9760524322040229,0.056557549904250944,0.7729541367017565
12.949999999999998,0.00017089069313603285,0.9996800785065897,0.0007707494686744758,0.998458501062651,0.002213034476111622,0.9952540095543665,0.009552932155215165,0.9761481452439361,0.056449627872720946,0.7735191725312612
12.959999999999997,0.00016997275836493707,0.9996817828196849,0.0007669053396622328,0.9984661893206755,0.0022028469484095814,0.9952760889228658,0.009516298817129398,0.976243491288607,0.05634177739067793,0.7740831294977095
12.969999999999997,0.0001690598045827538,0.9996834779783603,0.0007630803833234245,0.9984738392333532,0.002192705665438312,0.9952980666474837,0.009479797493578305,0.9763384716603271,0.05623399904232283,0.7746460083195206
12.979999999999999,0.00016815180441646102,0.9996851640322886,0.0007592745040339424,0.9984814509919321,0.0021826104213256603,0.9953199431896373,0.009443427756269029,0.9764330876770992,0.05612629340855872,0.7752078097209385
12.989999999999998,0.0001672487306458912,0.9996868410308699,0.0007554876066466073,0.9984890247867068,0.0021725610110901257,0.9953417190086896,0.009407189178020239,0.9765273406526491,0.056018661066997745,0.7757685344319996
12.999999999999998,0.00016635055620285944,0.9996885090232326,0.0007517195964887868,0.9984965608070224,0.0021625572306371676,0.9953633945619583,0.00937108133276107,0.9766212318964361,0.055911102591969374,0.7763281831885006
13.009999999999998,0.0001654572541702966,0.9996901680582353,0.0007479703793600306,0.9985040592412799,0.0021525988767555552,0.9953849703047242,0.00933510379552993,0.9767147627136643,0.0558036185545271,0.7768867567319646
13.019999999999998,0.00016456879778139002,0.9996918181844682,0.0007442398615297152,0.9985115202769406,0.0021426857471136965,0.9954064466902407,0.009299256142473442,0.9768079344052939,0.05569620952245659,0.7774442558096094
13.029999999999998,0.00016368516041872692,0.9996934594502543,0.0007405279497347007,0.9985189441005305,0.002132817640256009,0.9954278241697423,0.009263537950845268,0.9769007482680517,0.05558887606028334,0.7780006811743136
13.039999999999997,0.00016280631561344284,0.9996950919036517,0.0007368345511769986,0.998526330897646,0.0021229943555992905,0.9954491031924532,0.00922794879900492,0.9769932055944434,0.055481618729279925,0.7785560335845859
13.049999999999997,0.0001619322370443762,0.9996967155924541,0.0007331595735214528,0.9985336808529571,0.0021132156934291074,0.9954702842055958,0.009192488266416622,0.9770853076727626,0.05537443808747367,0.7791103138045303
13.059999999999997,0.0001610628985372279,0.9996983305641928,0.0007295029248934304,0.9985409941502131,0.002103481454896192,0.9954913676544004,0.00915715593364809,0.9771770557871042,0.05526733468965439,0.7796635226038156
13.069999999999999,0.00016019827406372358,0.9996999368661382,0.0007258645138765248,0.998548270972247,0.002093791442012862,0.9955123539821125,0.009121951382369377,0.9772684512173737,0.05516030908738232,0.7802156607576423
13.079999999999998,0.00015933833774078423,0.9997015345453012,0.0007222442495102722,0.9985555115009794,0.0020841454576494573,0.9955332436300023,0.009086874195351629,0.977359495239299,0.05505336182899535,0.78076672904671
13.089999999999998,0.0001584830638296993,0.9997031236484344,0.0007186420412878742,0.9985627159174243,0.00207454330553076,0.9955540370373729,0.009051923956465887,0.9774501891244411,0.054946493459616906,0.7813167282571859
13.099999999999998,0.00015763242673530388,0.9997047042220338,0.0007150577991539377,0.9985698844016921,0.0020649847902324795,0.9955747346415689,0.009017100250681828,0.9775405341402053,0.05483970452116365,0.7818656591806724
13.109999999999998,0.00015678640100516398,0.9997062763123403,0.0007114914335022228,0.9985770171329955,0.0020554697171776956,0.995595336877985,0.008982402664066531,0.9776305315498518,0.05473299555235327,0.782413522614175
13.119999999999997,0.00015594496132876294,0.9997078399653407,0.0007079428551734023,0.9985841142896532,0.0020459978926333647,0.9956158441800741,0.008947830783783254,0.9777201826125075,0.05462636708871225,0.7829603193600705
13.129999999999997,0.0001551080825366949,0.9997093952267698,0.000704411975452833,0.9985911760490943,0.002036569123706801,0.9956362569793562,0.008913384198090098,0.9778094885831761,0.05451981966258348,0.7835060502260747
13.139999999999997,0.00015427573959986252,0.999710942142111,0.0007008987060683384,0.9985982025878634,0.002027183218342192,0.9956565757054266,0.0088790624963388,0.9778984507127491,0.05441335380313407,0.7840507160252114
13.149999999999999,0.00015344790762867884,0.9997124807565984,0.0006974029591879999,0.998605194081624,0.0020178399853171243,0.9956768007859641,0.0088448652689734,0.9779870702480173,0.054306970036363374,0.78459431757578
13.159999999999998,0.00015262456187227407,0.9997140111152176,0.000693924647417965,0.9986121507051641,0.002008539234239123,0.9956969326467393,0.008810792107528954,0.9780753484316814,0.05420066888511047,0.7851368557013242
13.169999999999998,0.0001518056777177068,0.9997155332627078,0.0006904636838002573,0.9986190726323995,0.001999280775542195,0.9957169717116234,0.008776842604630242,0.978163286502363,0.054094450869062324,0.7856783312305998
13.179999999999998,0.00015099123068918068,0.9997170472435624,0.0006870199818106064,0.9986259600363788,0.001990064420483397,0.9957369184025956,0.0087430163539904,0.9782508856946148,0.053988316504761186,0.7862187449975448
13.189999999999998,0.00015018119644726407,0.9997185531020308,0.0006835934553562831,0.9986328130892874,0.001980889981139412,0.995756773139752,0.008709312950409616,0.9783381472389328,0.05388226630561288,0.786758097841246
13.199999999999998,0.0001493755507881167,0.9997200508821199,0.0006801840187739475,0.9986396319624521,0.0019717572704031393,0.9957765363413137,0.008675731989773814,0.978425072361766,0.05377630078189456,0.7872963906059087
13.209999999999997,0.00014857426964271785,0.999721540627595,0.0006767915868275075,0.998646416826345,0.0019626661019803,0.9957962084236344,0.008642273069053255,0.9785116622855279,0.0536704204407624,0.7878336241408261
13.219999999999997,0.00014777732907610082,0.9997230223819813,0.0006734160747059878,0.998653167850588,0.0019536162903860516,0.9958157898012092,0.008608935786301198,0.9785979182286069,0.053564625786259666,0.7883697993003465
13.229999999999999,0.00014698470528659235,0.9997244961885657,0.0006700573980214091,0.9986598852039572,0.001944607650941615,0.9958352808866825,0.008575719740652526,0.9786838414053775,0.05345891731932471,0.7889049169438438
13.239999999999998,0.0001461963746050552,0.9997259620903974,0.0006667154728066802,0.9986665690543867,0.001935639999770927,0.9958546820908556,0.00854262453232236,0.9787694330262109,0.05335329553779857,0.7894389779356846
13.249999999999998,0.00014541231349413466,0.9997274201302897,0.0006633902155134963,0.998673219568973,0.0019267131537972833,0.9958739938226951,0.00850964976260467,0.9788546942974858,0.05324776093643337,0.7899719831452005
13.259999999999998,0.00014463249854751244,0.9997288703508211,0.0006600815430102519,0.9986798369139795,0.0019178269307400125,0.9958932164893411,0.008476795033870863,0.9789396264215995,0.053142314006899734,0.7905039334466533
13.269999999999998,0.00014385690648916087,0.999730312794337,0.0006567893725799619,0.9986864212548401,0.0019089811491111617,0.9959123504961146,0.008444059949568369,0.9790242305969779,0.05303695523779506,0.7910348297192068
13.279999999999998,0.00014308551417260425,0.9997317475029501,0.0006535136219181942,0.9986929727561636,0.0019001756282121833,0.9959313962465257,0.008411444114219263,0.9791085080180872,0.05293168511465177,0.7915646728468959
13.289999999999997,0.0001423182985801842,0.9997331745185428,0.0006502542091310118,0.998699491581738,0.0018914101881306478,0.9959503541422815,0.008378947133418767,0.979192459875444,0.05282650411994465,0.792093463718595
13.299999999999997,0.000141555236822328,0.9997345938827678,0.0006470110527329251,0.9987059778945342,0.0018826846497369584,0.9959692245832938,0.008346568613833852,0.9792760873556262,0.05272141273309923,0.7926212032279879
13.309999999999997,0.00014079630613682178,0.9997360056370495,0.0006437840716448551,0.9987124318567103,0.0018739988346810946,0.9959880079676873,0.008314308163201794,0.9793593916412837,0.05261641143049995,0.7931478922735381
13.319999999999999,0.00014004148388808868,0.9997374098225853,0.0006405731851921062,0.9987188536296158,0.001865352565389339,0.9960067046918066,0.008282165390328668,0.9794423739111493,0.05251150068549764,0.7936735317584571
13.329999999999998,0.00013929074756647094,0.999738806480347,0.0006373783131023509,0.9987252433737953,0.001856745665061056,0.9960253151502249,0.008250139905087965,0.979525035340049,0.052406680968418294,0.7941981225906749
13.339999999999998,0.00013854407478751493,0.9997401956510817,0.00063419937550362,0.9987316012489927,0.0018481779576654462,0.9960438397357508,0.008218231318419016,0.9796073770989129,0.0523019527465703,0.7947216656828098
13.349999999999998,0.0001378014432912613,0.9997415773753137,0.0006310362929223078,0.9987379274141553,0.0018396492679383363,0.996062278839437,0.008186439242325599,0.9796894003547858,0.05219731648425322,0.7952441619521384
13.359999999999998,0.00013706283094154026,0.9997429516933447,0.0006278889862811853,0.9987442220274376,0.001831159421378975,0.9960806328505868,0.008154763289874375,0.979771106270838,0.05209277264276531,0.7957656123205648
13.369999999999997,0.00013632821572526888,0.9997443186452563,0.0006247573768974223,0.9987504852462051,0.0018227082442468412,0.9960989021567626,0.008123203075193425,0.9798524960063757,0.05198832168041193,0.796286017714591
13.379999999999997,0.0001355975757517537,0.99974567827091,0.0006216413864806212,0.9987567172270387,0.0018142955635584597,0.9961170871437931,0.008091758213470735,0.9799335707168516,0.05188396405251342,0.796805379065288
13.389999999999997,0.0001348708892519975,0.9997470306099495,0.0006185409371308593,0.9987629181257383,0.0018059212070842417,0.9961351881957811,0.00806042832095267,0.9800143315538757,0.05177970021141338,0.7973236973082644
13.399999999999999,0.0001341481345780093,0.9997483757018011,0.0006154559513367409,0.9987690880973266,0.001797585003345322,0.9961532056951105,0.008029213014942447,0.9800947796652256,0.051675530606486574,0.7978409733836374
13.409999999999998,0.0001334292902021198,0.9997497135856754,0.0006123863519734616,0.9987752272960531,0.0017892867816104256,0.9961711400224545,0.007998111913798608,0.9801749161948573,0.05157145568414709,0.7983572082360031
13.419999999999998,0.00013271433471629882,0.9997510443005682,0.0006093320623008766,0.9987813358753983,0.00178102637189273,0.9961889915567826,0.007967124636933475,0.9802547422829158,0.051467475887856676,0.7988724028144074
13.429999999999998,0.00013200324683147784,0.9997523678852617,0.0006062930059615852,0.9987874139880768,0.0017728036049467451,0.9962067606753682,0.007936250804811598,0.980334259065745,0.05136359165813246,0.7993865580723158
13.439999999999998,0.00013129600537687658,0.9997536843783262,0.0006032691069790207,0.998793461786042,0.0017646183122652205,0.9962244477537957,0.00790549003894819,0.9804134676758993,0.05125980343255554,0.7998996749675842
13.449999999999998,0.00013059258929933382,0.9997549938181205,0.000600260289755551,0.9987994794204889,0.0017564703260760375,0.9962420531659684,0.00787484196190757,0.9804923692421532,0.05115611164577873,0.8004117544624298
13.459999999999997,0.00012989297766264019,0.9997562962427936,0.0005972664790705887,0.9988054670418588,0.0017483594793391362,0.9962595772841154,0.007844306197301587,0.9805709648895121,0.05105251672953496,0.8009227975234019
13.469999999999997,0.0001291971496468776,0.9997575916902858,0.0005942876000787108,0.9988114247998425,0.00174028560574344,0.996277020478799,0.007813882369788045,0.9806492557392228,0.05094901911264529,0.801432805121352
13.479999999999997,0.00012850508454776018,0.9997588801983296,0.0005913235783077873,0.9988173528433845,0.001732248539703805,0.996294383118922,0.0077835701050690985,0.9807272429087838,0.05084561922102715,0.8019417782314059
13.489999999999998,0.00012781676177598005,0.9997601618044512,0.0005883743396571193,0.9988232513206857,0.0017242481163579682,0.9963116655717352,0.007753369029889664,0.9808049275119559,0.050742317477702574,0.8024497178329338
13.499999999999998,0.0001271321608565571,0.9997614365459713,0.0005854398103955876,0.9988291203792088,0.0017162841715635192,0.9963288682028443,0.007723278772035841,0.9808823106587725,0.050639114302806223,0.8029566249095218
13.509999999999998,0.00012645126142819224,0.9997627044600066,0.0005825199171598076,0.9988349601656804,0.001708356541894874,0.9963459913762168,0.007693298960333252,0.9809593934555503,0.050536010113593585,0.8034625004489425
13.519999999999998,0.0001257740432426234,0.9997639655834707,0.0005796145869522961,0.9988407708260955,0.001700465064640268,0.9963630354541901,0.007663429224645471,0.9810361770048992,0.05043300532444943,0.8039673454431275
13.529999999999998,0.00012510048616398798,0.9997652199530751,0.0005767237471396468,0.9988465525057207,0.0016926095777987545,0.9963800007974776,0.007633669195872381,0.9811126624057328,0.050330100346895584,0.8044711608881373
13.539999999999997,0.00012443057016818504,0.9997664676053308,0.0005738473254507136,0.9988523053490985,0.001684789920077225,0.9963968877651764,0.007604018505948537,0.9811888507532793,0.050227295589599506,0.8049739477841332
13.549999999999997,0.00012376427534224572,0.9997677085765491,0.0005709852499748046,0.9988580295000504,0.0016770059308874265,0.9964136967147742,0.007574476787841546,0.9812647431390911,0.05012459145838232,0.8054757071353497
13.559999999999997,0.00012310158188370276,0.9997689429028422,0.0005681374491598839,0.9988637251016802,0.0016692574503430087,0.9964304280021562,0.007545043675550406,0.9813403406510555,0.05002198835622697,0.8059764399500648
13.569999999999999,0.00012244247009996777,0.9997701706201256,0.0005653038518107821,0.9988693922963784,0.0016615443192565596,0.9964470819816125,0.007515718804103841,0.9814156443734048,0.04991948668328653,0.8064761472405721
13.579999999999998,0.0001217869204077086,0.9997713917641179,0.0005624843870874191,0.9988750312258252,0.0016538663791366825,0.9964636590058445,0.007486501809558719,0.9814906553867271,0.04981708683689259,0.8069748300231526
13.589999999999998,0.00012113491333223349,0.9997726063703425,0.0005596789845030293,0.9988806420309939,0.0016462234721850504,0.9964801594259723,0.007457392328998284,0.9815653747679758,0.049714789211563144,0.807472489318047
13.599999999999998,0.00012048642950687538,0.9997738144741287,0.0005568875739224021,0.9988862248521552,0.0016386154412935039,0.9964965835915417,0.0074283900005305496,0.9816398035904805,0.049612594199011074,0.8079691261494268
13.609999999999998,0.00011984144967238348,0.9997750161106126,0.0005541100855601275,0.9988917798288798,0.0016310421300411368,0.9965129318505302,0.007399494463286625,0.9817139429239571,0.04951050218815233,0.8084647415453665
13.619999999999997,0.00011919995467631505,0.9997762113147383,0.0005513464499788518,0.9988973071000423,0.0016235033826914084,0.9965292045493555,0.007370705357418994,0.9817877938345174,0.04940851356511401,0.8089593365378163
13.629999999999997,0.00011856192547243284,0.9997774001212587,0.0005485965980875417,0.9989028068038249,0.0016159990441892596,0.9965454020328802,0.007342022324099867,0.9818613573846805,0.04930662871324299,0.8094529121625731
13.639999999999997,0.00011792734312010569,0.9997785825647372,0.0005458604611397564,0.9989082790777205,0.0016085289601582386,0.9965615246444207,0.007313445005519462,0.9819346346333818,0.049204848013113686,0.8099454694592537
13.649999999999999,0.00011729618878371079,0.9997797586795478,0.0005431379707319294,0.9989137240585362,0.0016010929768976504,0.9965775727257525,0.007284973044884311,0.982007626635984,0.04910317184253668,0.8104370094712674
13.659999999999998,0.00011666844373204257,0.9997809284998771,0.0005404290588016597,0.9989191418823967,0.001593690941379701,0.9965935466171177,0.007256606086415567,0.9820803344442866,0.04900160057656699,0.8109275332457869
13.669999999999998,0.00011604408933772215,0.9997820920597247,0.0005377336576260073,0.998924532684748,0.001586322701246659,0.9966094466572314,0.007228343775347281,0.9821527591065368,0.04890013458751205,0.8114170418337222
13.679999999999998,0.00011542310707661135,0.9997832493929043,0.0005350516998198026,0.9989298966003604,0.0015789881048080409,0.9966252731832882,0.007200185757924666,0.9822249016674389,0.04879877424493995,0.8119055362896924
13.689999999999998,0.00011480547852723036,0.9997844005330452,0.0005323831183339607,0.998935233763332,0.0015716870010377827,0.9966410265309696,0.0071721316814024145,0.9822967631681648,0.04869751991568823,0.812393017671999
13.699999999999998,0.00011419118537017873,0.9997855455135928,0.0005297278464538055,0.9989405443070923,0.0015644192395714472,0.99665670703445,0.007144181194042945,0.982368344646364,0.04859637196387157,0.8128794870425979
13.709999999999997,0.00011358020938755869,0.9997866843678098,0.0005270858177974016,0.9989458283644052,0.0015571846707034273,0.996672315026403,0.007116333945114669,0.9824396471361737,0.04849533075089027,0.8133649454670728
13.719999999999997,0.00011297253246240306,0.9997878171287774,0.0005244569663138951,0.9989510860673723,0.0015499831453841674,0.996687850838009,0.007088589584890258,0.9825106716682286,0.04839439663543864,0.8138493940146078
13.729999999999997,0.00011236813657810556,0.9997889438293959,0.0005218412262818618,0.9989563175474363,0.0015428145152173887,0.9967033147989611,0.007060947764644916,0.9825814192696712,0.04829356997351316,0.8143328337579603
13.739999999999998,0.00011176700381785555,0.9997900645023861,0.0005192385323076644,0.9989615229353846,0.001535678632457333,0.9967187072374714,0.007033408136654585,0.9826518909641622,0.04819285111842059,0.8148152657734345
13.749999999999998,0.00011116911636407427,0.9997911791802899,0.0005166488193238189,0.9989667023613523,0.0015285753500060184,0.9967340284802779,0.007005970354194256,0.9827220877718894,0.04809224042078676,0.8152966911408539
13.759999999999998,0.000110574456497856,0.9997922878954719,0.0005140720225873653,0.9989718559548253,0.0015215045214104965,0.996749278852651,0.006978634071536151,0.9827920107095787,0.04799173822856415,0.8157771109435352
13.769999999999998,0.00010998300659841156,0.9997933906801197,0.000511508077678251,0.9989769838446435,0.001514466000860126,0.9967644586783995,0.0069513989439479815,0.9828616607905035,0.04789134488704081,0.8162565262682612
13.779999999999998,0.00010939474914251539,0.9997944875662453,0.0005089569204977197,0.9989820861590045,0.0015074596431838589,0.9967795682798777,0.0069242646276911944,0.9829310390244953,0.04779106073884818,0.816734938205254
13.789999999999997,0.00010880966670395498,0.999795578585686,0.0005064184872667091,0.9989871630254665,0.0015004853038475387,0.9967946079779909,0.006897230780019182,0.9830001464179525,0.047690886123969725,0.8172123478481494
13.799999999999997,0.00010822774195298564,0.9997966637701051,0.0005038927145242561,0.9989922145709514,0.0014935428389511996,0.9968095780922027,0.006870297059175517,0.9830689839738517,0.04759082137974899,0.8176887562939693
13.809999999999997,0.00010764895765578502,0.9997977431509932,0.0005013795391259106,0.9989972409217481,0.0014866321052263898,0.9968244789405405,0.00684346312439215,0.9831375526917562,0.04749086684089793,0.8181641646430959
13.819999999999999,0.00010707329667391429,0.9997988167596692,0.0004988788982421563,0.9990022422035156,0.001479752960033494,0.9968393108396022,0.0068167286358876335,0.983205853567827,0.04739102283950514,0.8186385739992458
13.829999999999998,0.00010650074196378013,0.999799884627281,0.0004963907293568419,0.9990072185412863,0.0014729052613590779,0.9968540741045628,0.006790093254865352,0.9832738875948321,0.04729128970504439,0.8191119854694429
13.839999999999998,0.00010593127657610037,0.9998009467848062,0.0004939149702656152,0.9990121700594687,0.0014660888678132268,0.9968687690491798,0.006763556643511691,0.9833416557621564,0.047191667764382585,0.819584400163993
13.849999999999998,0.00010536488365537294,0.999802003263054,0.0004914515590743698,0.9990170968818513,0.001459303638626915,0.9968833959858002,0.006737118464994259,0.9834091590558116,0.04709215734178833,0.8200558191964576
13.859999999999998,0.00010480154643934839,0.999803054092665,0.0004890004341976976,0.9990219991316046,0.0014525494336493682,0.9968979552253663,0.006710778383460077,0.9834763984584461,0.04699275875893997,0.820526243683628
13.869999999999997,0.00010424124825850377,0.9998040993041128,0.0004865615343573493,0.9990268769312853,0.0014458261133454462,0.996912447077422,0.006684536064033783,0.9835433749493544,0.046893472334934024,0.8209956747454995
13.879999999999997,0.00010368397253552163,0.9998051389277051,0.00048413479858070167,0.9990317304028385,0.0014391335387930373,0.996926871850119,0.006658391172815789,0.9836100895044874,0.04679429838629348,0.8214641135052451
13.889999999999997,0.00010312970278477008,0.9998061729935835,0.0004817201661992339,0.9990365596676015,0.001432471571680454,0.9969412298502226,0.006632343376880504,0.9836765430964616,0.0466952372269759,0.8219315610891901
13.899999999999997,0.00010257842261178768,0.999807201531726,0.00047931757684701074,0.999041364846306,0.0014258400743038468,0.9969555213831183,0.006606392344274491,0.9837427366945694,0.04659628916838192,0.8223980186267872
13.909999999999998,0.00010203011571276951,0.9998082245719466,0.0004769269704591728,0.9990461460590817,0.0014192389095646222,0.9969697467528174,0.006580537744014638,0.9838086712647881,0.046497454519363386,0.82286348725059
13.919999999999998,0.00010148476587405804,0.9998092421438971,0.00047454828727043675,0.9990509034254591,0.0014126679409668867,0.9969839062619633,0.006554779246086357,0.9838743477697907,0.04639873358623173,0.8233279680962277
13.929999999999998,0.00010094235697163497,0.9998102542770673,0.0004721814678135985,0.9990556370643728,0.0014061270326148733,0.9969980002118375,0.006529116521441735,0.983939767168954,0.04630012667276622,0.8237914623023804
13.939999999999998,0.00010040287297061744,0.9998112610007862,0.00046982645291804845,0.9990603470941639,0.0013996160492104057,0.9970120289023654,0.006503549241997688,0.98400493041837,0.046201634080222084,0.824253971010753
13.949999999999998,9.986629792475672e-05,0.9998122623442232,0.00046748318370829145,0.9990650336325834,0.0013931348560503555,0.9970259926321224,0.0064780770806341535,0.9840698384708542,0.04610325610733904,0.8247154953660507
13.959999999999997,9.933261597593961e-05,0.9998132583363883,0.00046515160160247527,0.999069696796795,0.0013866833190241165,0.9970398916983401,0.0064526997111922285,0.9841344922759556,0.046004993050349385,0.8251760365159531
13.969999999999997,9.880181135369306e-05,0.9998142490061338,0.00046283164831092586,0.9990743367033782,0.0013802613046110903,0.9970537263969116,0.006427416808472312,0.984198892779967,0.04590684520298618,0.8256355956110899
13.979999999999997,9.827386837469089e-05,0.9998152343821542,0.00046052326583469,0.9990789534683306,0.0013738686798781758,0.9970674970223978,0.0064022280482322995,0.9842630409259332,0.04580881285649192,0.826094173805016
13.989999999999998,9.774877144226417e-05,0.9998162144929881,0.00045822639646408525,0.9990835472070718,0.0013675053124772732,0.9970812038680336,0.006377133107185688,0.9843269376536622,0.04571089629962637,0.8265517722541856
13.999999999999998,9.722650504591457e-05,0.9998171893670181,0.00045594098277725845,0.9990881180344455,0.001361171070642802,0.9970948472257326,0.006352131662999742,0.9843905838997331,0.045613095818674856,0.8270083921179285
14.009999999999998,9.670705376082917e-05,0.9998181590324727,0.0004536669676387481,0.9990926660647225,0.0013548658231892167,0.9971084273860943,0.00632722339429364,0.984453980597507,0.045515411697456924,0.8274640345584252
14.019999999999998,9.61904022473997e-05,0.999819123517426,0.0004514042941980571,0.9990971914116039,0.0013485894395085431,0.9971219446384089,0.006302407980636593,0.9845171286771357,0.04541784421733394,0.8279187007406816
14.029999999999998,9.567653525074322e-05,0.9998200828497993,0.0004491529058882318,0.9991016941882236,0.0013423417895679268,0.9971353992706635,0.006277685102546001,0.9845800290655715,0.04532039365721814,0.8283723918325054
14.039999999999997,9.516543760022633e-05,0.9998210370573621,0.0004469127464244471,0.9991061745071511,0.0013361227439071756,0.9971487915695477,0.006253054441485587,0.9846426826865766,0.045223060293580176,0.8288251090044814
14.049999999999997,9.465709420899184e-05,0.9998219861677322,0.0004446837598025997,0.9991106324803948,0.0013299321736363334,0.9971621218204595,0.006228515679863494,0.9847050904607325,0.04512584440045764,0.8292768534299457
14.059999999999997,9.415149007348818e-05,0.9998229302083771,0.00044246589029790805,0.9991150682194042,0.0013237699504332434,0.9971753903075107,0.006204068501030465,0.9847672533054497,0.045028746249463396,0.8297276262849642
14.069999999999999,9.364861027300178e-05,0.9998238692066148,0.00044025908246351857,0.9991194818350729,0.0013176359465411347,0.9971885973135325,0.006179712589277923,0.9848291721349767,0.044931766109793596,0.8301774287483064
14.079999999999998,9.31484399691919e-05,0.9998248031896142,0.0004380632811291212,0.9991238734377418,0.00131153003476622,0.9972017431200818,0.006155447629836126,0.9848908478604096,0.04483490424823627,0.8306262620014209
14.089999999999998,9.265096440562704e-05,0.9998257321843966,0.0004358784313995679,0.9991282431372008,0.0013054520884752852,0.9972148280074461,0.00613127330887226,0.9849522813897016,0.044738160929179066,0.8310741272284132
14.099999999999998,9.215616890732703e-05,0.9998266562178358,0.00043370447865350163,0.999132591042693,0.001299401981593311,0.9972278522546493,0.006107189313488559,0.9850134736276721,0.044641536414617745,0.8315210256160198
14.109999999999998,9.166403888030392e-05,0.9998275753166597,0.00043154136854199046,0.999136917262916,0.0012933795886010883,0.9972408161394575,0.00608319533172045,0.9850744254760165,0.04454503096416454,0.8319669583535858
14.119999999999997,9.117455981110853e-05,0.99982848950745,0.00042938904698716895,0.9991412219060256,0.0012873847845328518,0.9972537199383843,0.006059291052534628,0.9851351378333151,0.04444864483505607,0.8324119266330411
14.129999999999997,9.068771726637805e-05,0.9998293988166442,0.0004272474601808862,0.9991455050796382,0.0012814174449739218,0.9972665639266964,0.006035476165827174,0.9851956115950421,0.04435237828216172,0.8328559316488748
14.139999999999997,9.020349689238678e-05,0.9998303032705359,0.0004251165545833604,0.9991497668908332,0.001275477446058348,0.9972793483784193,0.0060117503624216835,0.9852558476535759,0.04425623155799183,0.8332989745981136
14.149999999999997,8.972188441459904e-05,0.9998312028952752,0.00042299627692184074,0.9991540074461563,0.001269564664466576,0.997292073566342,0.005988113334067347,0.9853158468982073,0.04416020491270597,0.8337410566802977
14.159999999999998,8.924286563722523e-05,0.9998320977168699,0.00042088657418927483,0.9991582268516215,0.0012636789774231074,0.9973047397620236,0.005964564773437067,0.9853756102151495,0.04406429859412082,0.8341821790974571
14.169999999999998,8.876642644277988e-05,0.9998329877611865,0.00041878739364298523,0.999162425212714,0.0012578202626941882,0.9973173472357981,0.005941104374125552,0.9854351384875469,0.043968512847718716,0.8346223430540878
14.179999999999998,8.829255279164255e-05,0.9998338730539506,0.00041669868280334854,0.9991666026343933,0.0012519883985854909,0.9973298962567795,0.005917731830647422,0.9854944325954846,0.043872847916655806,0.8350615497571293
14.189999999999998,8.782123072162137e-05,0.9998347536207476,0.000414620389452485,0.999170759221095,0.0012461832639398065,0.9973423870928679,0.005894446838435286,0.9855534934159974,0.04377730404176984,0.8354998004159416
14.199999999999998,8.735244634751831e-05,0.9998356294870239,0.0004125524616329526,0.9991748950767341,0.0012404047381347598,0.9973548200107544,0.005871249093837866,0.9856123218230787,0.04368188146158886,0.8359370962422809
14.209999999999997,8.688618586069826e-05,0.9998365006780875,0.00041049484764644817,0.9991790103047071,0.0012346527010805206,0.9973671952759264,0.005848138294118066,0.9856709186876903,0.043586580412339065,0.8363734384502767
14.219999999999997,8.642243552865869e-05,0.9998373672191083,0.00040844749605251486,0.999183105007895,0.0012289270332175258,0.9973795131526733,0.005825114137451078,0.9857292848777711,0.04349140112795296,0.8368088282564108
14.229999999999997,8.596118169460454e-05,0.9998382291351197,0.0004064103556672562,0.9991871792886655,0.0012232276155142209,0.9973917739040913,0.0058021763229224544,0.9857874212582464,0.043396343840077706,0.8372432668794911
14.239999999999998,8.550241077702198e-05,0.9998390864510186,0.00040438337556205603,0.9991912332488759,0.0012175543294647916,0.997403977792089,0.005779324550526213,0.9858453286910366,0.043301408778082986,0.8376767555406321
14.249999999999998,8.504610926925834e-05,0.9998399391915666,0.00040236650506230695,0.9991952669898754,0.0012119070570869312,0.9974161250773927,0.005756558521162921,0.9859030080350669,0.04320659616906958,0.8381092954632297
14.259999999999998,8.459226373910147e-05,0.9998407873813906,0.000400359693746141,0.9991992806125077,0.0012062856809195845,0.9974282160195513,0.00573387793663776,0.9859604601462758,0.04311190623787686,0.8385408878729399
14.269999999999998,8.414086082836271e-05,0.9998416310449835,0.0003983628914431709,0.9992032742171136,0.0012006900840207354,0.997440250876942,0.005711282499658633,0.9860176858776246,0.043017339207091596,0.8389715339976556
14.279999999999998,8.36918872524631e-05,0.9998424702067049,0.0003963760482332349,0.9992072479035335,0.0011951201499651725,0.9974522299067745,0.0056887719138342206,0.9860746860791061,0.042922895297055653,0.8394012350674844
14.289999999999997,8.324532980002004e-05,0.9998433048907822,0.0003943991144451493,0.9992112017711097,0.0011895757628422848,0.9974641533650976,0.005666345883672084,0.9861314615977534,0.042828574725874154,0.8398299923147265
14.299999999999997,8.280117533243769e-05,0.9998441351213109,0.0003924320406554665,0.999215135918689,0.0011840568072538583,0.9974760215068031,0.005644004114576725,0.9861880132776497,0.04273437770942367,0.8402578069738511
14.309999999999997,8.235941078349991e-05,0.9998449609222553,0.00039047477768723923,0.9992190504446256,0.0011785631683118819,0.9974878345856315,0.005621746312847676,0.9862443419599362,0.04264030446136037,0.8406846802814764
14.319999999999997,8.192002315896391e-05,0.9998457823174496,0.00038852727660879143,0.9992229454467824,0.001173094731636362,0.9974995928541769,0.005599572185677569,0.9863004484828217,0.04254635519312805,0.8411106134763449
14.329999999999998,8.148299953615819e-05,0.9998465993305984,0.0003865894887324943,0.999226821022535,0.0011676513833531466,0.9975112965638921,0.005577481441150198,0.9863563336815917,0.04245253011396611,0.8415356077993027
14.339999999999998,8.10483270635818e-05,0.9998474119852775,0.00038466136561355073,0.9992306772687729,0.0011622330100917622,0.9975229459650939,0.005555473788238629,0.9864119983886167,0.04235882943091791,0.8419596644932782
14.349999999999998,8.061599296050531e-05,0.9998482203049343,0.0003827428590487819,0.9992345142819025,0.0011568394989832501,0.9975345413069677,0.005533548936803216,0.9864674434333613,0.04226525334883849,0.8423827848032579
14.359999999999998,8.018598451657526e-05,0.9998490243128889,0.0003808339210754239,0.9992383321578492,0.001151470737658019,0.9975460828375728,0.005511706597589718,0.9865226696423933,0.04217180207040284,0.8428049699762672
14.369999999999997,7.975828909142016e-05,0.9998498240323346,0.0003789345039699279,0.9992421309920602,0.0011461266142437062,0.9975575708038472,0.005489946482227353,0.9865776778393925,0.042078475796114026,0.8432262212613466
14.379999999999997,7.933289411425906e-05,0.9998506194863388,0.0003770445602467673,0.9992459108795064,0.0011408070173630433,0.9975690054516128,0.005468268303226856,0.9866324688451591,0.04198527472431101,0.8436465399095314
14.389999999999997,7.890978708351207e-05,0.9998514106978434,0.00037516404265725066,0.9992496719146855,0.001135511836131737,0.9975803870255799,0.005446671773978566,0.9866870434776228,0.041892199051176915,0.8440659271738287
14.399999999999997,7.848895556641313e-05,0.9998521976896656,0.00037329290418834025,0.9992534141916233,0.001130240960156348,0.9975917157693529,0.005425156608750472,0.9867414025518519,0.04179924897074686,0.8444843843091975
14.409999999999998,7.807038719862537e-05,0.9998529804844986,0.00037143109806147656,0.999257137803877,0.0011249942795321898,0.9976029919254341,0.005403722522686289,0.9867955468800615,0.041706424674916115,0.8449019125725259
14.419999999999998,7.765406968385814e-05,0.9998537591049124,0.00036957857773141015,0.9992608428445372,0.0011197716848412344,0.9976142157352299,0.005382369231803535,0.9868494772716229,0.04161372635344817,0.8453185132226106
14.429999999999998,7.723999079348692e-05,0.9998545335733543,0.00036773529688503587,0.9992645294062299,0.001114573067150014,0.9976253874390543,0.00536109645299157,0.9869031945330711,0.04152115419398245,0.845734187520135
14.439999999999998,7.682813836617381e-05,0.9998553039121497,0.00036590120944023666,0.9992681975811195,0.001109398318007549,0.9976365072761346,0.005339903904009674,0.9869566994681153,0.041428708382042656,0.8461489367276488
14.449999999999998,7.641850030749307e-05,0.9998560701435029,0.0003640762695447308,0.9992718474609106,0.0011042473294432746,0.9976475754846162,0.005318791303485108,0.9870099928776461,0.041336389101044535,0.846562762109546
14.459999999999997,7.601106458955562e-05,0.9998568322894971,0.0003622604315749259,0.9992754791368501,0.0010991199939649721,0.9976585923015671,0.005297758370911171,0.9870630755597447,0.04124419653230389,0.8469756649320441
14.469999999999997,7.560581925063762e-05,0.9998575903720959,0.0003604536501347781,0.9992790926997305,0.001094016204556724,0.9976695579629824,0.005276804826645266,0.9871159483096918,0.04115213085504466,0.847387646463164
14.479999999999997,7.520275239481074e-05,0.9998583444131437,0.00035865588005465734,0.9992826882398906,0.0010889358546768587,0.9976804727037899,0.005255930391906975,0.987168611919976,0.04106019224640681,0.8477987079727073
14.489999999999998,7.480185219157468e-05,0.9998590944343659,0.00035686707639021763,0.9992862658472196,0.0010838788382559156,0.9976913367578542,0.005235134788776072,0.987221067180302,0.04096838088145416,0.848208850732238
14.499999999999998,7.440310687549085e-05,0.9998598404573704,0.00035508719442127484,0.9992898256111574,0.0010788450496946168,0.9977021503579812,0.005214417740190649,0.9872733148776,0.04087669693318257,0.8486180760150589
14.509999999999998,7.40065047458197e-05,0.9998605825036474,0.0003533161896506867,0.9992933676206986,0.0010738343838618434,0.9977129137359237,0.005193778969945117,0.9873253557960335,0.04078514057252763,0.8490263850961938
14.519999999999998,7.361203416615862e-05,0.9998613205945706,0.0003515540178032417,0.9992968919643935,0.0010688467360926227,0.9977236271223853,0.005173218202688298,0.9873771907170087,0.040693711968372744,0.849433779252365
14.529999999999998,7.321968356408297e-05,0.9998620547513973,0.00034980063482455197,0.9993003987303509,0.0010638820021861256,0.997734290747025,0.005152735163921471,0.9874288204191821,0.04060241128755708,0.8498402597619729
14.539999999999997,7.28294414307886e-05,0.99986278499527,0.0003480559968799516,0.9993038880062401,0.0010589400784036657,0.9977449048384627,0.005132329579996439,0.9874802456784698,0.040511238694883205,0.8502458279050766
14.549999999999997,7.244129632073658e-05,0.999863511347216,0.00034632006035340116,0.9993073598792932,0.0010540208614667152,0.9977554696242825,0.005112001178113572,0.9875314672680554,0.04042019435312533,0.8506504849633738
14.559999999999997,7.205523685129964e-05,0.9998642338281486,0.0003445927818463971,0.9993108144363072,0.0010491242485549206,0.9977659853310388,0.0050917496863198825,0.9875824859583989,0.04032927842303685,0.8510542322201782
14.569999999999997,7.167125170241138e-05,0.9998649524588674,0.00034287411817688674,0.9993142517636462,0.0010442501373041334,0.9977764521842591,0.005071574833507079,0.987633302517245,0.04023849106335867,0.8514570709604026
14.579999999999998,7.128932961621707e-05,0.9998656672600594,0.00034116402637818856,0.9993176719472436,0.0010393984258044438,0.9977868704084506,0.005051476349409598,0.9876839177096314,0.0401478324308264,0.851859002470536
14.589999999999998,7.090945939672573e-05,0.9998663782522993,0.0003394624636979191,0.9993210750726041,0.0010345690125982277,0.9977972402271028,0.005031453964602717,0.9877343322978974,0.040057302680179006,0.8522600280386257
14.599999999999998,7.053162990946544e-05,0.9998670854560499,0.00033776938759692246,0.9993244612248061,0.0010297617966781934,0.9978075618626935,0.005011507410500547,0.9877845470416924,0.039966901964165844,0.8526601489542555
14.609999999999998,7.015583008113953e-05,0.9998677888916631,0.0003360847557482079,0.9993278304885036,0.0010249766774854483,0.9978178355366921,0.0049916364193541354,0.9878345626979839,0.039876630433555244,0.8530593665085272
14.619999999999997,6.978204889928592e-05,0.9998684885793803,0.00033440852603589146,0.9993311829479282,0.0010202135549075586,0.9978280614695652,0.0049718407242495015,0.9878843800210662,0.03978648823714173,0.8534576819940408
14.629999999999997,6.941027541193663e-05,0.9998691845393333,0.00033274065655414334,0.9993345186868917,0.0010154723292766326,0.99783823988078,0.0049521200591057125,0.9879339997625686,0.03969647552175419,0.8538550967048736
14.639999999999997,6.904049872728155e-05,0.9998698767915445,0.00033108110560613874,0.9993378377887877,0.0010107529013674013,0.9978483709888097,0.004932474158672918,0.9879834226714639,0.03960659243226357,0.8542516119365623
14.649999999999997,6.867270801333177e-05,0.9998705653559278,0.0003294298317030187,0.9993411403365939,0.0010060551723953088,0.9978584550111371,0.004912902758530423,0.9880326494940763,0.03951683911159053,0.8546472289860819
14.659999999999998,6.830689249758625e-05,0.9998712502522887,0.00032778679356284846,0.9993444264128744,0.0010013790440146129,0.9978684921642595,0.004893405595084745,0.9880816809740901,0.039427215700713544,0.8550419491518272
14.669999999999998,6.794304146670049e-05,0.9998719315003259,0.0003261519501095896,0.9993476960997808,0.0009967244183164954,0.997878482663693,0.004873982405567667,0.9881305178525577,0.0393377223386763,0.8554357737335925
14.679999999999998,6.758114426615617e-05,0.9998726091196308,0.0003245252604720711,0.9993509494790559,0.0009920911978271716,0.9978884267239765,0.004854632928034297,0.9881791608679079,0.03924835916259574,0.8558287040325538
14.689999999999998,6.722119029993309e-05,0.9998732831296887,0.00032290668398296616,0.999354186632034,0.0009874792855060165,0.9978983245586767,0.004835356901361131,0.9882276107559544,0.03915912630766967,0.8562207413512484
14.699999999999998,6.686316903018343e-05,0.9998739535498792,0.0003212961801777795,0.9993574076396444,0.000982888584743695,0.9979081763803918,0.004816154065244106,0.9882758682499035,0.03907002390718446,0.8566118869935556
14.709999999999997,6.650706997690682e-05,0.9998746203994767,0.0003196937087938309,0.9993606125824124,0.0009783189993602984,0.9979179824007561,0.004797024160196666,0.9883239340803628,0.038981052092522867,0.8570021422646784
14.719999999999997,6.615288271762871e-05,0.9998752836976513,0.0003180992297692534,0.9993638015404614,0.0009737704336034939,0.9979277428304444,0.004777966927547809,0.9883718089753487,0.03889221099317163,0.8573915084711241
14.729999999999997,6.580059688707915e-05,0.9998759434634692,0.0003165127032419873,0.999366974593516,0.0009692427921466748,0.9979374578791759,0.004758982109440174,0.9884194936602955,0.03880350073672943,0.857779986920685
14.739999999999997,6.545020217687417e-05,0.9998765997158928,0.0003149340895487878,0.9993701318209024,0.0009647359800871237,0.9979471277557186,0.004740069448828068,0.9884669888580624,0.038714921448914245,0.8581675789224208
14.749999999999998,6.510168833519857e-05,0.9998772524737822,0.00031336334922422933,0.9993732733015516,0.000960249902944179,0.9979567526678939,0.00472122868947555,0.9885142952889429,0.03862647325357111,0.8585542857866386
14.759999999999998,6.475504516649152e-05,0.9998779017558951,0.0003118004429997225,0.9993763991140006,0.0009557844666574144,0.9979663328225803,0.004702459575954484,0.9885614136706713,0.038538156272679966,0.858940108824874
14.769999999999998,6.441026253113222e-05,0.9998785475808873,0.0003102453318025308,0.999379509336395,0.0009513395775848211,0.9979758684257177,0.004683761853642604,0.9886083447184325,0.038449970626363114,0.8593250493498745
14.779999999999998,6.40673303451285e-05,0.9998791899673138,0.00030869797675479226,0.9993826040464904,0.0009469151425009985,0.9979853596823118,0.00466513526872159,0.9886550891448688,0.038361916432893,0.8597091086755779
14.789999999999997,6.37262385798076e-05,0.999879828933629,0.0003071583391725512,0.9993856833216549,0.000942511068595354,0.9979948067964383,0.004646579568175096,0.9887016476600881,0.03827399380869971,0.8600922881170964
14.799999999999997,6.33869772615073e-05,0.999880464498187,0.0003056263805647867,0.9993887472388704,0.0009381272634703076,0.9980042099712464,0.004628094499786851,0.9887480209716727,0.038186202868378726,0.8604745889906981
14.809999999999997,6.304953647127006e-05,0.9998810966792426,0.00030410206263245494,0.9993917958747351,0.0009337636351395087,0.9980135694089636,0.00460967981213871,0.9887942097846862,0.03809854372469829,0.8608560126137865
14.819999999999997,6.271390634453825e-05,0.9998817254949519,0.0003025853472675271,0.999394829305465,0.0009294200920260553,0.9980228853108998,0.004591335254608713,0.9888402148016824,0.03801101648860733,0.8612365603048842
14.829999999999998,6.238007707085105e-05,0.9998823509633724,0.0003010761965520406,0.9993978476068959,0.0009250965429607204,0.9980321578774509,0.004573060577369164,0.9888860367227126,0.037923621269242744,0.8616162333836146
14.839999999999998,6.204803889354415e-05,0.9998829731024637,0.00029957457275714953,0.9994008508544857,0.0009207928971801949,0.9980413873081033,0.0045548555313846975,0.9889316762453338,0.03783635817393729,0.8619950331706827
14.849999999999998,6.171778210944923e-05,0.9998835919300882,0.0002980804383421797,0.9994038391233157,0.0009165090643253193,0.9980505738014376,0.0045367198684103365,0.988977134064617,0.037749227308226635,0.8623729609878588
14.859999999999998,6.138929706859675e-05,0.9998842074640116,0.000296593755953694,0.9994068124880926,0.0009122449544393458,0.998059717555133,0.0045186533409895605,0.9890224108731538,0.03766222877585744,0.8627500181579586
14.869999999999997,6.106257417391985e-05,0.9998848197219034,0.00029511448842455424,0.9994097710231509,0.000908000477966187,0.998068818765971,0.0045006557024524045,0.9890675073610662,0.03757536267879467,0.8631262060048273
14.879999999999997,6.0737603880960135e-05,0.9998854287213371,0.00029364259877299613,0.999412714802454,0.0009037755457486863,0.9980778776298398,0.004482726706913484,0.9891124242160128,0.037488629117228875,0.8635015258533199
14.889999999999997,6.04143766975746e-05,0.9998860344797914,0.00029217805020170074,0.9994156438995966,0.0008995700690268857,0.9980868943417376,0.004464866109270112,0.9891571621231974,0.037402028189584144,0.863875979029285
14.899999999999997,6.009288318364497e-05,0.99988663701465,0.00029072080609687855,0.9994185583878062,0.0008953839594363092,0.9980958690957774,0.004447073665200338,0.9892017217653767,0.037315559992525234,0.8642495668595469
14.909999999999998,5.977311395078773e-05,0.9998872363432026,0.00028927083002734997,0.9994214583399453,0.0008912171290062451,0.9981048020851901,0.00442934913116104,0.989246103822868,0.03722922462096525,0.8646222906718873
14.919999999999998,5.945505966206727e-05,0.9998878324826455,0.0002878280857436383,0.9994243438285128,0.000887069490158043,0.9981136935023294,0.004411692264386004,0.9892903089735574,0.03714302216807294,0.8649941517950287
14.929999999999998,5.913871103170888e-05,0.9998884254500814,0.00028639253717706174,0.9994272149256459,0.0008829409557034124,0.9981225435386746,0.004394102822883983,0.9893343378929066,0.03705695272528049,0.8653651515586159
14.939999999999998,5.882405882481448e-05,0.9998890152625208,0.0002849641484388304,0.9994300717031224,0.0008788314388427281,0.9981313523848354,0.004376580565436783,0.9893781912539619,0.03697101638229038,0.8657352912932007
14.949999999999998,5.851109385708025e-05,0.999889601936882,0.0002835428838191525,0.9994329142323617,0.0008747408531633483,0.9981401202305553,0.004359125251597352,0.9894218697273607,0.036885213227083435,0.8661045723302211
14.959999999999997,5.819980699451445e-05,0.9998901854899916,0.0002821287077863374,0.9994357425844274,0.0008706691126379362,0.9981488472647158,0.004341736641687841,0.9894653739813402,0.03679954334592588,0.8664729960019891
14.969999999999997,5.7890189153158654e-05,0.9998907659385853,0.00028072158498591165,0.9994385568300281,0.0008666161316227842,0.9981575336753398,0.004324414496797696,0.9895087046817443,0.03671400682337668,0.8668405636416686
14.979999999999997,5.7582231298808874e-05,0.9998913432993081,0.000279321480239731,0.9994413570395205,0.0008625818248561557,0.9981661796495958,0.004307158578781737,0.9895518624920322,0.0366286037422952,0.8672072765832617
14.989999999999997,5.727592444673928e-05,0.9998919175887147,0.00027792835854510483,0.9994441432829098,0.0008585661074566215,0.9981747853738014,0.0042899686502582525,0.9895948480732849,0.03654333418384847,0.8675731361615902
14.999999999999998,5.697125966142754e-05,0.9998924888232705,0.00027654218507391725,0.9994469156298522,0.0008545688949214119,0.9981833510334277,0.004272844474607061,0.9896376620842136,0.036458198227518356,0.8679381437122793
15.009999999999998,5.666822805628086e-05,0.9998930570193518,0.0002751629251717598,0.9994496741496565,0.0008505901031247751,0.9981918768131023,0.004255785815967625,0.989680305181167,0.03637319595110922,0.8683023005717405
15.019999999999998,5.636682079336462e-05,0.9998936221932461,0.0002737905443570635,0.9994524189112859,0.0008466296483163352,0.9982003628966134,0.004238792439237118,0.9897227780181392,0.03628832743075506,0.8686656080771553
15.029999999999998,5.606702908313154e-05,0.9998941843611528,0.0002724250083202356,0.9994551499833595,0.0008426874471194652,0.9982088094669139,0.004221864110068522,0.9897650812467769,0.03620359274092679,0.8690280675664576
15.039999999999997,5.576884418415324e-05,0.9998947435391838,0.000271066282922805,0.9994578674341544,0.0008387634165296632,0.9982172167061245,0.004205000594868713,0.9898072155163871,0.03611899195443975,0.8693896803783185
15.049999999999997,5.547225740285298e-05,0.9998952997433636,0.00026971433419656506,0.9994605713316068,0.0008348574739129361,0.9982255847955377,0.004188201660796562,0.9898491814739446,0.0360345251424607,0.8697504478521283
15.059999999999997,5.517726009323954e-05,0.9998958529896301,0.0002683691283427281,0.9994632617433146,0.0008309695370041871,0.9982339139156217,0.00417146707576102,0.9898909797640997,0.03595019237451542,0.8701103713279811
15.069999999999997,5.4883843656643457e-05,0.999896403293835,0.0002670306317310768,0.9994659387365379,0.0008270995239056153,0.9982422042460237,0.004154796608419213,0.9899326110291854,0.03586599371849565,0.8704694521466583
15.079999999999998,5.4591999541453566e-05,0.9998969506717443,0.0002656988108991267,0.9994686023782018,0.0008232473530851197,0.998250455965574,0.004138190028174536,0.9899740759092249,0.035781929240666664,0.870827691649612
15.089999999999998,5.430171924285666e-05,0.9998974951390386,0.00026437363255128797,0.9994712527348975,0.0008194129433747069,0.9982586692522891,0.004121647105174778,0.9900153750419396,0.03569799900567433,0.8711850911789482
15.099999999999998,5.4012994302576774e-05,0.9998980367113136,0.00026305506355803204,0.9994738898728839,0.0008155962139689083,0.9982668442833759,0.004105167610310173,0.9900565090627556,0.03561420307655223,0.871541652077412
15.109999999999998,5.372581630861716e-05,0.9998985754040811,0.00026174307095506636,0.9994765138580899,0.0008117970844232051,0.9982749812352347,0.004088751315211545,0.9900974786048116,0.035530541514729126,0.8718973756883703
15.119999999999997,5.3440176895003775e-05,0.9998991112327684,0.00026043762194250653,0.999479124756115,0.0008080154746524557,0.9982830802834635,0.004072397992248379,0.9901382842989668,0.03544701438003595,0.872252263355797
15.129999999999997,5.315606774152914e-05,0.9998996442127198,0.00025913868388406023,0.9994817226322319,0.0008042513049293354,0.9982911416028611,0.004056107414526949,0.9901789267738073,0.03536362173071297,0.8726063164242558
15.139999999999997,5.287348057349912e-05,0.9999001743591965,0.00025784622430620734,0.9994843075513876,0.0008005044958827762,0.998299165367431,0.004039879355888414,0.9902194066556541,0.035280363623417146,0.872959536238885
15.149999999999997,5.25924071614799e-05,0.9999007016873772,0.0002565602108973921,0.9994868795782053,0.0007967749684964192,0.9983071517503843,0.0040237135909069206,0.9902597245685705,0.035197240113229146,0.8733119241453815
15.159999999999997,5.231283932104682e-05,0.9999012262123583,0.00025528061150721133,0.9994894387769856,0.0007930626441070681,0.9983151009241442,0.004007609894887723,0.9902998811343687,0.03511425125366044,0.8736634814899851
15.169999999999998,5.203476891253486e-05,0.999901747949155,0.00025400739414561415,0.9994919852117088,0.0007893674444031533,0.9983230130603488,0.003991568043865281,0.9903398769726182,0.03503139709666056,0.8740142096194632
15.179999999999998,5.1758187840790544e-05,0.999902266912701,0.0002527405269821006,0.9994945189460358,0.0007856892914232005,0.9983308883298546,0.003975587814601397,0.9903797127006518,0.034948677692624046,0.8743641098810948
15.189999999999998,5.1483088054924593e-05,0.9999027831178494,0.0002514799783449247,0.9994970400433102,0.0007820281075543045,0.9983387269027408,0.003959668984583293,0.9904193889335743,0.03486609309039763,0.8747131836226555
15.199999999999998,5.120946154806667e-05,0.999903296579373,0.00025022571672030585,0.9994995485665594,0.0007783838155306132,0.9983465289483119,0.003943811332021776,0.9904589062842682,0.03478364333728739,0.8750614321924002
15.209999999999997,5.093730035712129e-05,0.9999038073119648,0.0002489777107516372,0.9995020445784967,0.0007747563384318136,0.9983542946351012,0.003928014635849298,0.9904982653634026,0.03470132847906564,0.875408856939051
15.219999999999997,5.066659656252495e-05,0.9999043153302382,0.0002477359292387053,0.9995045281415226,0.000771145599681629,0.9983620241308749,0.003912278675718132,0.9905374667794387,0.03461914855997812,0.8757554592117788
15.229999999999997,5.039734228800495e-05,0.9999048206487278,0.0002465003411369069,0.9995069993177262,0.0007675515230463152,0.9983697176026352,0.0038966032319984584,0.9905765111386382,0.0345371036227509,0.8761012403601902
15.239999999999997,5.012952970033933e-05,0.9999053232818895,0.00024527091555647586,0.999509458168887,0.00076397403263317,0.9983773752166232,0.003880988085776506,0.9906153990450702,0.034455193708597565,0.8764462017343109
15.249999999999998,4.9863151009117944e-05,0.9999058232441014,0.0002440476217617079,0.9995119047564766,0.0007604130528890485,0.9983849971383233,0.0038654330188526657,0.990654131100618,0.03437341885722599,0.8767903446845715
15.259999999999998,4.9598198466505825e-05,0.9999063205496636,0.0002428304291701948,0.9995143391416597,0.0007568685085988778,0.9983925835324658,0.0038499378137396294,0.9906927079049865,0.034291779106845666,0.8771336705617923
15.269999999999998,4.933466436700643e-05,0.9999068152127989,0.0002416193073520588,0.9995167613852959,0.0007533403248841872,0.9984001345630306,0.0038345022536605137,0.9907311300557095,0.03421027449417431,0.8774761807171675
15.279999999999998,4.907254104722753e-05,0.9999073072476535,0.00024041422602919056,0.9995191715479416,0.0007498284272016352,0.9984076503932502,0.003819126122546997,0.9907693981481562,0.03412890505444501,0.8778178765022524
15.289999999999997,4.8811820885647675e-05,0.999907796668297,0.00023921515507449503,0.9995215696898511,0.0007463327413415519,0.998415131185614,0.0038038092050374462,0.990807512775539,0.03404767082141325,0.8781587592689457
15.299999999999997,4.855249630238442e-05,0.9999082834887232,0.00023802206451113507,0.9995239558709778,0.0007428531934264815,0.9984225771018702,0.0037885512864750527,0.99084547452892,0.033966571827363595,0.8784988303694772
15.309999999999997,4.829455975896348e-05,0.9999087677228499,0.0002368349245117853,0.9995263301509765,0.0007393897099097295,0.9984299883030304,0.0037733521529059876,0.9908832839972185,0.03388560810311693,0.8788380911563926
15.319999999999997,4.803800375808918e-05,0.9999092493845201,0.00023565370539788306,0.9995286925892042,0.0007359422175739257,0.9984373649493723,0.003758211591077514,0.9909209417672172,0.033804779678036946,0.879176542982537
15.329999999999998,4.7782820843416775e-05,0.999909728487502,0.00023447837763888944,0.9995310432447222,0.0007325106435295777,0.9984447072004429,0.0037431293884361474,0.9909584484235705,0.033724086580037387,0.8795141872010436
15.339999999999998,4.7529003599325304e-05,0.9999102050454892,0.0002333089118515496,0.999533382176297,0.0007290949152136498,0.9984520152150619,0.003728105333125796,0.9909958045488103,0.03364352883558883,0.8798510251653164
15.349999999999998,4.7276544650692276e-05,0.9999106790721016,0.0002321452787991572,0.9995357094424017,0.0007256949603881259,0.9984592891513254,0.003713139213985911,0.9910330107233536,0.03356310646972539,0.8801870582290175
15.359999999999998,4.702543666266924e-05,0.9999111505808854,0.00023098744939082605,0.9995380251012184,0.0007223107071385987,0.9984665291666083,0.0036982308205496268,0.991070067525509,0.033482819506051725,0.8805222877460519
15.369999999999997,4.6775672340458866e-05,0.9999116195853137,0.00022983539468075987,0.9995403292106385,0.0007189420838728526,0.998473735417568,0.0036833799430419133,0.9911069755314842,0.03340266796674978,0.8808567150705534
15.379999999999997,4.652724442909334e-05,0.9999120860987869,0.00022868908586753175,0.9995426218282649,0.0007155890193194544,0.998480908060148,0.0036685863723777386,0.9911437353153926,0.03332265187258557,0.8811903415568707
15.389999999999997,4.628014571321357e-05,0.999912550134633,0.0002275484942933608,0.9995449030114133,0.0007122514425263566,0.9984880472495803,0.003653849900160207,0.9911803474492599,0.033242771242916115,0.8815231685595536
15.399999999999997,4.603436901685034e-05,0.9999130117061079,0.00022641359144339907,0.9995471728171132,0.000708929282859494,0.998495153140389,0.003639170318678739,0.9912168125030315,0.033163026095696,0.8818551974333375
15.409999999999997,4.578990720320588e-05,0.9999134708263963,0.00022528434894501543,0.9995494313021099,0.0007056224700014021,0.9985022258863935,0.003624547420907201,0.991253131044579,0.03308341644748431,0.882186429533131
15.419999999999998,4.554675317443742e-05,0.9999139275086113,0.00022416073856708897,0.9995516785228659,0.0007023309339498245,0.9985092656407116,0.003609981000502098,0.9912893036397075,0.03300394231345131,0.8825168662140012
15.429999999999998,4.5304899871441534e-05,0.9999143817657955,0.00022304273221930213,0.9995539145355614,0.0006990546050163424,0.9985162725557628,0.0035954708518007215,0.9913253308521613,0.032924603707385196,0.88284650883116
15.439999999999998,4.506434027363963e-05,0.999914833610921,0.0002219303019514372,0.9995561393960971,0.0006957934138249958,0.9985232467832711,0.0035810167698193136,0.9913612132436325,0.03284540064169875,0.8831753587399502
15.449999999999998,4.4825067398765095e-05,0.99991528305689,0.00022082341995268033,0.9995583531600947,0.0006925472913109201,0.9985301884742682,0.003566618550251238,0.9913969513737657,0.032766333127436105,0.8835034172958321
15.459999999999997,4.458707430265102e-05,0.9999157301165349,0.0002197220585509231,0.9995605558828982,0.0006893161687189836,0.9985370977790969,0.003552275989465164,0.9914325458001666,0.03268740117427946,0.8838306858543693
15.469999999999997,4.4350354079019665e-05,0.999916174802619,0.0002186261902120739,0.9995627476195759,0.0006860999776024338,0.9985439748474141,0.003537988884503217,0.9914679970784077,0.032608604790555655,0.884157165771216
15.479999999999997,4.4114899859272984e-05,0.9999166171278365,0.00021753578753936644,0.9995649284249213,0.000682898649821545,0.9985508198281935,0.003523757033079174,0.991503305762035,0.03252994398324282,0.8844828584021021
15.489999999999997,4.388070481228393e-05,0.9999170571048134,0.00021645082327267782,0.9995670983534547,0.0006797121175422777,0.9985576328697289,0.0035095802335766307,0.9915384724025756,0.03245141875797711,0.8848077651028212
15.499999999999998,4.3647762144189594e-05,0.9999174947461074,0.00021537127028784414,0.9995692574594243,0.0006765403132349374,0.9985644141196375,0.0034954582850471785,0.9915734975495432,0.032373029119059225,0.8851318872292164
15.509999999999998,4.341606509818479e-05,0.9999179300642084,0.0002142971015959849,0.999571405796808,0.000673383169672846,0.9985711637248627,0.003481390987208615,0.9916083817504454,0.03229477506946114,0.885455226137167
15.519999999999998,4.318560695431764e-05,0.999918363071539,0.00021322829034282727,0.9995735434193144,0.0006702406199310091,0.998577881831677,0.0034673781404430887,0.9916431255507908,0.03221665661083258,0.8857777831825756
15.529999999999998,4.295638102928524e-05,0.9999187937804549,0.00021216480980803347,0.999575670380384,0.0006671125973847993,0.9985845685856852,0.003453419545795311,0.9916777294940946,0.03213867374350758,0.8860995597213548
15.539999999999997,4.272838067623163e-05,0.9999192222032448,0.00021110663340453552,0.999577786733191,0.0006639990357086387,0.9985912241318275,0.003439515004970749,0.991712194121886,0.032060826466511184,0.8864205571094135
15.549999999999997,4.250159928454592e-05,0.9999196483521315,0.00021005373467786745,0.9995798925306443,0.0006608998688746882,0.9985978486143822,0.003425664320333804,0.9917465199737147,0.03198311477756577,0.8867407767026453
15.559999999999997,4.227603027966234e-05,0.9999200722392718,0.000209006087305507,0.999581987825389,0.0006578150311515451,0.9986044421769688,0.003411867294906013,0.9917807075871566,0.03190553867309779,0.8870602198569133
15.569999999999997,4.2051667122860705e-05,0.9999204938767566,0.00020796366509621457,0.9995840726698075,0.0006547444571029398,0.9986110049625507,0.0033981237323642585,0.9918147574978222,0.03182809814824419,0.8873788879280393
15.579999999999998,4.1828503311068495e-05,0.999920913276612,0.00020692644198938098,0.9995861471160212,0.0006516880815864464,0.9986175371134391,0.003384433437038945,0.9918486702393613,0.03175079319685891,0.8876967822717898
15.589999999999998,4.1606532376664015e-05,0.9999213304507991,0.00020589439205437494,0.9995882112158913,0.0006486458397521917,0.9986240387712948,0.0033707962139122266,0.9918824463434703,0.03167362381151927,0.8880139042438636
15.599999999999998,4.138574788728044e-05,0.9999217454112145,0.00020486748948989357,0.9995902650210202,0.0006456176670415741,0.9986305100771313,0.0033572118686161865,0.9919160863398989,0.03159658998353257,0.8883302551998784
15.609999999999998,4.116614344561082e-05,0.9999221581696903,0.00020384570862331996,0.9995923085827534,0.0006426034991859843,0.9986369511713185,0.0033436802074310727,0.9919495907564563,0.03151969170294253,0.8886458364953591
15.619999999999997,4.09477126892148e-05,0.9999225687379956,0.00020282902391007858,0.9995943419521799,0.000639603272205535,0.9986433621935845,0.003330201037283484,0.9919829601190175,0.03144292895853562,0.8889606494857247
15.629999999999997,4.07304492903259e-05,0.9999229771278354,0.00020181740993299933,0.999596365180134,0.0006366169224077932,0.9986497432830198,0.003316774165744604,0.9920161949515306,0.03136630173784753,0.8892746955262756
15.639999999999997,4.05143469556599e-05,0.9999233833508516,0.0002008108414016794,0.9995983783171967,0.0006336443863865207,0.9986560945780786,0.003303399401028393,0.9920492957760219,0.03128981002716955,0.8895879759721819
15.649999999999997,4.0299399426224675e-05,0.9999237874186238,0.00019980929315185374,0.9996003814136963,0.0006306856010204152,0.998662416216583,0.0032900765519898356,0.9920822631126033,0.03121345381155502,0.8899004921784693
15.659999999999997,4.008560047713054e-05,0.9999241893426688,0.00019881274014476327,0.9996023745197105,0.0006277405034718639,0.9986687083357251,0.0032768054281231292,0.9921150974794788,0.031137233074825566,0.8902122455000091
15.669999999999998,3.987294391740226e-05,0.9999245891344413,0.00019782115746653126,0.999604357685067,0.0006248090311856932,0.9986749710720699,0.003263585839559938,0.9921477993929501,0.03106114779957759,0.8905232372915042
15.679999999999998,3.9661423589791754e-05,0.9999249868053346,0.00019683452032753947,0.9996063309593449,0.0006218911218879337,0.9986812045615586,0.0032504175970676005,0.9921803693674235,0.030985197967188464,0.890833468907477
15.689999999999998,3.9451033370591655e-05,0.9999253823666802,0.0001958528040618073,0.9996082943918764,0.0006189867135845821,0.9986874089395109,0.003237300512047364,0.9922128079154162,0.03090938355782301,0.8911429417022584
15.699999999999998,3.92417671694505e-05,0.9999257758297487,0.00019487598412637773,0.9996102480317473,0.0006160957445603724,0.9986935843406279,0.003224234396532613,0.9922451155475627,0.03083370455043967,0.8914516570299736
15.709999999999997,3.90336189291886e-05,0.99992616720575,0.00019390403610070075,0.9996121919277986,0.0006132181533775522,0.998699730898995,0.0032112190631871157,0.9922772927726207,0.03075816092279676,0.8917596162445329
15.719999999999997,3.882658262561479e-05,0.9999265565058337,0.00019293693568602584,0.999614126128628,0.0006103538788746632,0.9987058487480844,0.0031982543253032333,0.992309340097478,0.030682752651458943,0.8920668206996175
15.729999999999997,3.8620652267344465e-05,0.999926943741089,0.0001919746587047915,0.9996160506825904,0.0006075028601653281,0.9987119380207584,0.003185339996800206,0.992341258027158,0.03060747971180325,0.8923732717486679
15.739999999999997,3.8415821895618794e-05,0.9999273289225457,0.00019101718110002384,0.9996179656377999,0.0006046650366370395,0.9987179988492716,0.0031724758922223374,0.9923730470648269,0.030532342078025434,0.8926789707448731
15.749999999999998,3.8212085584124415e-05,0.9999277120611738,0.00019006447893473214,0.9996198710421306,0.0006018403479499582,0.9987240313652739,0.003159661826737279,0.9924047077117993,0.030457339723146064,0.892983919041158
15.759999999999998,3.800943743881455e-05,0.9999280931678846,0.00018911652839131304,0.9996217669432174,0.0005990287340357161,0.9987300356998131,0.0031468976161342995,0.9924362404675445,0.030382472619017106,0.893288117990172
15.769999999999998,3.7807871597731095e-05,0.9999284722535303,0.00018817330577095386,0.999623653388458,0.0005962301350962186,0.9987360119833378,0.003134183076822457,0.9924676458296929,0.030307740736327547,0.8935915689442767
15.779999999999998,3.760738223082759e-05,0.9999288493289048,0.00018723478749303933,0.9996255304250139,0.0005934444916024589,0.9987419603456998,0.0031215180258289303,0.992498924294042,0.03023314404461001,0.8938942732555352
15.789999999999997,3.7407963539793223e-05,0.9999292244047439,0.00018630095009456428,0.9996273980998108,0.0005906717442933342,0.9987478809161572,0.0031089022807972485,0.9925300763545626,0.030158682512246713,0.8941962322757003
15.799999999999997,3.7209609757877724e-05,0.9999295974917253,0.00018537177022954444,0.9996292564595409,0.000587911834174468,0.9987537738233764,0.00309633565998553,0.9925611025034052,0.030084356106475585,0.8944974473562024
15.809999999999997,3.701231514971765e-05,0.9999299686004696,0.00018444722466843546,0.9996311055506631,0.0005851647025170351,0.9987596391954354,0.003083817982264774,0.9925920032309059,0.03001016479339653,0.8947979198481388
15.819999999999997,3.681607401116287e-05,0.9999303377415398,0.0001835272902975495,0.999632945419405,0.0005824302908565955,0.9987654771598267,0.003071349067117113,0.9926227790255924,0.02993610853797734,0.8950976511022625
15.829999999999997,3.662088066910481e-05,0.9999307049254424,0.00018261194411848001,0.999634776111763,0.0005797085409919284,0.9987712878434586,0.0030589287346340765,0.9926534303741904,0.029862187304060067,0.8953966424689703
15.839999999999998,3.642672948130531e-05,0.9999310701626271,0.0001817011632475242,0.999636597673505,0.000576999394983876,0.9987770713726593,0.0030465568055148638,0.9926839577616295,0.029788401054366732,0.8956948952982914
15.849999999999998,3.623361483622647e-05,0.9999314334634872,0.0001807949249151132,0.9996384101501697,0.0005743027951541892,0.9987828278731788,0.00303423310106463,0.9927143616710495,0.029714749750505687,0.8959924109398771
15.859999999999998,3.604153115286123e-05,0.9999317948383603,0.00017989320646524183,0.9996402135870696,0.0005716186840843787,0.9987885574701916,0.003021957443192746,0.992744642583806,0.029641233352977452,0.8962891907429894
15.869999999999997,3.585047288056538e-05,0.9999321542975282,0.0001789959853549012,0.9996420080292902,0.0005689470046145715,0.9987942602882991,0.003009729654411087,0.9927748009794769,0.02956785182118088,0.8965852360564892
15.879999999999997,3.566043449889005e-05,0.9999325118512176,0.00017810323915351748,0.999643793521693,0.000566287699842373,0.9987999364515328,0.0029975495578322938,0.9928048373358682,0.029494605113419017,0.8968805482288265
15.889999999999997,3.547141051741541e-05,0.9999328675095995,0.0001772149455423885,0.9996455701089152,0.0005636407131217308,0.9988055860833561,0.0029854169771681,0.99283475212902,0.02942149318690533,0.8971751286080286
15.899999999999997,3.5283395475585386e-05,0.999933221282791,0.00017633108231412834,0.9996473378353717,0.0005610059880618076,0.9988112093066674,0.0029733317367275783,0.9928645458332123,0.0293485159977693,0.8974689785416893
15.909999999999997,3.5096383942542836e-05,0.9999335731808541,0.00017545162737210964,0.9996490967452558,0.0005583834685258558,0.9988168062438024,0.002961293661415455,0.9928942189209715,0.02927567350106281,0.8977620993769587
15.919999999999998,3.491037051696598e-05,0.9999339232137969,0.00017457655872991335,0.9996508468825401,0.0005557730986300982,0.9988223770165368,0.002949302576730386,0.9929237718630759,0.02920296565076571,0.898054492460532
15.929999999999998,3.47253498269062e-05,0.9999342713915735,0.00017370585451077815,0.9996525882909785,0.0005531748227426147,0.9988279217460884,0.002937358308763283,0.9929532051285618,0.029130392399792107,0.8983461591386388
15.939999999999998,3.454131652962549e-05,0.9999346177240848,0.0001728394929470526,0.9996543210141059,0.0005505885854822297,0.9988334405531203,0.0029254606841955817,0.9929825191847291,0.02905795369999586,0.8986371007570321
15.949999999999998,3.43582653114362e-05,0.9999349622211777,0.00017197745237965313,0.9996560450952406,0.000548014331717407,0.9988389335577429,0.00291360953029755,0.9930117144971479,0.028985649502176823,0.8989273186609787
15.959999999999997,3.417619088754089e-05,0.9999353048926469,0.00017111971125752,0.999657760577485,0.0005454520065651516,0.9988444008795166,0.0029018046749266107,0.9930407915296634,0.0289134797560865,0.8992168141952479
15.969999999999997,3.3995088001873044e-05,0.999935645748234,0.00017026624813708109,0.9996594675037258,0.0005429015553899118,0.9988498426374541,0.0028900459465256317,0.9930697507444028,0.028841444410433976,0.8995055887041018
15.979999999999997,3.381495142693924e-05,0.999935984797628,0.00016941704168171333,0.9996611659166366,0.0005403629238024884,0.998855258950023,0.002878333174121255,0.9930985926017806,0.028769543412891858,0.8997936435312838
15.989999999999997,3.3635775963661557e-05,0.9999363220504662,0.00016857207066121174,0.9996628558586775,0.0005378360576589481,0.9988606499351483,0.002866666187322191,0.9931273175605039,0.028697776710101923,0.900080980020009
15.999999999999998,3.345755644122141e-05,0.9999366575163338,0.0001677313139512562,0.9996645373720975,0.0005353209030595418,0.9988660157102147,0.0028550448163175562,0.9931559260775795,0.02862614424768102,0.900367599512954
16.009999999999998,3.3280287716903714e-05,0.9999369912047643,0.00016689475053288544,0.9996662104989342,0.0005328174063476276,0.9988713563920691,0.0028434688918751727,0.9931844186083187,0.02855464597022681,0.900653503352246
16.02,3.31039646759424e-05,0.9999373231252404,0.00016606235949197045,0.9996678752810161,0.0005303255141085967,0.9988766720970231,0.0028319382453399085,0.9932127956063433,0.02848328182132364,0.9009386928794538
16.029999999999998,3.292858223136671e-05,0.9999376532871932,0.00016523412001869214,0.9996695317599626,0.0005278451731688084,0.9988819629408556,0.0028204527086319988,0.9932410575235916,0.028412051743548203,0.9012231694355765
16.04,3.2754135323847944e-05,0.9999379817000035,0.00016441001140701997,0.9996711799771859,0.00052537633059452,0.9988872290388144,0.002809012114245366,0.9932692048103237,0.028340955678475235,0.9015069343610339
16.05,3.2580618921547507e-05,0.9999383083730013,0.000163590013054196,0.9996728199738916,0.0005229189336908368,0.9988924705056197,0.0027976162952459776,0.9932972379151277,0.02826999356668348,0.901789988995657
16.06,3.240802801996585e-05,0.9999386333154668,0.00016277410446021898,0.9996744517910796,0.0005204729300006508,0.9988976874554656,0.0027862650852701516,0.9933251572849253,0.02819916534776115,0.9020723346786772
16.07,3.22363576417917e-05,0.9999389565366301,0.000161962265227331,0.9996760754695453,0.0005180382673035919,0.998902880002023,0.002774958318522907,0.9933529633649771,0.028128470960311576,0.9023539727487171
16.08,3.206560283675288e-05,0.9999392780456716,0.00016115447505950955,0.999677691049881,0.0005156148936149857,0.9989080482584417,0.0027636958297763245,0.993380656598889,0.028057910341959272,0.9026349045437806
16.09,3.1895758681467204e-05,0.9999395978517224,0.00016035071376195776,0.9996792985724761,0.0005132027571848068,0.9989131923373528,0.002752477454367848,0.9934082374286171,0.02798748342935506,0.9029151314012425
16.099999999999998,3.172682027929499e-05,0.9999399159638644,0.0001595509612406019,0.9996808980775188,0.0005108018064966493,0.9989183123508711,0.0027413030281986835,0.9934357062944738,0.027917190158182177,0.9031946546578392
16.11,3.1558782760191597e-05,0.999940232391131,0.00015875519750158673,0.9996824896049968,0.0005084119902666863,0.9989234084105976,0.002730172387732107,0.9934630636351334,0.02784703046316154,0.9034734756496599
16.119999999999997,3.139164128056153e-05,0.9999405471425065,0.0001579634026507779,0.9996840731946984,0.0005060332574426515,0.9989284806276211,0.002719085369991845,0.9934903098876374,0.027777004278057606,0.9037515957121356
16.13,3.122539102311267e-05,0.9999408602269273,0.00015717555689326234,0.9996856488862135,0.0005036655572028065,0.9989335291125216,0.0027080418125604265,0.9935174454874008,0.02770711153568386,0.9040290161800302
16.14,3.106002719671196e-05,0.9999411716532817,0.00015639164053285533,0.9996872167189342,0.0005013088389549302,0.9989385539753718,0.002697041553577523,0.9935444708682167,0.027637352167908403,0.9043057383874314
16.15,3.089554503624141e-05,0.9999414814304101,0.0001556116339716073,0.9996887767320568,0.0004989630523352986,0.9989435553257395,0.00268608443173836,0.9935713864622627,0.027567726105659544,0.9045817636677403
16.16,3.0731939802455165e-05,0.9999417895671054,0.00015483551770931309,0.9996903289645813,0.0004966281472076756,0.9989485332726901,0.002675170286292012,0.9935981927001061,0.027498233278931167,0.9048570933536632
16.169999999999998,3.056920678183731e-05,0.9999420960721135,0.00015406327234302624,0.999691873455314,0.0004943040736623091,0.9989534879247889,0.0026642989570398483,0.9936248900107092,0.027428873616788533,0.905131728777201
16.18,3.040734128646028e-05,0.9999424009541329,0.00015329487856657182,0.9996934102428668,0.0004919907820149274,0.998958419390103,0.0026534702843338414,0.9936514788214353,0.027359647047373613,0.9054056712696414
16.189999999999998,3.024633865384458e-05,0.9999427042218154,0.00015253031717006596,0.9996949393656599,0.0004896882228057432,0.998963327776204,0.0026426841090749953,0.9936779595580539,0.02729055349791058,0.9056789221615484
16.2,3.008619424681849e-05,0.9999430058837667,0.00015176956903943336,0.9996964608619211,0.0004873963467984588,0.9989682131901698,0.002631940272711677,0.9937043326447464,0.027221592894711336,0.9059514827827537
16.21,2.992690345337938e-05,0.9999433059485457,0.00015101261515593144,0.9996979747696881,0.0004851151049792796,0.9989730757385872,0.002621238617238039,0.9937305985041112,0.027152765163181027,0.9062233544623483
16.22,2.9768461686555435e-05,0.9999436044246658,0.00015025943659567392,0.9996994811268086,0.00048284444855592863,0.998977915527554,0.0026105789851923887,0.9937567575571692,0.0270840702278233,0.9064945385286716
16.23,2.961086438426769e-05,0.9999439013205944,0.00014951001452915706,0.9997009799709416,0.00048058432895666393,0.998982732662681,0.002599961219655552,0.9937828102233699,0.02701550801224588,0.9067650363093043
16.24,2.945410700919387e-05,0.9999441966447533,0.00014876433022079067,0.9997024713395585,0.00047833469782930787,0.9989875272490947,0.0025893851642493208,0.993808756920596,0.026947078439166022,0.907034849131058
16.25,2.9298185048631888e-05,0.9999444904055192,0.00014802236502842766,0.9997039552699432,0.0004760955070402675,0.9989922993914387,0.0025788506631347825,0.9938345980651692,0.02687878143041561,0.9073039783199687
16.259999999999998,2.914309401436507e-05,0.999944782611224,0.00014728410040290015,0.9997054317991942,0.00047386670867357526,0.9989970491938769,0.002568357561010782,0.9938603340718553,0.02681061690694703,0.907572425201284
16.27,2.8988829442527256e-05,0.9999450732701545,0.0001465495178875535,0.9997069009642249,0.0004716482550299183,0.9990017767600946,0.00255790570311226,0.9938859653538701,0.026742584788837943,0.9078401910994589
16.279999999999998,2.883538689346957e-05,0.9999453623905529,0.0001458185991177871,0.9997083628017644,0.00046944009862568434,0.9990064821933016,0.0025474949352087156,0.9939114923228841,0.026674684995297158,0.908107277338143
16.29,2.868276195162685e-05,0.9999456499806176,0.0001450913258205931,0.9997098173483588,0.00046724219219200123,0.9990111655962336,0.0025371251036025695,0.9939369153890285,0.02660691744466963,0.9083736852401746
16.3,2.8530950225385962e-05,0.9999459360485027,0.00014436767981410148,0.9997112646403717,0.0004650544886737907,0.9990158270711551,0.002526796055127597,0.9939622349608999,0.026539282054441827,0.9086394161275712
16.31,2.8379947346953963e-05,0.9999462206023183,0.00014364764300712463,0.9997127047139858,0.0004628769412288188,0.9990204667198607,0.0025165076371473426,0.993987451445566,0.026471778741247107,0.9089044713215202
16.32,2.8229748972227385e-05,0.9999465036501313,0.00014293119739870432,0.9997141376052026,0.0004607095032267507,0.9990250846436778,0.0025062596975535217,0.9940125652485707,0.026404407420870975,0.9091688521423723
16.33,2.8080350780662403e-05,0.999946785199965,0.0001422183250776636,0.9997155633498447,0.0004585521282482168,0.9990296809434686,0.0024960520847644584,0.9940375767739397,0.026337168008256286,0.9094325599096302
16.34,2.793174847514517e-05,0.9999470652597998,0.00014150900822215676,0.9997169819835557,0.00045640477008387204,0.9990342557196321,0.002485884647723489,0.9940624864241852,0.026270060417508394,0.9096955959419438
16.349999999999998,2.7783937781863657e-05,0.9999473438375732,0.00014080322909922603,0.9997183935418016,0.00045426738273347025,0.9990388090721063,0.002475757235897414,0.9940872946003114,0.02620308456190074,0.9099579615570978
16.36,2.7636914450179276e-05,0.9999476209411801,0.000140100970064356,0.9997197980598713,0.00045213992040493223,0.9990433411003702,0.0024656696992749008,0.9941120017018203,0.026136240353879625,0.910219658072007
16.369999999999997,2.7490674252500227e-05,0.9999478965784727,0.00013940221356103477,0.999721195572878,0.00045002233751342813,0.9990478519034458,0.0024556218883649396,0.9941366081267159,0.026069527705069657,0.910480686802706
16.38,2.7345212984154564e-05,0.9999481707572615,0.00013870694212031286,0.9997225861157594,0.00044791458868045133,0.9990523415799006,0.002445613654195266,0.9941611142715101,0.026002946526278846,0.910741049064342
16.39,2.7200526463264907e-05,0.9999484434853149,0.0001380151383603683,0.9997239697232793,0.0004458166287329113,0.999056810227849,0.002435644848310806,0.9941855205312274,0.025936496727503866,0.9110007461711651
16.4,2.7056610530623033e-05,0.9999487147703594,0.00013732678498607124,0.9997253464300279,0.0004437284127022174,0.9990612579449549,0.0024257153227721234,0.9942098272994108,0.025870178217935056,0.9112597794365227
16.41,2.6913461049565653e-05,0.9999489846200803,0.00013664186478855108,0.9997267162704229,0.0004416498958233715,0.9990656848284336,0.002415824930153841,0.9942340349681259,0.025803990905961537,0.9115181501728493
16.419999999999998,2.6771073905850767e-05,0.9999492530421215,0.00013596036064476762,0.9997280792787104,0.0004395810335340689,0.9990700909750534,0.0024059735235431364,0.9942581439279671,0.025737934699176606,0.9117758596916592
16.43,2.6629445007534625e-05,0.9999495200440859,0.0001352822555170813,0.9997294354889659,0.0004375217814737932,0.9990744764811383,0.0023961609565381447,0.994282154568062,0.025672009504382445,0.9120329093035394
16.439999999999998,2.6488570284849608e-05,0.9999497856335355,0.00013460753245282914,0.9997307849350944,0.00043547209548292686,0.9990788414425698,0.002386387083246439,0.9943060672760768,0.02560621522759536,0.9122893003181405
16.45,2.634844569008226e-05,0.9999500498179921,0.00013393617458389885,0.9997321276508322,0.00043343193160185264,0.9990831859547883,0.002376651758283493,0.9943298824382213,0.025540551774050985,0.9125450340441691
16.459999999999997,2.6209067197452866e-05,0.9999503126049364,0.00013326816512630927,0.9997334636697474,0.00043140124607007364,0.9990875101127963,0.0023669548367711377,0.9943536004392539,0.02547501904820905,0.9128001117893805
16.47,2.607043080299465e-05,0.9999505740018096,0.00013260348737978864,0.9997347930252404,0.00042937999532532175,0.999091814011159,0.002357296174336015,0.994377221662487,0.025409616953758693,0.9130545348605712
16.48,2.5932532524434663e-05,0.9999508340160128,0.00013194212472735894,0.9997361157505453,0.0004273681360026825,0.9990960977440074,0.002347675627108068,0.9944007464897914,0.02534434539362327,0.9133083045635703
16.49,2.579536840107449e-05,0.9999510926549073,0.00013128406063491968,0.9997374318787302,0.0004253656249337182,0.9991003614050399,0.002338093051719003,0.9944241753016019,0.025279204269965425,0.913561422203232
16.5,2.5658934493672186e-05,0.9999513499258149,0.00013062927865083374,0.9997387414426984,0.0004233724191455909,0.9991046050875237,0.002328548305300752,0.9944475084769222,0.025214193484191953,0.9138138890834294
16.509999999999998,2.5523226884324736e-05,0.9999516058360182,0.00012997776240551796,0.9997400444751889,0.0004213884758602006,0.9991088288842978,0.002319041245483974,0.9944707463933298,0.0251493129369591,0.9140657065070444
16.52,2.5388241676350717e-05,0.9999518603927606,0.00012932949561103173,0.999741341008778,0.00041941375249331315,0.999113032887774,0.002309571730396515,0.9944938894269809,0.025084562528177052,0.9143168757759632
16.529999999999998,2.525397499417454e-05,0.9999521136032468,0.00012868446206067193,0.9997426310758787,0.00041744820665370484,0.9991172171899394,0.0023001396186619156,0.9945169379526155,0.025019942157015192,0.9145673981910669
16.54,2.512042298321038e-05,0.9999523654746427,0.00012804264562856575,0.9997439147087429,0.00041549179614229915,0.9991213818823581,0.002290744769397876,0.9945398923435623,0.02495545172190692,0.914817275052224
16.55,2.4987581809747325e-05,0.9999526160140759,0.00012740403026926918,0.9997451919394614,0.00041354447895131807,0.9991255270561733,0.00228138704221477,0.9945627529717437,0.02489109112055451,0.9150665076582842
16.56,2.485544766083511e-05,0.9999528652286357,0.0001267686000173652,0.9997464627999653,0.00041160621326342885,0.9991296528021087,0.0022720662972141275,0.9945855202076805,0.02482686024993405,0.9153150973070707
16.57,2.4724016744169994e-05,0.9999531131253733,0.00012613633898706395,0.9997477273220259,0.0004096769574508961,0.9991337592104714,0.00226278239498712,0.9946081944204972,0.024762759006300216,0.9155630452953729
16.58,2.4593285287982206e-05,0.9999533597113021,0.00012550723137180723,0.9997489855372564,0.0004077566700747442,0.9991378463711525,0.002253535196613089,0.9946307759779264,0.024698787285191256,0.9158103529189386
16.59,2.4463249540922952e-05,0.999953604993398,0.0001248812614438714,0.9997502374771122,0.00040584530988391107,0.9991419143736302,0.0022443245636580276,0.9946532652463141,0.02463494498143371,0.916057021472468
16.599999999999998,2.4333905771952944e-05,0.9999538489785995,0.00012425841355397614,0.9997514831728921,0.0004039428358144183,0.9991459633069706,0.002235150358173114,0.9946756625906245,0.024571231989147267,0.9163030522496057
16.61,2.4205250270230903e-05,0.9999540916738077,0.00012363867213089128,0.9997527226557382,0.00040204920698853517,0.9991499932598306,0.0022260124426931884,0.9946979683744442,0.024507648201749575,0.916548446542934
16.619999999999997,2.4077279345003204e-05,0.9999543330858868,0.00012302202168104945,0.9997539559566379,0.00040016438271395325,0.9991540043204589,0.0022169106802353003,0.9947201829599883,0.024444193511960987,0.916793205643966
16.63,2.394998932549362e-05,0.9999545732216643,0.00012240844678815686,0.9997551831064236,0.0003982883224829581,0.9991579965766983,0.0022078449342972004,0.9947423067081039,0.024380867811809297,0.9170373308431388
16.64,2.3823376560794033e-05,0.9999548120879308,0.00012179793211280938,0.9997564041357744,0.0003964209859716123,0.9991619701159876,0.0021988150688558765,0.9947643399782758,0.024317670992634717,0.9172808234298057
16.65,2.3697437419755823e-05,0.9999550496914409,0.0001211904623921086,0.9997576190752158,0.00039456233303893437,0.999165925025363,0.0021898209483660843,0.9947862831286308,0.02425460294509423,0.9175236846922302
16.66,2.3572168290881394e-05,0.9999552860389126,0.00012058602243927941,0.9997588279551214,0.00039271232372608335,0.9991698613914605,0.0021808624377588526,0.9948081365159427,0.024191663559166663,0.9177659159175796
16.669999999999998,2.3447565582216854e-05,0.9999555211370281,0.00011998459714329195,0.9997600308057134,0.00039087091825555414,0.999173779300517,0.0021719394024400317,0.9948299004956369,0.024128852724157154,0.9180075183919166
16.68,2.33236257212448e-05,0.9999557549924337,0.00011938617146848206,0.999761227657063,0.0003890380770303632,0.9991776788383729,0.0021630517082888183,0.9948515754217954,0.024066170328701956,0.9182484934001945
16.689999999999998,2.3200345154778292e-05,0.9999559876117402,0.00011879073045417712,0.9997624185390916,0.0003872137606332497,0.9991815600904737,0.002154199221656312,0.994873161647161,0.024003616260773148,0.9184888422262494
16.7,2.3077720348854625e-05,0.9999562190015227,0.00011819825921432035,0.9997636034815713,0.00038539792982587195,0.999185423141871,0.002145381809364022,0.9948946595231429,0.02394119040768301,0.918728566152793
16.709999999999997,2.295574778863048e-05,0.9999564491683213,0.00011760874293710031,0.9997647825141258,0.000383590545548015,0.9991892680772253,0.0021365993387024453,0.9949160693998204,0.023878892656089053,0.9189676664614079
16.72,2.2834423978277076e-05,0.999956678118641,0.00011702216688457896,0.9997659556662308,0.0003817915689167923,0.9991930949808073,0.0021278516774295895,0.9949373916259482,0.023816722891998408,0.9192061444325399
16.73,2.2713745440876226e-05,0.9999569058589518,0.00011643851639232462,0.9997671229672154,0.0003800009612258593,0.9991969039365001,0.0021191386937695414,0.994958626548961,0.023754681000772472,0.919444001345491
16.74,2.2593708718317026e-05,0.9999571323956892,0.00011585777686904483,0.9997682844462619,0.00037821868394462624,0.9992006950277998,0.002110460256411017,0.9949797745149779,0.02369276686713145,0.9196812384784139
16.75,2.2474310371192504e-05,0.9999573577352541,0.0001152799337962208,0.9997694401324075,0.0003764446987174739,0.9992044683378191,0.002101816234505896,0.9950008358688073,0.02363098037515904,0.919917857108306
16.759999999999998,2.235554697869787e-05,0.9999575818840131,0.00011470497272774607,0.9997705900545445,0.0003746789673629757,0.9992082239492871,0.0020932064976678243,0.9950218109539515,0.023569321408306906,0.920153858511001
16.77,2.2237415138528318e-05,0.9999578048482988,0.00011413287928956353,0.9997717342414209,0.0003729214518731191,0.9992119619445525,0.002084630915970735,0.9950427001126111,0.023507789849399188,0.9203892439611654
16.779999999999998,2.211991146677814e-05,0.9999580266344098,0.00011356363917930787,0.9997728727216414,0.00037117211441253697,0.9992156824055847,0.002076089359947455,0.9950635036856897,0.023446385580637198,0.9206240147322895
16.79,2.2003032597839923e-05,0.9999582472486108,0.00011299723816594626,0.9997740055236681,0.0003694309173177318,0.9992193854139754,0.0020675817005882387,0.9950842220127989,0.02338510848360367,0.920858172096684
16.8,2.188677518430453e-05,0.9999584666971332,0.00011243366208942408,0.9997751326758212,0.000367697823096316,0.9992230710509405,0.0020591078093393682,0.9951048554322619,0.02332395843926751,0.9210917173254707
16.81,2.17711358968617e-05,0.9999586849861749,0.00011187289686031026,0.9997762542062794,0.00036597279442624484,0.9992267393973224,0.002050667558101726,0.995125404281119,0.023262935327988083,0.9213246516885795
16.82,2.1656111424200786e-05,0.9999589021219005,0.00011131492845944448,0.9997773701430811,0.00036425579415505716,0.9992303905335904,0.002042260819229353,0.9951458688951317,0.023202039029519752,0.92155697645474
16.83,2.1541698472912754e-05,0.9999591181104418,0.00011075974293758802,0.9997784805141249,0.00036254678529912146,0.9992340245398436,0.0020338874655280734,0.9951662496087874,0.023141269423016395,0.9217886928914765
16.84,2.1427893767391955e-05,0.9999593329578975,0.00011020732641507357,0.9997795853471698,0.00036084573104288003,0.9992376414958117,0.002025547370254033,0.9951865467553036,0.023080626387035594,0.9220198022651022
16.849999999999998,2.1314694049739047e-05,0.9999595466703337,0.00010965766508145964,0.999780684669837,0.00035915259473810247,0.9992412414808576,0.0020172404071123425,0.9952067606666328,0.02302010979954342,0.9222503058407121
16.86,2.1202096079663995e-05,0.9999597592537843,0.0001091107451951839,0.9997817785096096,0.0003574673399031345,0.999244824573978,0.0020089664502556163,0.9952268916734668,0.022959719537918408,0.9224802048821792
16.869999999999997,2.1090096634390085e-05,0.9999599707142505,0.0001085665530832211,0.9997828668938336,0.00035578993022216055,0.9992483908538061,0.002000725374282618,0.9952469401052408,0.02289945547895632,0.9227095006521462
16.88,2.0978692508557983e-05,0.9999601810577013,0.00010802507514073968,0.9997839498497185,0.00035412032954445876,0.9992519403986124,0.0019925170542368204,0.9952669062901388,0.02283931749887423,0.9229381944120214
16.89,2.0867880514130658e-05,0.9999603902900743,0.0001074862978307631,0.9997850274043385,0.0003524585018836669,0.999255473286307,0.0019843413656050438,0.995286790555097,0.022779305473315057,0.9231662874219723
16.9,2.0757657480298745e-05,0.9999605984172749,0.00010695020768383073,0.9997860995846324,0.00035080441141704873,0.9992589895944408,0.00197619818431604,0.9953065932258087,0.0227194192773518,0.9233937809409197
16.91,2.0648020253386268e-05,0.9999608054451766,0.0001064167912976606,0.9997871664174047,0.0003491580224847618,0.9992624894002071,0.0019680873867391068,0.9953263146267289,0.02265965878549189,0.923620676226533
16.919999999999998,2.0538965696757246e-05,0.9999610113796221,0.00010588603533681564,0.9997882279293264,0.0003475192995891324,0.9992659727804439,0.001960008849682708,0.9953459550810785,0.022600023871681463,0.9238469745352231
16.93,2.043049069072239e-05,0.9999612162264224,0.00010535792653236881,0.9997892841469352,0.0003458882073939297,0.9992694398116346,0.0019519624503930772,0.9953655149108485,0.022540514409309723,0.9240726771221379
16.939999999999998,2.0322592132446702e-05,0.9999614199913575,0.00010483245168157287,0.9997903350966368,0.00034426471072364654,0.9992728905699102,0.0019439480665528568,0.9953849944368045,0.022481130271213096,0.9242977852411568
16.95,2.0215266935857223e-05,0.9999616226801763,0.00010430959764752882,0.999791380804705,0.0003426487745627794,0.9992763251310507,0.0019359655762797036,0.9954043939784913,0.02242187132967954,0.9245223001448841
16.959999999999997,2.0108512031551742e-05,0.9999618242985971,0.00010378935135885894,0.9997924212972823,0.00034104036405511686,0.9992797435704869,0.0019280148581249294,0.9954237138542371,0.02236273745645294,0.9247462230846447
16.97,2.0002324366707423e-05,0.9999620248523077,0.00010327169980937854,0.9997934566003812,0.0003394394445030249,0.9992831459633017,0.00192009579107211,0.9954429543811575,0.02230372852273702,0.9249695553104785
16.98,1.9896700904990606e-05,0.9999622243469651,0.00010275663005777213,0.9997944867398845,0.0003378459813667399,0.9992865323842317,0.0019122082545357506,0.9954621158751602,0.022244844399199798,0.9251922980711336
16.99,1.9791638626466458e-05,0.9999624227881965,0.00010224412922726924,0.9997955117415455,0.0003362599402636651,0.9992899029076691,0.0019043521283598896,0.9954811986509493,0.022186084955977712,0.9254144526140635
17.0,1.9687134527509636e-05,0.9999626201815983,0.00010173418450532207,0.9997965316309894,0.00033468128696766353,0.999293257607663,0.0018965272928167611,0.9955002030220295,0.02212745006267971,0.9256360201854196
17.009999999999998,1.9583185620715127e-05,0.9999628165327377,0.00010122678314328638,0.9997975464337134,0.0003331099874083639,0.9992965965579209,0.0018887336286054232,0.9955191293007101,0.022068939588391588,0.9258570020300472
17.02,1.947978893480967e-05,0.9999630118471514,0.00010072191245610133,0.9997985561750878,0.0003315460076704609,0.9992999198318105,0.0018809710168504125,0.9955379777981097,0.02201055340167995,0.9260773993914796
17.029999999999998,1.9376941514563957e-05,0.9999632061303472,0.0001002195598219738,0.999799560880356,0.0003299893139930238,0.9993032275023611,0.0018732393391003987,0.9955567488241603,0.02195229137059649,0.9262972135119328
17.04,1.9274640420704564e-05,0.9999633993878029,9.971971268206141e-05,0.9998005605746358,0.0003284398727688058,0.9993065196422652,0.0018655384773268134,0.9955754426876116,0.021894153362682012,0.926516445632302
17.05,1.9172882729827357e-05,0.999963591624967,9.922235854015981e-05,0.9998015552829197,0.0003268976505435564,0.9993097963238798,0.0018578683139225446,0.9955940596960348,0.021836139244970576,0.926735096992154
17.06,1.907166553431066e-05,0.9999637828472591,9.872748496238972e-05,0.9998025450300753,0.0003253626140153401,0.9993130576192284,0.0018502287317005647,0.9956126001558273,0.02177824888399358,0.926953168829724
17.07,1.897098594222899e-05,0.9999639730600697,9.823507957688558e-05,0.9998035298408462,0.0003238347300338482,0.999316303600002,0.0018426196138925954,0.9956310643722167,0.021720482145783735,0.9271706623819098
17.08,1.8870841077267627e-05,0.9999641622687604,9.774513007348746e-05,0.999804509739853,0.0003223139655997308,0.9993195343375608,0.0018350408441478016,0.9956494526492653,0.021662838895879354,0.9273875788842673
17.09,1.8771228078637316e-05,0.999964350478664,9.725762420343188e-05,0.9998054847515931,0.00032080028786391125,0.9993227499029362,0.0018274923065314142,0.9956677652898734,0.02160531899932802,0.9276039195710052
17.099999999999998,1.867214410098963e-05,0.9999645376950853,9.677254977904708e-05,0.999806454900442,0.00031929366412692246,0.9993259503668315,0.0018199738855234563,0.9956860025957845,0.021547922320691082,0.9278196856749804
17.11,1.8573586314332588e-05,0.9999647239233,9.628989467344682e-05,0.999807420210653,0.0003177940618382304,0.9993291357996236,0.0018124854660173757,0.9957041648675888,0.021490648724047202,0.9280348784276925
17.119999999999997,1.8475551903947136e-05,0.9999649091685562,9.580964682022868e-05,0.9998083807063596,0.00031630144859557454,0.999332306271365,0.0018050269333187456,0.9957222524047276,0.021433498072996677,0.9282494990592799
17.13,1.8378038070303413e-05,0.9999650934360734,9.533179421317095e-05,0.9998093364115737,0.0003148157921442975,0.9993354618517848,0.0017975981731439385,0.9957402655054969,0.021376470230665204,0.9284635487985148
17.14,1.8281042028978384e-05,0.9999652767310435,9.485632490593376e-05,0.9998102873501882,0.0003133370603766892,0.9993386026102902,0.0017901990716188184,0.9957582044670525,0.021319565059707946,0.9286770288727979
17.15,1.8184561010573115e-05,0.9999654590586308,9.438322701175982e-05,0.9998112335459765,0.0003118652213313287,0.999341728615968,0.0017828295152774272,0.9957760695854132,0.02126278242231359,0.9288899405081541
17.16,1.808859226063087e-05,0.9999656404239713,9.391248870317681e-05,0.9998121750225937,0.0003104002431924259,0.9993448399375865,0.0017754893910606733,0.9957938611554651,0.02120612218020802,0.9291022849292285
17.169999999999998,1.7993133039555825e-05,0.9999658208321743,9.344409821170282e-05,0.9998131118035766,0.00030894209428917346,0.999347936643596,0.0017681785863150354,0.995811579470966,0.021149584194658354,0.9293140633592804
17.18,1.789818062253172e-05,0.9999660002883215,9.297804382755083e-05,0.9998140439123449,0.000307490743095095,0.9993510188021313,0.0017608969887912436,0.9958292248245488,0.021093168326476938,0.9295252770201796
17.189999999999998,1.7803732299441608e-05,0.9999661787974671,9.251431389933733e-05,0.9998149713722013,0.0003060461582274007,0.9993540864810123,0.001753644486643006,0.9958467975077263,0.0210368744360251,0.9297359271324024
17.2,1.770978537478735e-05,0.9999663563646388,9.205289683378958e-05,0.9998158942063324,0.000304608308446342,0.9993571397477461,0.001746420968425694,0.9958642978108947,0.020980702383217104,0.9299460149150257
17.209999999999997,1.7616337167610287e-05,0.9999665329948371,9.159378109545728e-05,0.9998168124378091,0.00030317716265457266,0.9993601786695279,0.0017392263230950654,0.9958817260233377,0.020924652027523992,0.9301555415857237
17.22,1.752338501141164e-05,0.9999667086930356,9.113695520642272e-05,0.9998177260895872,0.00030175268989650854,0.9993632033132426,0.0017320604400059558,0.9958990824332307,0.020868723227977278,0.9303645083607633
17.23,1.743092625407397e-05,0.9999668834641819,9.068240774601504e-05,0.999818635184508,0.0003003348593576944,0.9993662137454665,0.0017249232089110236,0.9959163673276444,0.020812915843173102,0.9305729164549993
17.24,1.7338958257782612e-05,0.9999670573131966,9.02301273505242e-05,0.9998195397452989,0.00029892364036417226,0.9993692100324683,0.00171781451995944,0.9959335809925494,0.020757229731275712,0.9307807670818699
17.25,1.72474783989477e-05,0.9999672302449741,8.978010271291647e-05,0.9998204397945741,0.0002975190023818482,0.9993721922402105,0.001710734263695625,0.9959507237128192,0.020701664750021432,0.9309880614533936
17.259999999999998,1.7156484068126854e-05,0.999967402264383,8.933232258255277e-05,0.9998213353548349,0.0002961209150158693,0.9993751604343513,0.0017036823310579696,0.9959677957722353,0.020646220756722376,0.9311948007801636
17.27,1.70659726699478e-05,0.9999675733762653,8.88867757649062e-05,0.9998222264484702,0.00029472934800999834,0.9993781146802453,0.0016966586133775553,0.9959847974534902,0.020590897608270244,0.931400986271344
17.279999999999998,1.6975941623031944e-05,0.9999677435854376,8.844345112128344e-05,0.9998231130977574,0.0002933442712459915,0.9993810550429456,0.0016896630023769108,0.9960017290381917,0.020535695161140153,0.9316066191346666
17.29,1.6886388359917888e-05,0.9999679128966904,8.800233756854499e-05,0.9998239953248629,0.0002919656547429805,0.9993839815872044,0.001682695390168709,0.996018590806867,0.02048061327139418,0.931811700576425
17.299999999999997,1.6797310326985943e-05,0.9999680813147889,8.756342407882936e-05,0.9998248731518423,0.0002905934686568568,0.9993868943774752,0.0016757556692545378,0.9960353830389661,0.020425651794685234,0.9320162318014713
17.31,1.6708704984382293e-05,0.9999682488444726,8.712669967927615e-05,0.9998257466006415,0.00028922768327965755,0.9993897934779132,0.0016688437325236237,0.996052106012866,0.020370810586260762,0.932220214013213
17.32,1.662056980594437e-05,0.9999684154904558,8.669215345175277e-05,0.9998266156930965,0.00028786826903895636,0.9993926789523778,0.0016619594732515737,0.9960687600058747,0.020316089500966302,0.9324236484136073
17.33,1.6532902279126085e-05,0.9999685812574275,8.625977453258106e-05,0.9998274804509348,0.00028651519649725487,0.999395550864433,0.0016551027850991438,0.9960853452942348,0.02026148839324941,0.9326265362031577
17.34,1.6445699904923683e-05,0.9999687461500518,8.582955211226522e-05,0.9998283408957754,0.00028516843635137645,0.9993984092773491,0.001648273562110957,0.9961018621531272,0.02020700711716307,0.9328288785809109
17.349999999999998,1.6358960197802035e-05,0.9999689101729679,8.540147543522262e-05,0.9998291970491295,0.00028382795943186523,0.9994012542541041,0.0016414716987142863,0.9961183108566756,0.020152645526369438,0.933030676744452
17.36,1.62726806856212e-05,0.9999690733307898,8.497553379951375e-05,0.999830048932401,0.00028249373670238424,0.999404085857385,0.0016346970897177949,0.9961346916779494,0.020098403474143555,0.9332319318899003
17.369999999999997,1.618685890956367e-05,0.9999692356281074,8.455171655657583e-05,0.9998308965668868,0.00028116573925912055,0.9994069041495891,0.001627949630310308,0.9961510048889685,0.020044280813376843,0.9334326452119064
17.38,1.610149242406151e-05,0.9999693970694856,8.413001311095542e-05,0.999831739973778,0.0002798439383301887,0.9994097091928252,0.0016212292160595607,0.9961672507607061,0.019990277396580748,0.9336328179036476
17.39,1.601657879672453e-05,0.9999695576594654,8.371041292004455e-05,0.9998325791741599,0.00027852830527503957,0.9994125010489152,0.0016145357429109782,0.9961834295630934,0.019936393075890423,0.9338324511568251
17.4,1.5932115608268427e-05,0.999969717402563,8.329290549381676e-05,0.9998334141890124,0.00027721881158387034,0.9994152797793953,0.0016078691071864486,0.9961995415650223,0.019882627703068107,0.9340315461616585
17.41,1.5848100452443264e-05,0.9999698763032709,8.287748039456434e-05,0.9998342450392109,0.0002759154288770373,0.9994180454455168,0.0016012292055830703,0.9962155870343508,0.019828981129506883,0.934230104106884
17.419999999999998,1.5764530935962865e-05,0.9999700343660575,8.246412723663846e-05,0.9998350717455268,0.00027461812890447256,0.9994207981082486,0.0015946159351719698,0.9962315662379047,0.019775453206234136,0.9344281261797497
17.43,1.568140467843383e-05,0.9999701915953672,8.205283568618837e-05,0.9998358943286276,0.0002733268835451015,0.999423537828277,0.0015880291933970383,0.996247479441483,0.019722043783915042,0.934625613566012
17.439999999999998,1.5598719312285783e-05,0.9999703479956207,8.164359546090417e-05,0.9998367128090782,0.00027204166480626396,0.9994262646660081,0.001581468878073747,0.9962633269098607,0.019668752712856175,0.9348225674499321
17.45,1.5516472482701217e-05,0.9999705035712152,8.123639632975862e-05,0.9998375272073405,0.00027076244482313635,0.999428978681569,0.0015749348873879071,0.9962791089067932,0.01961557984300896,0.935018989014273
17.459999999999997,1.5434661847546395e-05,0.9999706583265243,8.083122811275252e-05,0.9998383375437745,0.00026948919585815964,0.9994316799348081,0.0015684271198944891,0.996294825695019,0.01956252502397315,0.935214879440295
17.47,1.5353285077301985e-05,0.9999708122658983,8.042808068065906e-05,0.9998391438386387,0.0002682218903004657,0.9994343684852974,0.001561945474516378,0.9963104775362647,0.019509588105000333,0.9354102399077527
17.48,1.527233985499484e-05,0.9999709653936644,8.002694395477159e-05,0.9998399461120905,0.00026696050066530967,0.9994370443923338,0.001555489850543203,0.9963260646912474,0.01945676893499735,0.9356050715948918
17.49,1.5191823876129366e-05,0.9999711177141263,7.96278079066512e-05,0.9998407443841867,0.0002657049995935025,0.9994397077149393,0.0015490601476301187,0.996341587419679,0.01940406736252984,0.9357993756784445
17.5,1.5111734848619775e-05,0.9999712692315651,7.923066255787561e-05,0.9998415386748842,0.0002644553598508459,0.9994423585118634,0.001542656265796602,0.9963570459802702,0.01935148323582555,0.9359931533336281
17.509999999999998,1.5032070492722646e-05,0.9999714199502389,7.883549797979073e-05,0.9998423290040405,0.0002632115543275737,0.9994449968415837,0.0015362781054252695,0.9963724406307332,0.01929901640277774,0.9361864057341398
17.52,1.4952828540969649e-05,0.999971569874383,7.844230429326121e-05,0.9998431153914135,0.000261973556037788,0.9994476227623074,0.0015299255672606828,0.996387771627786,0.01924666671094876,0.9363791340521546
17.529999999999998,1.4874006738100873e-05,0.9999717190082101,7.80510716684247e-05,0.9998438978566632,0.0002607413381189082,0.9994502363319724,0.0015235985524081521,0.996403039227156,0.019194434007573268,0.9365713394583205
17.54,1.4795602840998325e-05,0.9999718673559107,7.766179032444493e-05,0.9998446764193512,0.00025951487383111074,0.9994528376082485,0.0015172969623325585,0.9964182436835834,0.01914231813956162,0.9367630231217572
17.549999999999997,1.4717614618620057e-05,0.9999720149216526,7.727445052926829e-05,0.9998454510989415,0.00025829413655678205,0.999455426648539,0.001511020698857172,0.9964333852508247,0.019090318953503334,0.9369541862100516
17.56,1.4640039851934268e-05,0.9999721617095813,7.688904259937946e-05,0.9998462219148012,0.0002570790997999653,0.9994580035099814,0.0015047696641624626,0.9964484641816564,0.019038436295670345,0.9371448298892547
17.57,1.4562876333854133e-05,0.9999723077238204,7.650555689956027e-05,0.9998469888862008,0.00025586973718581737,0.9994605682494488,0.0014985437607849357,0.9964634807278789,0.01898667001202038,0.937334955323879
17.58,1.4486121869172938e-05,0.9999724529684715,7.612398384264836e-05,0.9998477520323147,0.0002546660224600603,0.9994631209235514,0.0014923428916159508,0.9964784351403194,0.018935019948200217,0.9375245636768946
17.59,1.4409774274499207e-05,0.999972597447614,7.574431388929718e-05,0.9998485113722214,0.0002534679294884407,0.9994656615886371,0.0014861669599005572,0.996493327668836,0.018883485949549063,0.9377136561097269
17.599999999999998,1.4333831378192711e-05,0.999972741165306,7.536653754773837e-05,0.9998492669249045,0.00025227543225619155,0.9994681903007936,0.0014800158692363252,0.9965081585623209,0.018832067861101854,0.937902233782253
17.61,1.4258291020300482e-05,0.9999728841255834,7.499064537354348e-05,0.9998500187092529,0.00025108850486749135,0.9994707071158484,0.0014738895235721753,0.9965229280687041,0.018780765527592367,0.9380902978527987
17.619999999999997,1.4183151052493343e-05,0.999973026332461,7.461662796938883e-05,0.9998507667440613,0.00024990712154493227,0.9994732120893711,0.0014677878272072351,0.9965376364349566,0.01872957879345678,0.9382778494781361
17.63,1.4108409338002502e-05,0.999973167789932,7.424447598481955e-05,0.9998515110480304,0.00024873125662898415,0.999475705276674,0.0014617106847896633,0.9965522839070947,0.01867850750283653,0.9384648898134796
17.64,1.403406375155711e-05,0.9999733085019682,7.387418011601682e-05,0.999852251639768,0.00024756088457746756,0.9994781867328133,0.0014556580013155072,0.9965668707301822,0.018627551499581927,0.938651420012484
17.65,1.3960112179321415e-05,0.9999734484725203,7.350573110556471e-05,0.9998529885377889,0.0002463959799650231,0.9994806565125903,0.00144962968212755,0.9965813971483353,0.01857671062725515,0.9388374412272411
17.66,1.3886552518832716e-05,0.9999735877055181,7.313911974221856e-05,0.9998537217605156,0.0002452365174825856,0.999483114670553,0.0014436256329141551,0.9965958634047246,0.0185259847291335,0.9390229546082767
17.669999999999998,1.38133826789397e-05,0.9999737262048701,7.277433686067541e-05,0.9998544513262787,0.0002440824719368644,0.9994855612609964,0.0014376457597081306,0.9966102697415802,0.018475373648212667,0.9392079613045478
17.68,1.3740600579740723e-05,0.9999738639744642,7.2411373341344e-05,0.9998551772533173,0.00024293381824981567,0.9994879963379646,0.0014316899688855804,0.9966246164001934,0.018424877227209757,0.9393924624634407
17.689999999999998,1.3668204152522915e-05,0.9999740010181674,7.205022011011766e-05,0.9998558995597797,0.00024179053145813022,0.999490419955251,0.0014257581671647758,0.9966389036209216,0.018374495308566607,0.9395764592307666
17.7,1.3596191339701268e-05,0.999974137339826,7.169086813814658e-05,0.9998566182637237,0.00024065258671271232,0.9994928321664005,0.0014198502616050016,0.9966531316431906,0.018324227734452834,0.9397599527507605
17.709999999999997,1.3524560094758218e-05,0.999974272943266,7.133330844161298e-05,0.9998573333831168,0.00023951995927816758,0.9994952330247097,0.0014139661596054487,0.9966673007054988,0.018274074346769073,0.9399429441660772
17.72,1.3453308382183408e-05,0.999974407832293,7.097753208150556e-05,0.999858044935837,0.00023839262453228993,0.9994976225832284,0.0014081057689040585,0.9966814110454203,0.018224034987149956,0.9401254346177893
17.73,1.3382434177414167e-05,0.999974542010692,7.062353016339694e-05,0.9998587529396732,0.000237270557965553,0.9995000008947609,0.0014022689975764194,0.9966954628996081,0.01817410949696743,0.9403074252453849
17.74,1.3311935466775747e-05,0.9999746754822282,7.027129383722084e-05,0.9998594574123255,0.0002361537351806016,0.999502368011867,0.0013964557540346227,0.9967094565037977,0.01812429771733361,0.940488917186764
17.75,1.3241810247422305e-05,0.9999748082506463,6.99208142970505e-05,0.9998601583714058,0.00023504213189174566,0.9995047239868629,0.0013906659470261625,0.9967233920928105,0.018074599489104063,0.9406699115782362
17.759999999999998,1.3172056527278155e-05,0.9999749403196714,6.957208278087945e-05,0.9998608558344383,0.00023393572392446017,0.9995070688718225,0.0013848994856328022,0.9967372699005569,0.018025014652880804,0.9408504095545193
17.77,1.3102672324979165e-05,0.9999750716930086,6.922509057040132e-05,0.9998615498188592,0.00023283448721487978,0.9995094027185788,0.0013791562792694711,0.9967510901600399,0.017975543049015327,0.9410304122487352
17.779999999999998,1.3033655669814692e-05,0.9999752023743431,6.887982899079306e-05,0.9998622403420184,0.00023173839780930516,0.9995117255787245,0.0013734362376831477,0.9967648531033582,0.017926184517611632,0.9412099207924078
17.79,1.2965004601669603e-05,0.9999753323673406,6.853628941049695e-05,0.999862927421179,0.00023064743186370208,0.9995140375036132,0.001367739270951752,0.9967785589617096,0.017876938898529364,0.9413889363154617
17.799999999999997,1.2896717170966913e-05,0.9999754616756472,6.819446324100582e-05,0.999863611073518,0.0002295615656432108,0.9995163385443608,0.001362065289483051,0.9967922079653947,0.01782780603138676,0.9415674599462182
17.81,1.2828791438610379e-05,0.9999755903028896,6.785434193664738e-05,0.9998642913161268,0.0002284807755216509,0.9995186287518464,0.0013564142040135316,0.9968058003438193,0.01777878575556358,0.9417454928113939
17.82,1.2761225475927809e-05,0.9999757182526753,6.751591699437145e-05,0.9998649681660112,0.00022740503798103338,0.9995209081767131,0.0013507859256073392,0.9968193363254985,0.01772987791020426,0.9419230360360977
17.83,1.2694017364614318e-05,0.9999758455285921,6.717917995353696e-05,0.999865641640093,0.00022633432961107294,0.9995231768693699,0.0013451803656551432,0.9968328161380596,0.017681082334220704,0.9421000907438293
17.84,1.2627165196676032e-05,0.999975972134209,6.68441223957001e-05,0.9998663117552086,0.00022526862710870038,0.9995254348799916,0.001339597435873071,0.9968462400082455,0.01763239886629542,0.9422766580564759
17.849999999999998,1.2560667074374358e-05,0.9999760980730761,6.651073594440473e-05,0.9998669785281112,0.00022420790727758214,0.999527682258521,0.0013340370483016124,0.9968596081619178,0.017583827344884367,0.9424527390943104
17.86,1.2494521110169967e-05,0.9999762233487244,6.617901226497193e-05,0.9998676419754701,0.00022315214702763525,0.999529919054669,0.0013284991153045217,0.9968729208240601,0.017535367608219898,0.9426283349759893
17.869999999999997,1.2428725426667746e-05,0.999976347964666,6.584894306429272e-05,0.9998683021138715,0.00022210132337455263,0.9995321453179168,0.0013229835495677516,0.9968861782187813,0.017487019494313704,0.9428034468185506
17.88,1.2363278156561595e-05,0.9999764719243943,6.552052009061964e-05,0.9998689589598188,0.00022105541343932095,0.9995343610975156,0.0013174902640983525,0.9968993805693189,0.01743878284095971,0.9429780757374108
17.89,1.2298177442579693e-05,0.9999765952313843,6.519373513336134e-05,0.9998696125297333,0.0002200143944477507,0.9995365664424888,0.0013120191722234198,0.9969125280980419,0.017390657485737024,0.9431522228463636
17.9,1.2233421437430158e-05,0.9999767178890921,6.486858002287701e-05,0.9998702628399543,0.00021897824372999958,0.9995387614016321,0.0013065701875889979,0.9969256210264541,0.01734264326601277,0.9433258892575771
17.91,1.2169008303746684e-05,0.9999768399009559,6.45450466302717e-05,0.9998709099067394,0.00021794693872010277,0.9995409460235157,0.001301143224159013,0.9969386595751977,0.01729474001894497,0.9434990760815927
17.919999999999998,1.2104936214034919e-05,0.999976961270395,6.422312686719401e-05,0.9998715537462656,0.00021692045695550585,0.9995431203564841,0.0012957381962142194,0.9969516439640556,0.01724694758148538,0.9436717844273215
17.93,1.204120335061876e-05,0.9999770820008109,6.390281268563282e-05,0.9998721943746287,0.00021589877607659452,0.9995452844486578,0.0012903550183511112,0.9969645744119555,0.01719926579038236,0.9438440154020435
17.939999999999998,1.1977807905587193e-05,0.9999772020955868,6.358409607771716e-05,0.9998728318078446,0.00021488187382623432,0.9995474383479344,0.001284993605480879,0.9969774511369726,0.017151694482183736,0.9440157701114055
17.95,1.1914748080741196e-05,0.9999773215580877,6.326696907551501e-05,0.999873466061849,0.00021386972804930432,0.9995495821019892,0.0012796538728283365,0.9969902743563325,0.01710423349323954,0.9441870496594182
17.959999999999997,1.1852022087541202e-05,0.9999774403916611,6.295142375083501e-05,0.9998740971524983,0.00021286231669224016,0.9995517157582767,0.0012743357359308763,0.997003044286415,0.017056882659704967,0.944357855148455
17.97,1.1789628147054613e-05,0.9999775585996363,6.26374522150274e-05,0.99987472509557,0.00021185961780257134,0.9995538393640312,0.0012690391106374016,0.9970157611427564,0.017009641817542893,0.9445281876792502
17.98,1.1727564489903742e-05,0.9999776761853251,6.232504661878755e-05,0.9998753499067624,0.00021086160952846916,0.9995559529662681,0.001263763913107293,0.9970284251400535,0.016962510802527034,0.9446980483508963
17.99,1.1665829356214013e-05,0.9999777931520213,6.201419915195936e-05,0.9998759716016961,0.00020986827011828992,0.9995580566117847,0.0012585100598093459,0.997041036492166,0.016915489450244348,0.9448674382608431
18.0,1.1604420995562323e-05,0.9999779095030014,6.170490204333977e-05,0.9998765901959134,0.00020887957792012197,0.9995601503471612,0.00125327746752073,0.9970535954121197,0.016868577596097997,0.945036358504895
18.009999999999998,1.1543337666925997e-05,0.9999780252415246,6.139714756048517e-05,0.999877205704879,0.00020789551138133708,0.9995622342187619,0.0012480660533259595,0.99706610211211,0.016821775075310144,0.9452048101772097
18.02,1.1482577638631552e-05,0.9999781403708324,6.109092800951725e-05,0.9998778181439809,0.00020691604904814046,0.9995643082727361,0.0012428757346158313,0.9970785568035044,0.016775081722924398,0.9453727943702961
18.029999999999998,1.1422139188304313e-05,0.9999782548941493,6.07862357349315e-05,0.9998784275285302,0.00020594116956512655,0.999566372555019,0.0012377064290864112,0.9970909596968462,0.016728497373808906,0.9455403121750124
18.04,1.1362020602817675e-05,0.9999783688146824,6.048306311940496e-05,0.9998790338737612,0.00020497085167483104,0.9995684271113328,0.0012325580547379825,0.9971033110018568,0.01668202186265873,0.9457073646805655
18.049999999999997,1.1302220178243308e-05,0.9999784821356219,6.018140258360668e-05,0.9998796371948327,0.00020400507421729173,0.9995704719871873,0.0012274305298740362,0.9971156109274393,0.01663565502399875,0.9458739529745073
18.06,1.1242736219800996e-05,0.9999785948601408,5.9881246586007335e-05,0.999880237506828,0.0002030438161296057,0.9995725072278816,0.0012223237731002266,0.9971278596816812,0.016589396692186266,0.9460400781427348
18.07,1.1183567041809247e-05,0.9999787069913956,5.958258762269145e-05,0.9998808348247546,0.00020208705644549288,0.9995745328785045,0.0012172377033233524,0.9971400574718579,0.01654324670141363,0.9462057412694878
18.08,1.1124710967635947e-05,0.9999788185325253,5.928541822716951e-05,0.9998814291635456,0.00020113477429485762,0.9995765489839357,0.0012121722397503416,0.997152204504435,0.016497204885710978,0.9463709434373466
18.09,1.10661663296492e-05,0.999978929486653,5.8989730970190925e-05,0.9998820205380596,0.00020018694890335404,0.9995785555888463,0.0012071273018872248,0.9971643009850718,0.01645127107894887,0.9465356857272318
18.099999999999998,1.100793146916876e-05,0.9999790398568845,5.8695518459559084e-05,0.9998826089630809,0.00019924355959195455,0.9995805527377006,0.0012021028095381234,0.9971763471186244,0.01640544511484078,0.9466999692184012
18.11,1.0950004736417296e-05,0.9999791496463095,5.8402773339945684e-05,0.9998831944533201,0.00019830458577651728,0.9995825404747565,0.0011970986828042424,0.997188343109148,0.016359726826945954,0.9468637949884494
18.119999999999997,1.0892384490472362e-05,0.9999792588580009,5.8111488292707707e-05,0.9998837770234146,0.0001973700069673592,0.9995845188440662,0.0011921148420828492,0.9972002891599004,0.016314116048671758,0.9470271641133056
18.13,1.0835069099218239e-05,0.9999793674950155,5.7821656035703586e-05,0.9998843566879286,0.00019643980276882653,0.9995864878894778,0.0011871512080662739,0.9972121854733452,0.01626861261327642,0.9471900776672324
18.14,1.0778056939298351e-05,0.9999794755603937,5.75332693231119e-05,0.9998849334613538,0.0001955139528788721,0.999588447654636,0.0011822077017409132,0.9972240322511541,0.016223216353871684,0.9473525367228245
18.15,1.0721346396067806e-05,0.9999795830571596,5.724632094524992e-05,0.9998855073581095,0.00019459243708863037,0.9995903981829823,0.0011772842443862138,0.99723582969421,0.01617792710342514,0.9475145423510064
18.16,1.0664935863546049e-05,0.9999796899883217,5.696080372839306e-05,0.9998860783925432,0.00019367523528199642,0.9995923395177576,0.0011723807575736837,0.9972475780026102,0.016132744694763005,0.9476760956210323
18.169999999999998,1.0608823744370206e-05,0.9999797963568716,5.667671053459622e-05,0.9998866465789308,0.00019276232743520639,0.9995942717020012,0.0011674971631659003,0.9972592773756694,0.01608766896057254,0.9478371976004832
18.18,1.0553008449748078e-05,0.9999799021657859,5.6394034261514554e-05,0.999887211931477,0.00019185369361642,0.9995961947785531,0.0011626333833155064,0.9972709280119221,0.01604269973340461,0.9479978493552671
18.189999999999998,1.0497488399412058e-05,0.9999800074180247,5.611276784222672e-05,0.9998877744643155,0.00019094931398530522,0.9995981087900542,0.0011577893404642347,0.9972825301091257,0.01599783684567624,0.9481580519496162
18.2,1.044226202157268e-05,0.9999801121165328,5.583290424505738e-05,0.9998883341915099,0.00019004916879262253,0.9996000137789476,0.0011529649573419102,0.9972940838642638,0.015953080129673104,0.9483178064460864
18.209999999999997,1.0387327752872872e-05,0.9999802162642389,5.555443647340224e-05,0.9998888911270531,0.00018915323837981498,0.9996019097874793,0.0011481601569654765,0.9973055894735483,0.01590842941755198,0.9484771139055559
18.22,1.0332684038342234e-05,0.9999803198640563,5.5277357565552294e-05,0.9998894452848689,0.0001882615031785954,0.9996037968576992,0.0011433748626380018,0.9973170471324232,0.015863884541343257,0.9486359753872239
18.23,1.0278329331351646e-05,0.999980422918883,5.5001660594520516e-05,0.999889996678811,0.00018737394371054041,0.9996056750314619,0.0011386089979477183,0.9973284570355665,0.01581944533295344,0.9487943919486089
18.24,1.0224262093568156e-05,0.9999805254316012,5.472733866786837e-05,0.9998905453226643,0.00018649054058668301,0.9996075443504279,0.0011338624867670336,0.9973398193768938,0.01577511162416763,0.9489523646455481
18.25,1.0170480794909878e-05,0.999980627405078,5.445438492753322e-05,0.999891091230145,0.0001856112745071052,0.9996094048560639,0.0011291352532515578,0.9973511343495607,0.015730883246651776,0.9491098945321965
18.259999999999998,1.0116983913501606e-05,0.9999807288421652,5.418279254965751e-05,0.9998916344149007,0.00018473612626053936,0.9996112565896441,0.0011244272218391474,0.9973624021459658,0.015686760031955405,0.9492669826610239
18.27,1.0063769935630112e-05,0.9999808297456994,5.391255474441748e-05,0.9998921748905112,0.000183865076723962,0.9996130995922514,0.0011197383172489293,0.9973736229577536,0.015642741811513847,0.9494236300828164
18.279999999999998,1.0010837355700174e-05,0.9999809301185019,5.36436647558541e-05,0.9998927126704883,0.00018299810686219888,0.9996149339047775,0.0011150684644803317,0.9973847969758168,0.015598828416650666,0.9495798378466729
18.29,9.958184676190473e-06,0.9999810299633795,5.3376115861703456e-05,0.9998932477682766,0.00018213519772752372,0.9996167595679244,0.0011104175888121358,0.9973959243903001,0.01555501967858013,0.9497356070000055
18.299999999999997,9.905810407610074e-06,0.9999811292831234,5.310990137322946e-05,0.9998937801972535,0.00018127633045926425,0.9996185766222049,0.0011057856158015107,0.9974070053906019,0.015511315428409557,0.9498909385885376
18.31,9.85371306845476e-06,0.9999812280805107,5.284501463505585e-05,0.9998943099707299,0.00018042148628340655,0.9996203851079438,0.001101172471283057,0.9974180401653777,0.015467715497141654,0.9500458336563032
18.32,9.801891185163978e-06,0.9999813263583031,5.258144902500046e-05,0.99989483710195,0.00017957064651220428,0.9996221850652786,0.0010965780813678595,0.9974290289025429,0.01542421971567699,0.9502002932456465
18.33,9.750343292077814e-06,0.9999814241192477,5.231919795390941e-05,0.9998953616040922,0.0001787237925437862,0.9996239765341601,0.0010920023724425327,0.997439971789275,0.015380827914816198,0.9503543183972187
18.34,9.699067931394118e-06,0.9999815213660773,5.205825486549207e-05,0.999895883490269,0.00017788090586176805,0.9996257595543537,0.0010874452711682743,0.9974508690120172,0.015337539925262475,0.9505079101499805
18.349999999999998,9.648063653126186e-06,0.9999816181015099,5.179861323615783e-05,0.9998964027735276,0.00017704196803486553,0.9996275341654401,0.001082906704479927,0.9974617207564803,0.015294355577623818,0.9506610695411971
18.36,9.597329015060332e-06,0.9999817143282491,5.154026657485225e-05,0.9998969194668503,0.00017620696071650783,0.9996293004068162,0.0010783865995850263,0.9974725272076461,0.015251274702415264,0.9508137976064411
18.369999999999997,9.546862582713905e-06,0.9999818100489842,5.128320842289553e-05,0.9998974335831542,0.00017537586564445458,0.9996310583176953,0.0010738848839628755,0.9974832885497695,0.015208297130061462,0.9509660953795883
18.38,9.496662929293412e-06,0.9999819052663901,5.1027432353820285e-05,0.9998979451352924,0.00017454866464041268,0.9996328079371093,0.001069401485363595,0.9974940049663821,0.01516542269089862,0.9511179638928196
18.389999999999997,9.44672863565299e-06,0.9999819999831273,5.0772931973211665e-05,0.9998984541360536,0.00017372533960965822,0.999634549303908,0.0010649363318072046,0.9975046766402936,0.0151226512151771,0.9512694041766178
18.4,9.397058290252955e-06,0.9999820942018426,5.051970091854671e-05,0.9998989605981629,0.00017290587254065453,0.9996362824567613,0.0010604893515826798,0.997515303753596,0.015079982533063498,0.9514204172597684
18.41,9.347650489118798e-06,0.9999821879251684,5.026773285903595e-05,0.9998994645342819,0.00017209024550467688,0.999638007434159,0.0010560604732470344,0.9975258864876649,0.015037416474642925,0.951571004169358
18.419999999999998,9.298503835800115e-06,0.9999822811557229,5.001702149546487e-05,0.999899965957009,0.00017127844065543821,0.9996397242744121,0.001051649625624389,0.9975364250231632,0.014994952869921406,0.9517211659307736
18.43,9.249616941330007e-06,0.9999823738961109,4.9767560560036147e-05,0.99990046487888,0.00017047044022871192,0.9996414330156534,0.0010472567378050526,0.9975469195400434,0.014952591548827832,0.9518709035677019
18.439999999999998,9.200988424184607e-06,0.9999824661489229,4.951934381621357e-05,0.9999009613123676,0.000169666226541964,0.999643133695839,0.0010428817391446056,0.9975573702175499,0.01491033234121655,0.9520202181021284
18.45,9.152616910242764e-06,0.9999825579167361,4.927236505856545e-05,0.9999014552698828,0.00016886578199397907,0.9996448263527481,0.0010385245592629696,0.9975677772342222,0.014868175076869238,0.9521691105543372
18.459999999999997,9.104501032746165e-06,0.9999826492021133,4.902661811261015e-05,0.9999019467637748,0.00016806908906449392,0.9996465110239843,0.0010341851280435191,0.9975781407678973,0.014826119585497316,0.952317581942909
18.47,9.056639432259301e-06,0.9999827400076042,4.8782096834661046e-05,0.9999024358063306,0.00016727613031382934,0.9996481877469766,0.0010298633756321406,0.9975884609957123,0.014784165696744084,0.9524656332847226
18.48,9.009030756630114e-06,0.999982830335745,4.853879511167355e-05,0.9999029224097766,0.00016648688838252442,0.99964985655898,0.0010255592324363515,0.9975987380941073,0.014742313240186884,0.9526132655949514
18.49,8.961673660950497e-06,0.999982920189058,4.8296706861092e-05,0.9999034065862779,0.00016570134599097475,0.999651517497076,0.0010212726291243728,0.9976089722388273,0.014700562045339309,0.9527604798870652
18.5,8.914566807517088e-06,0.9999830095700524,4.805582603069734e-05,0.9999038883479386,0.00016491948593906603,0.9996531705981743,0.0010170034966242396,0.9976191636049258,0.01465891194165327,0.9529072771728286
18.509999999999998,8.867708865792462e-06,0.9999830984812239,4.781614659845645e-05,0.9999043677068031,0.0001641412911058182,0.9996548158990123,0.001012751766122898,0.9976293123667664,0.014617362758521317,0.9530536584623002
18.52,8.821098512366256e-06,0.999983186925055,4.757766257237086e-05,0.9999048446748553,0.00016336674444902274,0.9996564534361569,0.0010085173690652998,0.9976394186980263,0.014575914325278579,0.953199624763832
18.529999999999998,8.774734430916788e-06,0.9999832749040151,4.734036799032767e-05,0.9999053192640194,0.00016259582900488782,0.9996580832460052,0.0010043002371535237,0.9976494827716982,0.014534566471205051,0.9533451770840696
18.54,8.728615312172613e-06,0.9999833624205602,4.7104256919949794e-05,0.9999057914861601,0.00016182852788768,0.9996597053647848,0.0010001003023458624,0.997659504760093,0.014493319025527559,0.9534903164279509
18.549999999999997,8.682739853874535e-06,0.9999834494771335,4.686932345844835e-05,0.9999062613530831,0.00016106482428937253,0.9996613198285548,0.0009959174968559546,0.9976694848348429,0.014452171817422038,0.9536350437987055
18.56,8.637106760737646e-06,0.9999835360761651,4.66355617324744e-05,0.9999067288765351,0.00016030470147929054,0.9996629266732066,0.0009917517531518778,0.9976794231669027,0.014411124676015422,0.9537793601978548
18.57,8.591714744413638e-06,0.9999836222200723,4.64029658979727e-05,0.999907194068204,0.00015954814280376125,0.9996645259344648,0.0009876030039552817,0.9976893199265542,0.01437017743038796,0.9539232666252118
18.58,8.546562523453395e-06,0.9999837079112593,4.6171530140035355e-05,0.99990765693972,0.0001587951316857641,0.9996661176478878,0.0009834711822404973,0.9976991752834068,0.014329329909575078,0.9540667640788787
18.59,8.50164882326961e-06,0.9999837931521178,4.5941248672756194e-05,0.9999081175026545,0.00015804565162458187,0.9996677018488687,0.0009793562212336592,0.9977089894064013,0.014288581942569555,0.9542098535552492
18.599999999999998,8.456972376099804e-06,0.9999838779450266,4.5712115739086716e-05,0.9999085757685219,0.00015729968619545624,0.9996692785726357,0.0009752580544118294,0.9977187624638121,0.014247933358323507,0.954352536049006
18.61,8.412531920969414e-06,0.999983962292352,4.548412561069147e-05,0.9999090317487787,0.00015655721904924075,0.9996708478542535,0.0009711766155021227,0.9977284946232492,0.014207383985750516,0.9544948125531213
18.619999999999997,8.368326203655156e-06,0.9999840461964475,4.5257272587805535e-05,0.9999094854548244,0.00015581823391205867,0.9996724097286234,0.0009671118384808437,0.9977381860516616,0.01416693365372755,0.9546366840588563
18.63,8.324353976648469e-06,0.9999841296596543,4.5031550999091374e-05,0.9999099368980018,0.00015508271458496086,0.9996739642304844,0.0009630636575726073,0.9977478369153392,0.014126582191097062,0.9547781515557605
18.639999999999997,8.280613999119406e-06,0.9999842126843012,4.480695520149766e-05,0.999910386089597,0.00015435064494358577,0.999675511394414,0.000959032007249478,0.9977574473799151,0.014086329426668974,0.9549192160316721
18.65,8.237105036880402e-06,0.9999842952727044,4.4583479580117606e-05,0.9999108330408397,0.0001536220089378195,0.9996770512548288,0.000955016822230111,0.9977670176103686,0.01404617518922263,0.9550598784727171
18.66,8.193825862350502e-06,0.999984377427168,4.4361118548049115e-05,0.9999112777629039,0.00015289679059146035,0.999678583845985,0.0009510180374788827,0.9977765477710272,0.014006119307508842,0.9552001398633091
18.669999999999998,8.15077525451966e-06,0.9999844591499835,4.4139866546254876e-05,0.9999117202669074,0.00015217497400188195,0.9996801092019797,0.0009470355882050444,0.9977860380255696,0.013966161610251838,0.9553400011861489
18.68,8.107951998913195e-06,0.9999845404434308,4.3919718043423166e-05,0.9999121605639132,0.0001514565433396985,0.9996816273567515,0.0009430694098618555,0.9977954885370277,0.013926301926151236,0.9554794634222247
18.689999999999998,8.065354887556633e-06,0.9999846213097773,4.370066753583011e-05,0.9999125986649283,0.00015074148284843333,0.9996831383440804,0.0009391194381457399,0.9978048994677889,0.013886540083883993,0.9556185275508113
18.7,8.022982718940444e-06,0.9999847017512784,4.348270954720145e-05,0.9999130345809056,0.0001500297768441863,0.99968464219759,0.0009351856089954276,0.9978142709795992,0.013846875912106309,0.9557571945494706
18.709999999999997,7.980834297985304e-06,0.9999847817701775,4.326583862857628e-05,0.9999134683227429,0.00014932140971530517,0.9996861389507469,0.0009312678585911189,0.9978236032335647,0.013807309239455652,0.9558954653940506
18.72,7.938908436007246e-06,0.9999848613687062,4.305004935817017e-05,0.9999138999012837,0.00014861636592205566,0.9996876286368621,0.0009273661233536271,0.9978328963901548,0.013767839894552545,0.9560333410586855
18.73,7.89720395068322e-06,0.9999849405490842,4.283533634124021e-05,0.9999143293273175,0.0001479146299962965,0.9996891112890915,0.0009234803399435445,0.9978421506092044,0.013728467706002627,0.9561708225157961
18.74,7.855719666016716e-06,0.9999850193135192,4.2621694209949865e-05,0.9999147566115801,0.0001472161865411532,0.9996905869404369,0.0009196104452604028,0.9978513660499161,0.013689192502398508,0.9563079107360888
18.75,7.81445441230361e-06,0.9999850976642076,4.240911762323458e-05,0.9999151817647536,0.0001465210202306926,0.9996920556237462,0.000915756376441828,0.9978605428708626,0.013650014112321536,0.9564446066885559
18.759999999999998,7.773407026098254e-06,0.9999851756033337,4.2197601266668754e-05,0.9999156047974667,0.00014582911580960305,0.9996935173717145,0.0009119180708627179,0.9978696812299891,0.013610932364343888,0.9565809113404754
18.77,7.7325763501796e-06,0.9999852531330704,4.1987139852332314e-05,0.9999160257202954,0.000145140458092871,0.9996949722168847,0.0009080954661343969,0.9978787812846159,0.013571947087030238,0.9567168256574116
18.779999999999998,7.691961233517741e-06,0.9999853302555792,4.177772811867909e-05,0.9999164445437626,0.00014445503196546287,0.9996964201916483,0.000904288500103797,0.9978878431914407,0.013533058108939762,0.9568523506032135
18.79,7.65156053124034e-06,0.9999854069730099,4.156936083040469e-05,0.9999168612783392,0.00014377282238200572,0.9996978613282458,0.0009004971108526289,0.9978968671065406,0.013494265258627966,0.9569874871400162
18.799999999999997,7.611373104599562e-06,0.9999854832875008,4.136203277831619e-05,0.9999172759344434,0.00014309381436647173,0.9996992956587678,0.0008967212366965556,0.9979058531853747,0.013455568364648436,0.9571222362282406
18.81,7.5713978209389015e-06,0.999985559201179,4.115573877920135e-05,0.9999176885224416,0.00014241799301186074,0.9997007232151554,0.0008929608161843668,0.9979148015827867,0.01341696725555477,0.9572565988265922
18.82,7.531633553660393e-06,0.9999856347161605,4.0950473675699514e-05,0.9999180990526486,0.00014174534347988874,0.9997021440292008,0.0008892157880971678,0.9979237124530065,0.01337846175990233,0.9573905758920631
18.83,7.49207918219191e-06,0.9999857098345498,4.074623233617249e-05,0.9999185075353276,0.00014107585100067374,0.9997035581325484,0.0008854860914475608,0.9979325859496533,0.01334005170625013,0.9575241683799303
18.84,7.452733591954592e-06,0.9999857845584401,4.0543009654575995e-05,0.9999189139806909,0.00014040950087242435,0.9997049655566953,0.0008817716654788251,0.9979414222257377,0.013301736923162513,0.9576573772437567
18.849999999999998,7.4135956743306e-06,0.9999858588899139,4.034080055033256e-05,0.9999193183988994,0.00013974627846113192,0.9997063663329916,0.000878072449664111,0.9979502214336634,0.013263517239211084,0.9577902034353907
18.86,7.37466432663091e-06,0.9999859328310422,4.013959996820389e-05,0.9999197208000636,0.00013908616920025907,0.9997077604926417,0.0008743883837056274,0.9979589837252304,0.013225392482976375,0.9579226479049665
18.869999999999997,7.335938452063373e-06,0.9999860063838854,3.9939402878165106e-05,0.9999201211942437,0.00013842915859043576,0.9997091480667044,0.0008707194075338402,0.9979677092516368,0.013187362483049712,0.9580547116009045
18.88,7.297416959700822e-06,0.9999860795504926,3.974020427527838e-05,0.9999205195914495,0.00013777523219915143,0.9997105290860943,0.0008670654613066589,0.9979763981634809,0.01314942706803483,0.9581863954699107
18.889999999999997,7.259098764449562e-06,0.9999861523329022,3.9541999179568416e-05,0.9999209160016409,0.00013712437566045223,0.9997119035815812,0.0008634264854086459,0.9979850506107639,0.01311158606654982,0.958317700456977
18.9,7.220982787017795e-06,0.9999862247331419,3.934478263589735e-05,0.9999213104347282,0.00013647657467463645,0.9997132715837926,0.0008598024204502085,0.9979936667428921,0.013073839307228701,0.9584486275053822
18.91,7.183067953884424e-06,0.9999862967532284,3.914854971384139e-05,0.9999217029005724,0.00013583181500795443,0.9997146331232125,0.0008561932072668055,0.9980022467086789,0.013036186618723224,0.958579177556691
18.919999999999998,7.145353197267876e-06,0.9999863683951679,3.895329550756733e-05,0.9999220934089849,0.0001351900824923081,0.9997159882301833,0.0008525987869181557,0.9980107906563469,0.012998627829704597,0.958709351550755
18.93,7.1078374550951396e-06,0.9999864396609557,3.8759015135709715e-05,0.9999224819697285,0.00013455136302495093,0.9997173369349058,0.0008490191006874395,0.9980192987335309,0.01296116276886518,0.9588391504257123
18.939999999999998,7.070519670971071e-06,0.9999865105525768,3.8565703741249256e-05,0.9999228685925176,0.0001339156425681919,0.9997186792674404,0.0008454540900805185,0.9980277710872794,0.012923791264920215,0.9589685751179884
18.95,7.033398794147652e-06,0.9999865810720056,3.83733564913909e-05,0.9999232532870173,0.0001332829071490982,0.9997200152577073,0.0008419036968251364,0.998036207864057,0.012886513146609407,0.9590976265622961
18.959999999999997,6.996473779493715e-06,0.9999866512212056,3.81819685774435e-05,0.9999236360628451,0.00013265314285920062,0.9997213449354871,0.0008383678628701477,0.9980446092097469,0.012849328242698781,0.9592263056916353
18.97,6.959743587464439e-06,0.9999867210021305,3.799153521469913e-05,0.9999240169295706,0.0001320263358542006,0.9997226683304221,0.0008348465303847267,0.9980529752696526,0.012812236381982233,0.9593546134372941
18.98,6.923207184071475e-06,0.9999867904167233,3.780205164231384e-05,0.9999243958967153,0.0001314024723536767,0.9997239854720159,0.0008313396417575936,0.9980613061885008,0.012775237393283213,0.9594825507288485
18.99,6.886863540852826e-06,0.9999868594669167,3.761351312318854e-05,0.9999247729737536,0.00013078153864079533,0.9997252963896351,0.0008278471395962338,0.9980696021104427,0.01273833110545642,0.9596101184941627
19.0,6.850711634843098e-06,0.9999869281546332,3.742591494385029e-05,0.9999251481701124,0.00013016352106201906,0.9997266011125092,0.0008243689667261189,0.998077863179057,0.012701517347389349,0.9597373176593901
19.009999999999998,6.814750448543938e-06,0.9999869964817851,3.723925241433497e-05,0.9999255214951713,0.00012954840602682027,0.9997278996697315,0.0008209050661899509,0.9980860895373516,0.0126647959480041,0.9598641491489727
19.02,6.7789789698944525e-06,0.9999870644502745,3.705352086806949e-05,0.9999258929582638,0.00012893618000739255,0.9997291920902598,0.0008174553812468675,0.998094281327766,0.012628166736258757,0.9599906138856422
19.029999999999998,6.7433961922420425e-06,0.9999871320619935,3.686871566175565e-05,0.9999262625686764,0.00012832682953836617,0.9997304784029168,0.0008140198553717019,0.9981024386921734,0.01259162954114926,0.96011671279042
19.04,6.708001114313134e-06,0.9999871993188241,3.668483217525354e-05,0.9999266303356495,0.00012772034121652197,0.9997317586363911,0.0008105984322541934,0.9981105617718826,0.012555184191710814,0.9602424467826174
19.049999999999997,6.6727927401842765e-06,0.9999872662226382,3.650186581146654e-05,0.9999269962683771,0.00012711670170051045,0.9997330328192372,0.0008071910557982411,0.9981186507076407,0.012518830517019611,0.9603678167798366
19.06,6.637770079253264e-06,0.9999873327752979,3.63198119962259e-05,0.9999273603760076,0.00012651589771056702,0.9997343009798768,0.0008037976701211357,0.9981267056396346,0.012482568346194321,0.9604928236979707
19.07,6.602932146210495e-06,0.9999873989786555,3.613866617817684e-05,0.9999277226676436,0.00012591791602823392,0.9997355631465991,0.0008004182195528067,0.9981347267074935,0.012446397508397789,0.960617468451204
19.08,6.568277961010455e-06,0.9999874648345534,3.59584238286645e-05,0.9999280831523427,0.00012532274349607938,0.9997368193475612,0.0007970526486350654,0.9981427140502911,0.012410317832838476,0.9607417519520127
19.09,6.533806548843321e-06,0.999987530344824,3.577908044162067e-05,0.9999284418391168,0.00012473036701741899,0.9997380696107891,0.0007937009021208425,0.9981506678065475,0.012374329148772047,0.9608656751111658
19.099999999999998,6.499516940106822e-06,0.9999875955112904,3.560063153345142e-05,0.9999287987369331,0.0001241407735560404,0.9997393139641783,0.000790362924973456,0.9981585881142313,0.012338431285503049,0.9609892388377244
19.11,6.465408170378111e-06,0.9999876603357656,3.542307264292466e-05,0.9999291538547141,0.00012355395013592557,0.9997405524354938,0.0007870386623658461,0.9981664751107621,0.012302624072386265,0.961112444039043
19.119999999999997,6.431479280385929e-06,0.9999877248200534,3.524639933105898e-05,0.9999295072013379,0.00012296988384097877,0.9997417850523713,0.0007837280596798379,0.9981743289330117,0.012266907338828344,0.9612352916207705
19.13,6.397729315982799e-06,0.9999877889659476,3.5070607181012264e-05,0.999929858785638,0.00012238856181475078,0.9997430118423181,0.0007804310625053941,0.9981821497173073,0.012231280914289355,0.9613577824868497
19.139999999999997,6.364157328117505e-06,0.9999878527752329,3.4895691797971736e-05,0.999930208616404,0.00012180997126016902,0.9997442328327125,0.0007771476166398779,0.9981899375994329,0.012195744628284232,0.9614799175395181
19.15,6.3307623728075645e-06,0.9999879162496843,3.472164880904358e-05,0.999930556702382,0.00012123409943926479,0.9997454480508058,0.0007738776680873061,0.9981976927146311,0.012160298310384286,0.961601697679309
19.16,6.297543511111985e-06,0.9999879793910673,3.454847386314407e-05,0.9999309030522737,0.00012066093367290577,0.9997466575237215,0.0007706211630576241,0.9982054151976063,0.012124941790218752,0.9617231238050515
19.169999999999998,6.264499809104122e-06,0.9999880422011383,3.4376162630890604e-05,0.9999312476747382,0.0001200904613405261,0.9997478612784573,0.0007673780479659605,0.9982131051825254,0.01208967489747626,0.9618441968138713
19.18,6.231630337844601e-06,0.9999881046816443,3.4204710804493274e-05,0.999931590578391,0.00011952266987985956,0.9997490593418846,0.0007641482694319011,0.9982207628030207,0.012054497461906196,0.9619649176011917
19.189999999999998,6.198934173354582e-06,0.9999881668343228,3.4034114097647617e-05,0.9999319317718047,0.00011895754678667427,0.9997502517407495,0.0007609317742787599,0.998228388192192,0.012019409313320415,0.9620852870607328
19.2,6.16641039658891e-06,0.9999882286609024,3.386436824542694e-05,0.9999322712635091,0.00011839507961450715,0.9997514385016734,0.0007577285095328446,0.9982359814826077,0.01198441028159443,0.9622053060845142
19.209999999999997,6.134058093409714e-06,0.9999882901631023,3.369546900417624e-05,0.9999326090619917,0.00011783525597440069,0.9997526196511535,0.0007545384224227448,0.998243542806308,0.011949500196669061,0.962324975562854
19.22,6.101876354559833e-06,0.9999883513426328,3.352741215140556e-05,0.9999329451756972,0.00011727806353464018,0.9997537952155635,0.0007513614603785943,0.9982510722948064,0.01191467888855179,0.9624442963843702
19.229999999999997,6.069864275636682e-06,0.9999884122011949,3.3360193485684945e-05,0.9999332796130286,0.00011672349002049315,0.9997549652211539,0.0007481975710313607,0.9982585700790912,0.01187994618731819,0.9625632694359814
19.24,6.03802095706596e-06,0.9999884727404809,3.319380882653892e-05,0.9999336123823469,0.00011617152321394893,0.9997561296940529,0.000745046702212126,0.9982660362896287,0.011845301923113411,0.9626818956029067
19.25,6.006345504075826e-06,0.9999885329621736,3.302825401434241e-05,0.9999339434919713,0.00011562215095345966,0.9997572886602667,0.000741908801951366,0.998273471056364,0.011810745926153499,0.9628001757686677
19.259999999999998,5.97483702667097e-06,0.9999885928679475,3.286352491021653e-05,0.9999342729501796,0.00011507536113368276,0.9997584421456801,0.0007387838184782436,0.9982808745087237,0.011776278026726912,0.9629181108150882
19.27,5.943494639606856e-06,0.9999886524594678,3.2699617395925e-05,0.9999346007652081,0.00011453114170522407,0.9997595901760573,0.0007356717002198887,0.9982882467756176,0.011741898055195826,0.9630357016222953
19.279999999999998,5.9123174623642675e-06,0.999988711738391,3.2536527373771526e-05,0.9999349269452524,0.00011398948067438324,0.9997607327770422,0.0007325723958007025,0.9982955879854408,0.0117076058419976,0.9631529490687198
19.29,5.8813046191237895e-06,0.9999887707063648,3.2374250766496956e-05,0.999935251498467,0.00011345036610289775,0.9997618699741591,0.0007294858540416326,0.9983028982660758,0.011673401217646054,0.963269854031098
19.299999999999997,5.850455238740544e-06,0.9999888293650283,3.221278351717776e-05,0.9999355744329657,0.00011291378610769258,0.9997630017928129,0.0007264120239594879,0.998310177744894,0.011639284012732991,0.963386417384471
19.31,5.819768454719051e-06,0.9999888877160116,3.205212158912419e-05,0.9999358957568217,0.00011237972886062474,0.9997641282582903,0.0007233508547662214,0.9983174265487579,0.011605254057929431,0.9635026400021863
19.32,5.789243405188183e-06,0.9999889457609364,3.189226096577973e-05,0.9999362154780684,0.00011184818258823582,0.99976524939576,0.0007203022958682379,0.9983246448040235,0.011571311183987005,0.9636185227558991
19.33,5.7588792328763455e-06,0.999989003501416,3.1733197650620537e-05,0.9999365336046988,0.0001113191355714997,0.999766365230273,0.0007172662968656959,0.9983318326365416,0.01153745522173935,0.9637340665155718
19.34,5.728675085086612e-06,0.9999890609390546,3.1574927667055314e-05,0.9999368501446659,0.00011079257614557521,0.9997674757867634,0.0007142428075518077,0.9983389901716598,0.011503686002103358,0.9638492721494759
19.349999999999998,5.698630113672271e-06,0.9999891180754482,3.1417447058326354e-05,0.9999371651058834,0.00011026849269955831,0.9997685810900492,0.0007112317779121515,0.9983461175342249,0.011470003356080616,0.9639641405241925
19.36,5.6687434750121734e-06,0.9999891749121846,3.126075188741013e-05,0.9999374784962252,0.00010974687367623589,0.9997696811648321,0.0007082331581239743,0.9983532148485842,0.011436407114758617,0.9640786725046131
19.369999999999997,5.639014329986579e-06,0.9999892314508427,3.110483823691931e-05,0.9999377903235261,0.00010922770757184004,0.9997707760356991,0.0007052468985555137,0.998360282238588,0.011402897109312143,0.9641928689539405
19.38,5.609441843952759e-06,0.9999892876929933,3.0949702209004395e-05,0.999938100595582,0.00010871098293580425,0.9997718657271217,0.0007022729497652952,0.9983673198275912,0.011369473171004521,0.9643067307336899
19.389999999999997,5.580025186721039e-06,0.999989343640199,3.079533992525673e-05,0.9999384093201494,0.00010819668837052102,0.999772950263458,0.0006993112625014665,0.998374327738455,0.01133613513118903,0.9644202587036891
19.4,5.5507635325308065e-06,0.9999893992940138,3.0641747526611066e-05,0.9999387165049468,0.00010768481253109774,0.9997740296689516,0.0006963617877010978,0.9983813060935494,0.011302882821310018,0.9645334537220801
19.41,5.521656060026698e-06,0.9999894546559837,3.0488921173249496e-05,0.9999390221576535,0.00010717534412511823,0.9997751039677334,0.0006934244764895136,0.9983882550147544,0.011269716072904315,0.9646463166453201
19.419999999999998,5.4927019522349104e-06,0.9999895097276462,3.0336857044505273e-05,0.999939326285911,0.00010666827191240176,0.9997761731838214,0.0006904992801796138,0.9983951746234622,0.011236634717602494,0.9647588483281818
19.43,5.463900396539588e-06,0.9999895645105311,3.018555133876716e-05,0.9999396288973225,0.00010616358470476427,0.9997772373411217,0.000687586150271189,0.9984020650405793,0.011203638587130001,0.9648710496237549
19.439999999999998,5.435250584659513e-06,0.9999896190061599,3.0035000273384732e-05,0.9999399299994532,0.00010566127136578079,0.9997782964634284,0.0006846850384502597,0.9984089263865279,0.011170727513308654,0.9649829213834465
19.45,5.406751712624637e-06,0.999989673216046,2.988520008457341e-05,0.9999402295998309,0.0001051613208105491,0.9997793505744249,0.0006817958965883938,0.9984157587812481,0.011137901328057608,0.9650944644569829
19.459999999999997,5.378402980753047e-06,0.9999897271416947,2.9736147027320777e-05,0.9999405277059453,0.00010466372200545425,0.9997803996976837,0.0006789186767420461,0.9984225623441997,0.011105159863394828,0.9652056796924097
19.47,5.350203593627804e-06,0.9999897807846034,2.9587837375292533e-05,0.9999408243252494,0.00010416846396793338,0.9997814438566676,0.0006760533311518863,0.9984293371943638,0.011072502951438178,0.9653165679360932
19.479999999999997,5.322152760074092e-06,0.9999898341462617,2.944026742073976e-05,0.9999411194651585,0.00010367553576624346,0.9997824830747293,0.0006731998122421404,0.9984360834502449,0.01103993042440677,0.9654271300327215
19.49,5.294249693136348e-06,0.9999898872281512,2.92934334744058e-05,0.9999414131330512,0.00010318492651922754,0.9997835173751127,0.0006703580726199143,0.998442801229873,0.011007442114621966,0.9655373668253056
19.5,5.2664936100556355e-06,0.9999899400317456,2.9147331865434402e-05,0.9999417053362691,0.00010269662539608478,0.9997845467809534,0.0006675280650745513,0.9984494906508042,0.010975037854508849,0.9656472791551796
19.509999999999998,5.238883732247044e-06,0.9999899925585107,2.9001958941277783e-05,0.9999419960821174,0.00010221062161613994,0.9997855713152785,0.0006647097425769627,0.9984561518301245,0.010942717476597258,0.965756867862003
19.52,5.2114192852772815e-06,0.9999900448099049,2.8857311067605165e-05,0.9999422853778648,0.00010172690444861246,0.9997865910010078,0.0006619030582789722,0.9984627848844497,0.010910480813522985,0.9658661337837608
19.529999999999998,5.184099498842348e-06,0.9999900967873786,2.8713384628212273e-05,0.9999425732307435,0.00010124546321239118,0.9997876058609538,0.000659107965512666,0.9984693899299285,0.010878327698029001,0.9659750777567654
19.54,5.15692360674535e-06,0.9999901484923746,2.8570176024930525e-05,0.9999428596479502,0.00010076628727580397,0.999788615917823,0.0006563244177897364,0.9984759670822435,0.010846257962966628,0.9660837006156563
19.549999999999997,5.129890846874415e-06,0.9999901999263279,2.8427681677537484e-05,0.9999431446366449,0.00010028936605639478,0.9997896211942151,0.000653552368800839,0.9984825164566135,0.01081427144129669,0.9661920031934027
19.56,5.10300046118075e-06,0.9999902510906661,2.8285898023666938e-05,0.9999434282039527,9.981468902069547e-05,0.9997906217126247,0.0006507917724149343,0.9984890381677949,0.010782367966090702,0.9662999863213038
19.57,5.076251695656818e-06,0.9999903019868092,2.814482151872021e-05,0.9999437103569626,9.934224568400387e-05,0.9997916174954412,0.0006480425826786514,0.9984955323300838,0.010750547370531953,0.96640765082899
19.58,5.04964380031461e-06,0.9999903526161695,2.800444863577738e-05,0.9999439911027285,9.887202561016001e-05,0.9997926085649492,0.0006453047538156439,0.998501999057318,0.010718809487916776,0.9665149975444242
19.59,5.023176029164027e-06,0.9999904029801523,2.786477586550896e-05,0.999944270448269,9.840401841132318e-05,0.9997935949433296,0.0006425782402259406,0.9985084384628777,0.010687154151655493,0.9666220272939028
19.599999999999998,4.996847640191452e-06,0.9999904530801548,2.7725799716088517e-05,0.9999445484005678,9.793821374775239e-05,0.9997945766526593,0.000639862996485315,0.9985148506596886,0.010655581195273779,0.9667287409020568
19.61,4.9706578953383235e-06,0.9999905029175672,2.7587516713104983e-05,0.9999448249665738,9.747460132758466e-05,0.999795553714912,0.0006371589773446446,0.9985212357602228,0.010624090452413566,0.9668351391918534
19.619999999999997,4.9446060604799725e-06,0.9999905524937723,2.7449923399476173e-05,0.999945100153201,9.701317090661705e-05,0.9997965261519591,0.0006344661377292753,0.9985275938765006,0.010592681756834305,0.9669412229845961
19.63,4.91869140540438e-06,0.9999906018101457,2.731301633536199e-05,0.9999453739673293,9.655391228808781e-05,0.9997974939855695,0.0006317844327383877,0.9985339251200928,0.010561354942413967,0.9670469930999273
19.639999999999997,4.8929132037912574e-06,0.9999906508680553,2.717679209807879e-05,0.9999456464158039,9.609681532246018e-05,0.9997984572374105,0.0006291138176443726,0.9985402296021216,0.010530109843150268,0.9671524503558282
19.65,4.867270733191078e-06,0.9999906996688622,2.7041247282013453e-05,0.9999459175054359,9.564186990720466e-05,0.9997994159290478,0.0006264542478921901,0.9985465074332635,0.010498946293161601,0.9672575955686211
19.66,4.841763275004335e-06,0.99999074821392,2.6906378498538568e-05,0.9999461872430029,9.518906598658535e-05,0.9998003700819469,0.0006238056790987555,0.9985527587237494,0.010467864126688247,0.9673624295529698
19.669999999999998,4.816390114460844e-06,0.9999907965045753,2.677218237592757e-05,0.9999464556352482,9.473839355144492e-05,0.9998013197174724,0.0006211680670523066,0.9985589835833678,0.010436863178093423,0.9674669531218811
19.68,4.7911505405991425e-06,0.9999908445421676,2.6638655559270305e-05,0.9999467226888814,9.428984263899117e-05,0.9998022648568896,0.000618541367711781,0.998565182121466,0.010405943281864284,0.9675711670867062
19.689999999999998,4.766043846246103e-06,0.9999908923280291,2.65057947103895e-05,0.9999469884105793,9.384340333258572e-05,0.9998032055213639,0.0006159255372062038,0.9985713544469516,0.010375104272613084,0.9676750722571417
19.7,4.74106932799652e-06,0.9999909398634851,2.6373596507756923e-05,0.9999472528069845,9.339906576153126e-05,0.9998041417319621,0.000613320531834055,0.998577500668294,0.010344345985078093,0.9677786694412308
19.709999999999997,4.71622628619294e-06,0.9999909871498539,2.624205764641071e-05,0.9999475158847072,9.295682010086281e-05,0.9998050735096522,0.0006107263080626681,0.9985836208935268,0.010313668254124855,0.9678819594453651
19.72,4.691514024905488e-06,0.9999910341884468,2.6111174837872385e-05,0.9999477776503243,9.251665657113635e-05,0.9998060008753045,0.0006081428225276023,0.9985897152302493,0.010283070914746973,0.9679849430742853
19.729999999999997,4.666931851911909e-06,0.999991080980568,2.5980944810065012e-05,0.9999480381103799,9.2078565438222e-05,0.9998069238496916,0.0006055700320320391,0.9985957837856275,0.010252553802067361,0.9680876211310824
19.74,4.642479078677581e-06,0.9999911275275152,2.585136430723102e-05,0.9999482972713856,9.164253701309544e-05,0.999807842453489,0.0006030078935461679,0.9986018266663966,0.010222116751339091,0.9681899944171998
19.75,4.618155020335795e-06,0.9999911738305787,2.5722430089851136e-05,0.9999485551398203,9.120856165163202e-05,0.9998087567072754,0.0006004563642065767,0.9986078439788623,0.010191759597946557,0.9682920637324336
19.759999999999998,4.59395899566804e-06,0.9999912198910423,2.5594138934563255e-05,0.9999488117221309,9.077662975440055e-05,0.9998096666315335,0.0005979154013156509,0.9986138358289022,0.010161482177406433,0.9683938298749348
19.77,4.569890327084386e-06,0.999991265710183,2.546648763408172e-05,0.9999490670247319,9.034673176645822e-05,0.9998105722466502,0.0005953849623409599,0.9986198023219682,0.010131284325368552,0.96849529364121
19.779999999999998,4.545948340604054e-06,0.9999913112892711,2.5339472997117465e-05,0.9999493210540058,8.991885817714812e-05,0.9998114735729169,0.0005928650049146637,0.9986257435630875,0.010101165877617163,0.9685964558261231
19.79,4.522132365836001e-06,0.99999135662957,2.521309184829786e-05,0.9999495738163034,8.949299951989456e-05,0.9998123706305302,0.0005903554868329038,0.9986316596568644,0.01007112667007163,0.9686973172228964
19.799999999999997,4.498441735959712e-06,0.9999914017323362,2.5087341028087685e-05,0.9999498253179439,8.906914637200243e-05,0.9998132634395923,0.0005878563660552147,0.9986375507074818,0.010041166538787625,0.9687978786231121
19.81,4.474875787705967e-06,0.9999914465988202,2.4962217392709803e-05,0.9999500755652145,8.864728935445504e-05,0.9998141520201114,0.0005853676007039178,0.9986434168187035,0.010011285319958015,0.9688981408167137
19.82,4.451433861337807e-06,0.9999914912302654,2.4837717814066856e-05,0.9999503245643718,8.82274191317155e-05,0.999815036392002,0.0005828891490635324,0.998649258093875,0.009981482849913834,0.9689981045920072
19.83,4.428115300631637e-06,0.9999915356279088,2.4713839179662936e-05,0.9999505723216406,8.780952641152547e-05,0.9998159165750856,0.0005804209695801829,0.9986550746359253,0.009951758965125254,0.9690977707356628
19.84,4.404919452858261e-06,0.9999915797929805,2.4590578392525647e-05,0.9999508188432149,8.7393601944708e-05,0.9998167925890911,0.0005779630208610015,0.9986608665473691,0.00992211350220251,0.969197140032716
19.849999999999998,4.381845668764239e-06,0.9999916237267047,2.446793237112897e-05,0.9999510641352577,8.697963652497008e-05,0.9998176644536547,0.0005755152616735524,0.9986666339303076,0.009892546297896897,0.9692962132665688
19.86,4.358893302553142e-06,0.9999916674302985,2.4345898049315906e-05,0.9999513082039013,8.656762098870547e-05,0.9998185321883212,0.0005730776509452294,0.9986723768864307,0.009863057189101637,0.9693949912189922
19.869999999999997,4.3360617118671055e-06,0.9999917109049733,2.422447237622213e-05,0.9999515510552476,8.615754621479938e-05,0.9998193958125436,0.0005706501477626876,0.9986780955170184,0.009833646012852918,0.969493474670126
19.88,4.3133502577682796e-06,0.9999917541519333,2.410365231619941e-05,0.9999517926953676,8.574940312443331e-05,0.9998202553456844,0.000568232711371245,0.9986837899229419,0.009804312606330688,0.9695916643984817
19.889999999999997,4.290758304720562e-06,0.9999917971723767,2.3983434848740038e-05,0.9999520331303026,8.534318268089188e-05,0.999821110807015,0.0005658253011743134,0.9986894602046663,0.009775056806859682,0.9696895611809427
19.9,4.268285220571285e-06,0.9999918399674956,2.3863816968400982e-05,0.9999522723660632,8.493887588936861e-05,0.9998219622157168,0.0005634278767328109,0.9986951064622512,0.009745878451910264,0.9697871657927672
19.91,4.245930376533126e-06,0.9999918825384754,2.3744795684729044e-05,0.9999525104086305,8.453647379677462e-05,0.9998228095908818,0.0005610403977645936,0.9987007287953525,0.009716777379099348,0.9698844790075882
19.919999999999998,4.223693147166022e-06,0.9999919248864952,2.3626368022185972e-05,0.9999527472639557,8.413596749154713e-05,0.9998236529515121,0.0005586628241438725,0.9987063273032244,0.00968775342619136,0.9699815015974156
19.93,4.201572910359184e-06,0.9999919670127282,2.3508531020073958e-05,0.9999529829379599,8.373734810345866e-05,0.9998244923165214,0.0005562951159006433,0.99871190208472,0.009658806431098992,0.970078234332638
19.939999999999998,4.179569047313326e-06,0.9999920089183413,2.3391281732461887e-05,0.9999532174365351,8.334060680342783e-05,0.9998253277047344,0.0005539372332201165,0.9987174532382942,0.009629936231884234,0.9701746779820237
19.95,4.1576809425228155e-06,0.999992050604495,2.3274617228111386e-05,0.9999534507655438,8.294573480333001e-05,0.9998261591348884,0.0005515891364421444,0.9987229808620041,0.009601142666759129,0.9702708333127226
19.959999999999997,4.1359079837580576e-06,0.999992092072344,2.315853459040385e-05,0.9999536829308192,8.25527233558109e-05,0.9998269866256324,0.000549250786060661,0.9987284850535111,0.009572425574086751,0.9703667010902671
19.97,4.114249562047927e-06,0.9999921333230365,2.3043030917267206e-05,0.9999539139381655,8.216156375409701e-05,0.9998278101955284,0.0005469221427231058,0.9987339659100821,0.009543784792381969,0.9704622820785742
19.979999999999997,4.092705071662274e-06,0.999992174357715,2.292810332110369e-05,0.9999541437933578,8.177224733181231e-05,0.9998286298630513,0.0005446031672298693,0.9987394235285916,0.009515220160312384,0.9705575770399468
19.99,4.071273910094559e-06,0.9999922151775157,2.281374892871734e-05,0.9999543725021426,8.138476546279018e-05,0.9998294456465902,0.0005422938205337256,0.9987448580055227,0.009486731516699107,0.9706525867350753
20.0,4.049955478044562e-06,0.999992255783569,2.2699964881242424e-05,0.9999546000702375,8.099910956089119e-05,0.9998302575644472,0.0005399940637392741,0.9987502694369687,0.00945831870051767,0.9707473119230389
